Height;1;2;3;4;5;6;7;8;9;10;11;12;13;14;15;16;17;18;19;20;21;22;23;24;25
101;1835959;1729875;1754250;1706875;1692584;1442417;1409334;1412833;1397667;1232541;1217209;1206625;1211291;1206209;1080333;1071125;1070375;1069208;1072583;1026041;961167;963000;964334;960208;960333
103;1182041;1158250;1153959;1150667;1130166;1063500;1064875;1062750;1064625;1059208;1021542;995042;996125;1000500;1000750;997834;964375;948500;958959;953250;948417;952708;931792;908833;906125
103;1411750;1402833;1367667;1354334;1348083;1350041;1344166;1306166;1304958;1299083;1283625;1284000;1285500;1282458;1285125;1287416;1282583;1285625;1289375;1281542;1286750;1281792;1285000;1286166;1323666
105;1042792;1033792;1031541;1030625;1034500;1031459;1029875;1030833;1028792;1032833;1039250;1028333;1028625;1028375;1033958;1031042;1029875;1027500;1022709;1050834;1063625;1026542;1032000;1026542;1024125
105;928500;927083;923541;921500;922792;922167;923500;923709;919000;920375;928834;919833;924541;922208;927834;925041;920208;918333;921416;918375;918833;925166;923416;921000;919417
107;784583;773375;777667;773250;775875;769625;769042;770084;770583;770625;769333;769542;771500;769958;769958;787750;775625;775500;683916;682333;705666;711750;693583;705875;710833
107;1103959;1090000;1097333;1102500;1093084;1106875;1089083;1101000;1102917;1123541;1112042;1093250;1102625;1096792;1094750;1098000;1092000;1090708;1104583;1101875;1104083;1100166;1106083;1108000;1103958
109;1022292;1043625;1034125;1037125;1018791;1030208;1026375;1039042;1022250;1034333;1030875;1031875;1049500;1038000;1019625;1035708;1018916;1020916;1050333;1022583;1032875;1034375;1030375;1023542;1039334
109;1003750;1025250;1029500;1022208;1054750;1030625;1030042;1031000;1035125;1042375;1025916;1025083;1038583;1041541;1037291;1031083;1037833;1037208;1041166;1028416;1039875;1030000;1029834;1050250;1025917
111;1112959;1089750;1102875;1109417;1109541;1104292;1090458;1096916;1125875;1097084;1113250;1104125;1100708;1110042;1129959;1090708;1094292;1106125;1117667;1106209;1098584;1098209;1105459;1113334;1097209
111;982375;941792;958333;1002417;952666;950125;954625;949500;953500;945584;960500;952458;954958;957250;956542;958125;963291;958750;959542;950375;952584;971417;958833;953250;958833
113;1144083;1164375;1151958;1165792;1172500;1150667;1170459;1153584;1159584;1156125;1165541;1160959;1149334;1168042;1147500;1154708;1170292;1158125;1153833;1162417;1164542;1152625;1167500;1166292;1153291
113;612333;623708;634583;631333;630791;626708;639958;635750;626584;620375;618833;637125;618791;627000;623750;637042;624416;622792;625542;633500;606000;622375;636042;618500;627542
115;1511167;1492208;1486417;1505958;1490792;1478833;1496834;1474875;1508875;1478542;1497750;1482750;1504667;1488583;1506166;1476833;1491625;1487917;1495208;1490666;1487542;1493167;1493584;1488250;1486209
115;1314833;1308959;1307791;1305125;1321792;1302417;1298917;1315042;1326875;1339208;1345666;1336291;1348417;1357375;1341250;1347458;1353833;1343167;1373042;1363209;1357375;1359375;1377166;1365875;1367917
117;1109875;1129208;1118917;1133833;1132416;1112500;1123709;1120333;1139750;1120708;1123541;1126291;1134291;1128583;1123708;1125792;1135584;1122584;1132125;1140500;1141209;1117208;1131750;1135584;1118292
117;1570709;1559916;1560542;1554667;1559667;1558916;1572541;1564625;1575083;1547750;1561917;1571834;1559833;1561084;1563500;1566000;1561792;1554500;1559875;1568834;1563750;1561834;1581667;1565584;1562208
119;1186500;1185250;1177916;1172791;1167417;1178792;1170208;1177875;1180166;1177834;1181458;1174666;1163416;1181125;1188916;1170000;1180666;1172667;1182333;1181750;1173500;1175042;1178334;1167083;1191125
119;1912167;1945083;1924542;1911500;1912292;1912917;1924834;1918959;1912209;1914500;1904000;1915125;1921458;1930667;1904667;1919459;1924708;1916416;1912667;1919834;1922833;1911000;1928375;1911458;1919959
121;1982417;1976541;1968208;1967125;1978666;1963458;1968666;1969416;1969500;1964250;1968375;1983875;1971584;1977000;1972875;1984667;1993042;1969833;1970375;1981542;1984875;1973250;1996208;1965458;1976000
121;1389584;1399375;1391458;1408833;1367667;1388666;1390916;1397875;1384750;1388833;1398125;1382042;1388459;1383625;1393292;1385500;1393625;1394708;1394834;1406792;1391750;1381375;1301750;1294417;1305708
123;1084042;1034209;1016125;1027333;1025500;1057416;1042125;1040625;1047292;1063292;1040375;1052917;1055958;1063500;1055750;1063625;1058500;1065375;1064084;1055458;1058875;1066375;1060958;1066709;1074167
123;1290292;1320750;1290916;1310417;1293167;1284708;1303667;1296167;1303917;1293333;1289167;1295958;1295542;1299584;1291917;1297917;1300459;1290792;1303250;1293958;1294250;1293583;1300333;1305959;1290125
125;1743042;1720291;1736958;1735583;1740125;1734708;1733292;1731084;1718375;1734750;1721625;1748417;1715584;1726500;1726250;1747125;1724084;1728167;1729375;1711167;1742833;1716708;1753459;1722542;1725875
125;1876167;1874334;1862333;1896291;1864541;1865083;1869709;1863875;1888167;1867458;1862334;1859917;1864167;1861334;1875625;1880917;1876042;1860875;1872167;1860917;1872708;1867625;1851459;1864084;1881209
127;1318917;1340917;1350125;1325125;1348125;1353084;1333459;1337792;1338250;1340166;1332417;1365708;1336917;1329333;1351666;1330292;1341292;1337083;1329541;1336458;1342208;1347541;1336458;1340875;1330750
127;1603834;1610750;1633250;1620125;1609333;1610375;1607750;1603791;1632542;1612625;1598584;1607875;1599917;1631125;1606333;1614833;1614416;1606708;1617708;1605666;1615708;1618917;1615750;1607042;1600292
129;1122917;1109791;1098625;1122042;1104709;1096917;1106375;1100916;1101458;1105167;1099833;1107250;1111583;1093667;1100708;1097250;1098500;1109250;1102792;1100167;1098583;1117667;1105917;1095250;1102000
129;2253208;2247750;2279125;2262083;2265416;2261125;2263875;2245458;2270292;2253834;2270542;2250000;2257583;2204500;2143084;2147542;2156709;2144417;2134791;2178833;2200916;2209792;2201625;2217458;2208458
131;1818750;1854375;1846333;1871000;1853417;1877125;1858833;1849500;1846958;1865708;1873250;1864333;1887500;1873041;1864375;1866291;1870500;1875541;1855750;1869375;1887292;1893667;1868917;2013333;2008708
131;2413000;2303667;2243833;2272041;2251958;2266000;2271334;2248417;2245875;2264875;2241208;2222542;2280334;2292375;2244334;2232500;2269250;2242292;2252208;2289750;2262875;2247875;2232750;2260708;2249208
133;1651958;1608875;1646334;1650667;1628625;1635542;1632125;1624000;1629292;1630458;1641667;1625875;1641417;1633459;1637000;1671583;1647084;1637375;1631083;1642500;1632041;1648750;1642125;1643083;1640166
133;2105416;2161583;2125125;2121333;2179708;2125208;2131042;2125875;2131750;2108166;2132291;2127333;2140792;2124708;2121708;2128583;2122542;2120250;2121709;2133375;2120750;2135083;2119042;2109750;2131166
135;2183125;2178584;2235542;2194625;2220792;2200875;2193250;2229458;2203917;2201291;2216708;2218041;2209333;2207208;2215041;2198458;2202958;2219375;2226125;2206292;2214917;2203750;2227792;2204875;2222625
135;1164542;1170084;1191584;1171833;1200083;1174292;1175666;1196750;1184292;1196166;1183291;1189125;1201708;1180084;1193375;1178833;1195625;1193000;1182333;1195792;1179917;1183334;1195875;1173834;1186833
137;1864167;1863084;1858333;1864833;1892792;1898750;1909042;1901542;1899584;1913083;1920625;1916583;1931458;1906916;1910750;1921958;1933250;1914042;1921083;1918125;1943333;1922791;1933958;1922000;1917125
137;1557792;1564208;1598041;1574750;1593083;1580125;1567667;1582042;1567917;1598000;1586291;1589375;1580792;1580125;1585459;1599167;1571917;1589792;1582208;1587958;1584459;1571667;1593375;1584875;1585792
139;1546958;1572708;1562833;1555875;1576875;1554875;1569417;1561250;1576084;1571959;1572792;1576125;1576375;1559709;1563125;1559708;1557792;1567792;1568542;1579500;1551417;1568167;1570792;1570416;1570333
139;1424166;1451916;1458083;1481875;1432791;1451333;1456083;1451666;1441416;1451375;1450958;1450750;1455542;1453625;1452583;1452750;1458458;1454333;1453792;1433500;1454916;1447791;1449833;1452625;1453333
141;1499625;1521250;1543750;1504541;1514625;1527750;1520375;1518958;1522500;1519750;1520666;1504666;1522541;1537875;1523250;1519417;1531375;1519041;1519000;1526584;1526333;1520375;1518041;1515125;1530125
141;2303250;2318459;2319250;2315292;2311792;2314833;2315791;2309000;2326292;2310500;2310375;2313333;2314041;2314833;2314416;2313958;2321333;2317250;2310167;2321875;2314209;2316500;2319375;2312375;2317792
143;1919541;1940083;1887792;1902708;1930541;1974083;1953583;1963291;1956458;1981750;2000042;1992250;1999667;1995417;2009417;2005459;1999084;2002917;2008875;2007459;2003167;2011875;2005916;2014083;2008875
143;2413333;2386792;2400834;2385500;2388292;2386959;2385166;2381250;2389167;2390459;2390375;2394125;2385084;2381375;2378958;2388291;2386958;2382542;2382417;2374792;2385333;2398541;2384250;2388042;2385292
145;2356500;2383875;2391583;2385125;2384583;2392625;2389833;2389583;2387958;2381042;2390250;2392542;2384875;2380084;2388792;2388833;2387583;2381792;2381209;2396667;2396042;2392750;2381958;2381208;2397125
145;1925917;1971000;1963792;1958250;1959083;1964375;1957542;1951292;1954750;1960042;1956083;1960458;1960292;1953417;1958792;1967334;1957958;1961458;1961500;1964375;1962291;1963250;1966042;1954125;1961542
147;1890834;1890416;1886250;1912708;1877417;1890875;1881333;1888000;1885834;1890375;1882667;1884459;1899500;1885125;1889166;1894208;1889792;1883250;1888208;1884833;1892125;1891708;1881666;1888250;1886333
147;1978666;1982833;2024042;1998583;2033041;2040458;2042000;2043000;2053666;2064958;2053667;2061709;2059083;2061291;2070208;2060959;2104292;2093167;2083750;2063417;2081000;2067834;2074333;2070625;2078416
149;2085291;2146916;2176833;2177541;2163958;2169833;2174959;2175292;2179500;2179000;2171833;2173834;2178792;2171458;2179458;2174708;2170208;2186792;2169584;2175708;2183875;2176375;2178208;2184042;2189625
149;2237000;2321833;2305375;2333166;2313917;2313125;2320959;2314000;2308250;2322709;2308542;2321792;2327000;2318125;2316667;2313459;2314292;2331792;2312584;2314625;2331750;2313375;2316625;2325167;2316500
151;2081250;2107917;2120209;2117000;2124750;2122708;2116042;2121292;2126667;2129459;2111542;2109959;2117250;2119833;2119042;2114750;2120042;2132709;2126750;2111000;2120875;2126334;2117250;2121083;2114042
151;2762375;2789458;2765125;2849625;2837500;2879000;2906417;2893875;2920417;2914458;2909708;2942125;2916750;2910417;2913417;2929083;2917833;2919166;2922500;2921542;2930000;2946916;2761875;2721042;2713625
153;2425833;2422083;2464167;2490542;2467666;2492791;2476917;2536417;2510208;2501250;2510083;2500625;2513792;2514709;2504084;2530125;2549167;2535334;2518959;2522333;2544042;2533709;2527458;2556375;2534208
153;3015083;3043709;3095750;3068250;3063916;3060292;3074167;3066125;3069834;3087083;3073125;3078625;3079958;3070791;3077083;3077917;3070500;3068375;3085625;3065541;3070166;3073250;3091875;3073500;3080791
155;2257167;2248000;2269500;2250542;2269292;2249500;2261708;2258375;2277458;2254333;2261250;2256125;2269000;2266541;2254333;2264250;2254459;2267125;2254041;2257375;2259250;2266833;2264709;2272625;2254333
155;2289083;2309750;2301667;2314916;2312833;2309833;2312667;2307959;2314417;2317500;2296417;2321625;2306166;2304625;2327708;2310500;2333375;2312417;2311792;2313459;2306042;2312166;2329583;2307625;2308167
157;2054833;2040333;2069792;2086167;2097709;2124750;2113458;2120125;2114167;2127042;2133417;2138083;2146250;2131584;2155542;2140542;2133041;2149250;2150459;2133792;2149709;2150167;2142542;2149250;2150042
157;2452667;2519000;2541291;2556000;2562584;2561959;2563625;2562583;2560917;2553583;2559125;2555250;2556208;2557375;2560583;2559041;2563916;2571416;2566583;2568791;2560708;2564709;2559792;2557458;2566625
159;3414792;3469333;3470083;3466833;3464666;3462250;3469375;3462791;3466916;3461166;3458000;3465459;3464334;3454208;3475250;3462125;3468542;3466334;3459500;3457708;3466625;3457500;3474541;3465250;3469209
159;2199875;2207792;2208000;2230375;2229791;2278791;2282791;2264041;2285041;2295166;2291291;2298666;2288542;2310917;2320208;2298292;2318375;2317209;2331125;2309792;2320250;2315834;2317667;2325208;2320583
161;2110292;2135042;2128708;2143458;2143375;2135084;2120750;2138334;2134000;2131125;2131541;2138666;2138750;2132833;2133791;2152458;2132584;2139000;2143209;2142667;2137375;2132750;2142334;2143042;2134709
161;2203708;2233000;2298792;2289750;2321458;2329584;2325208;2337791;2359000;2345333;2345000;2363208;2348083;2348292;2352375;2360750;2354000;2358666;2361375;2348875;2354125;2366167;2358417;2359250;2370291
163;2157667;2193667;2186583;2194042;2207333;2195541;2193458;2195125;2201916;2204042;2188541;2202791;2197791;2194250;2190792;2205417;2192000;2197459;2210000;2194292;2189334;2199250;2203959;2210875;2199375
163;3078333;3091500;3100042;3108916;3097958;3098584;3108416;3108208;3108209;3092000;3112916;3139708;3125542;3126333;3115166;3098833;3119875;3090375;3126542;3141375;2867750;2919041;2898916;3063417;2938792
165;3325708;3407333;3456375;3536458;3520125;3501958;3527791;3504333;3525291;3537750;3516625;3527375;3521166;3576209;3522416;3534625;3529125;3540708;3571000;3518750;3521000;3525500;3535792;3565709;3535333
165;2370250;2378583;2409542;2403042;2410667;2391250;2384667;2395875;2382916;2385750;2393833;2409250;2418375;2389291;2395042;2389125;2503125;2404833;2422458;2233875;2261916;2263000;2278625;2340542;2375375
167;3539917;3635125;3627250;3776791;3646834;3660875;3647209;3744333;3580750;3629041;3630708;3802458;3831333;3760833;3510208;3579959;3721125;3573666;3706459;3699958;3785167;3660875;3555250;3573375;3629625
167;2065167;2013500;1943667;1975167;2020000;2024375;2030625;2092542;2105250;2100875;2057958;2094792;2076292;2084625;2067125;2103500;2119834;2065750;1922083;1964083;1994750;2021958;1990500;2121000;2044084
169;2169334;2154917;2232167;2244000;2244125;2279541;2299666;2303708;2258875;2301458;2305375;2269042;2257500;2316667;2318083;2139417;2171250;2213125;2245042;2203916;2312166;2245833;2193583;2211208;2246709
169;3426041;3628042;3695375;3629500;3640167;3601792;3755459;3422458;3560666;3469916;3494334;3698833;3645333;3680167;3653125;3682541;3517584;3534375;3559000;3567541;3699584;3592417;3678667;3414166;3576250
171;3547166;3688833;3435958;3516166;3703333;3473958;3660000;3413375;3615375;3604250;3604167;3565334;3432875;3710042;3561416;3650583;3452583;3689833;3626417;3440375;3622541;3516167;3722583;3577125;3497041
171;3436334;3590833;3712500;3419500;3588625;3359041;3567583;3594542;3510333;3524250;3503875;4105542;3886250;3623875;6294250;5169417;4917417;3822917;3824584;4172875;3511500;3568584;3591792;3596625;3421333
173;3569875;3466250;3504833;3533958;3556208;3557792;3542833;3579541;3504916;3444250;3449959;3480875;3540791;3543458;3526417;3521917;3522709;3545667;3528417;3545209;3652083;3570583;3518750;3580292;3557083
173;3721292;3796125;3755416;3759167;3740125;3777166;3745083;3738459;3734125;3746667;3762334;3736000;3739667;3734584;3736417;3748000;3535917;3571500;3601166;3629584;3679792;3670042;3706459;3685209;3695917
175;2560208;2505708;2502833;2516167;2555708;2354541;2431000;2469416;2454333;2479542;2492667;2533500;2489250;2511208;2531375;2515792;2543875;2497417;2494791;2430959;2477833;2485167;2491333;2523000;2573083
175;2158167;2210958;2189792;2165791;2175291;2173958;2175750;2201458;2169542;2168916;2182167;2173792;2193000;2184291;2229417;2171666;2192625;2191792;2165958;2189125;2159792;2190500;2158166;2189958;2164541
177;3855458;3828041;3831833;3836250;3822042;3827875;3831583;3816791;3808500;3808333;3805208;3828000;3797958;3835083;3794416;3811542;3822583;3825125;3808083;3805917;3819959;3824417;3808000;3799125;3805792
177;2612083;2666084;2661542;2612917;2627875;2636292;2631209;2617208;2646291;2628583;2628500;2640042;2621000;2625208;2642834;2624042;2628666;2639333;2625917;2615292;2628292;2614750;2623041;2631459;2626042
179;3953500;4074291;4088125;4099334;4122667;4116333;4120208;4131459;4131375;4135666;4135500;4129500;4146333;4136042;4163167;4172791;4168500;4153083;4156500;4159292;4164083;4170375;4167833;4152791;4179458
179;3241083;3296833;3265208;3299250;3274958;3267834;3267834;3275792;3271042;3263667;3271000;3282459;3277542;3275542;3283125;3308666;3266000;3293917;3275125;3285875;3286125;3276667;3270042;3267167;3268917
181;3443584;3421000;3420750;3431958;3434125;3432375;3427958;3409417;3424000;3427834;3407084;3426084;3432000;3400834;3392000;3192792;3314625;3310750;3364417;3387750;3394000;3427375;3411875;3426958;3426416
181;3575000;3619125;3613917;3622042;3620917;3630125;3605416;3614916;3628708;3635250;3625334;3633792;3650083;3617166;3650541;3623333;3654083;3629917;3645667;3639209;3646625;3643250;3643417;3653750;3635417
183;3385125;3433084;3452791;3474834;3489834;3514042;3545250;3565750;3541250;3558166;3549541;3548125;3565875;3562334;3575833;3593625;3614209;3594875;3572833;3598041;3603333;3588625;3576584;3587834;3556583
183;2828958;2886042;2903292;2982000;3001958;2982917;2971292;2988250;2977541;2938125;2888834;2902042;2911333;2840541;2882208;2971625;3000959;2995125;2999834;2989667;3021584;2913875;2862125;2881750;2901208
185;3464708;3545583;3518250;3523208;3575250;3383417;3403375;3436250;3401625;3462041;3439708;3347708;3490084;3539375;3534583;3606584;3580250;3581667;3581334;3600500;3606333;3587750;3590750;3543875;3321541
185;2552084;2643083;2647125;2676833;2675333;2683833;2698500;2689166;2692333;2700417;2730917;2703584;2754542;2882042;2804375;2561250;2598125;2625791;2756167;2587416;2619500;2602000;2618375;2627667;2672708
187;2617375;2639334;2615583;2643000;2637583;2654333;2663417;2641709;2636375;2647792;2648291;2675250;2648000;2643916;2660541;2653916;2643000;2657208;2673208;2645792;2644833;2653625;2652125;2638917;2675000
187;2648625;2680125;2728542;2547917;2609083;2615625;2599916;2652708;2666583;2646167;2644334;2686375;2651792;2673834;2656458;2784542;2683625;2713667;2671042;2674042;2704458;2681292;2674959;2730042;2674792
189;3515792;3532708;3513875;3530375;3506792;3527833;3514959;3521583;3539041;3522875;3556666;3621000;3778042;3797083;3751458;3604375;3779250;3913667;3863125;3648000;3521709;3524208;3530042;3691459;3544792
189;3369750;3512000;3534667;3467042;3627125;3626083;3367709;3357208;3359417;3390375;3392750;3384125;3386334;3360750;3372459;3365625;3382541;3349334;3361750;3373417;3378291;3384125;3361208;3350708;3374625
191;4334542;4352792;4348959;4358458;4356208;4341625;4341125;4341125;4354875;4346667;4361167;4368667;4336667;4405333;4380250;4374584;4354125;4357667;4341333;4384042;4346125;4355666;4366666;4352916;4366833
191;4536125;4604291;4588167;4607042;4651500;4597000;4701250;4615625;4449583;4183417;4361666;4322333;4378416;4374208;4427083;4429208;4441458;4466792;4460291;4479041;4438791;4487875;4471375;4466166;4462000
193;3930250;4016250;4069542;4099250;4106500;4145667;4132542;4157583;4147459;4167125;4163916;4164958;4160083;4160375;4158333;4172709;4158000;4164958;4184250;4178292;4179375;4169291;4186750;4172917;4166750
193;3694875;3725959;3725792;3725292;3734417;3775250;3736000;3740834;3740875;3735500;3733875;3723000;3734500;3734667;3742542;3725958;3746666;3740166;3738000;3738750;3746083;3731042;3749709;3752792;3734583
195;3757166;3781750;3809500;3774000;3786750;3786625;3780709;3799417;3800542;3781417;3798208;3790500;3802250;3629709;3590250;3633708;3678625;3698625;3732917;3726625;3739291;3760583;3740291;3754000;3752542
195;4298959;4272291;4291541;4293375;4304667;4286875;4312834;4307542;4312583;4295625;4312125;4332792;4299167;4304084;4312708;4313833;4287459;4309583;4311959;4311167;4311333;4304250;4311791;4307416;4299666
197;3975584;4108709;4128583;4186209;4232542;4248375;4244667;4250041;4268500;4294416;4267416;4287709;4287375;4287500;4308459;4292875;4310834;4296750;4330500;4319792;4324334;4303500;4327125;4319083;4325625
197;2740625;2815583;2807167;2858708;2858666;2886417;2886958;2900250;2914583;2900541;2912750;2914042;2916250;2914000;2909291;2919875;2920291;2926708;2914334;2913708;2933208;2914583;2921167;2929125;2940917
199;4332917;4365500;4359959;4351875;4345125;4367583;4366958;4371958;4352667;4375375;4381083;4403916;4370834;4365000;4364000;4367083;4366708;4384417;4354375;4372125;4369542;4355834;4371542;4369083;4378291
199;2813791;2867542;2854292;2852667;2856250;2850292;2870666;2849917;2859334;2868458;2876167;2848625;2876541;2849541;2857750;2870542;2847083;2851583;2852833;2852750;2874542;2859583;2853750;2863416;2865708
201;5080917;5085167;5089084;5079833;5071416;5084792;5070083;5086292;5078208;5097750;5073375;5080583;5083417;5134417;5151958;5093042;5083708;5084291;5091708;5094250;5086084;5088833;5087625;5114458;5087917
201;3925625;3954417;3972917;3963584;3949042;3977875;3961459;3967958;3974666;4038958;3981542;3966417;3966916;3956041;3975625;3970500;3966625;3974125;3959625;3970167;3799000;3867166;3895167;3932584;3932458
203;4705333;4833042;4921167;4967459;5003042;5004208;5027125;5031083;5053584;5047333;5049667;5064541;5066583;5219208;6540000;5074458;6084542;5660709;5909833;5212167;5358083;5276209;5725750;5247167;5343834
203;4793917;4947667;5092834;4802708;4829417;4948125;4999334;4776250;4795625;5030459;4627625;4936875;4661541;4750917;4666125;4644791;4697333;4818875;4691541;4770250;4658875;4608041;4750667;4790917;4748417
205;3830791;3713500;3728417;3710167;3767959;3449458;3536333;3622500;3633250;3633292;3652583;3664291;3700917;3793125;3716833;3700167;3720083;3714042;3763500;3761000;3711083;3715375;3704625;3796208;3709750
205;5196458;5076917;4806166;4922542;5058542;5035833;5054458;5058084;5086375;5074000;5069917;5134000;5081042;5074583;5068208;4930500;4979875;4949542;4927625;4993708;5081250;4992833;5033542;5059125;5226000
207;3225042;3308917;3384250;3439709;3461750;3437209;3407708;3425625;3454209;3489416;3444500;3441333;3439541;3444625;3330542;3384208;3367042;3221958;3392166;3310375;3358833;3416084;3433042;3389334;3337125
207;4414459;4586791;4470125;4483375;4587833;4630875;4449417;4533000;4632708;4619208;4519750;4609458;4675792;4430542;4484875;4546708;4567458;4583083;4587125;4600208;4623875;4575750;4482083;4711000;4648500
209;4512083;4540458;4562083;4505625;4566041;4524416;4525250;4524208;4520292;4521750;4498792;4527917;4518667;4530292;4524792;4517958;4507334;4511125;4499792;4503167;4510167;4509084;4516542;4509209;4497792
209;2653667;2710583;2741084;2776500;2767375;2787417;2798542;2808458;2792084;2825958;2815542;2803833;2817708;2829875;2830584;2822125;2841792;2854625;2856250;2840042;2826333;2822708;2820750;2844959;2843083
211;4697625;4871250;4941042;4960083;4988166;4999583;5009833;5008291;5017958;5007083;5021166;5017625;5028292;5030750;5066916;5041041;5030625;5017875;5031208;5008584;5023208;5030375;5017708;5035958;5031208
211;5109625;5127000;5127959;5127958;5128791;5147000;5121542;5133584;5132959;5141209;5131208;5038583;4798334;4974333;5014916;5081875;5078834;5117791;5119042;5144792;5144542;5169833;5149375;5168125;5141000
213;6148250;6270625;6360459;6383333;6394500;6384042;6407667;6317500;6304792;6168958;6396834;6520375;6521250;6555083;6528292;6527291;6536916;6517166;6542625;6538583;6525000;6541083;6542333;6532834;6533208
213;4644750;4775375;4796125;4805875;4828750;4820875;4844250;4846334;4828167;4847917;4825917;4840750;4854375;4836209;4841750;4841458;4834458;4836667;4848459;4851666;4853833;4837084;4867000;4855459;4840417
215;6462042;6450125;6449708;6438666;6458875;6452042;6449625;6444541;6434750;6425000;6445917;6435292;6450250;6452333;6448542;6443917;6436250;6454834;6441792;6450709;6438000;6450167;6457375;6454375;6442959
215;4468167;4488667;4512709;4488917;4483000;4494125;4498209;4496417;4524041;4185833;4304292;4350458;4398000;4436291;4434250;4502917;4441584;4452375;4455791;4458541;4467166;4457291;4464708;4461208;4472000
217;5159875;5144750;5147750;5151084;5157708;5155791;5138875;5145875;5148000;5158167;5161125;5154125;5135417;5166875;5141292;5163709;5151959;5165000;5173625;5174250;5152875;5168291;5172125;5153792;5156333
217;6472666;6696667;6780083;6829000;6924333;6873000;6896042;6891250;6885708;6872750;6896916;6888375;6883375;6905166;6908291;6894500;6887917;6889708;6886333;6948000;6897791;6907375;6875917;6869042;6910167
219;6324750;6298750;6296583;6311459;6285500;6324250;6305750;6307792;6299291;6324500;6311500;6310334;6317333;6297000;6325292;6323417;6330209;6317000;6327875;6332667;6303958;6316208;6294333;6314875;6311625
219;5229167;5389167;5396458;5474833;5474084;5494834;5532375;5532750;5537208;5550583;5536042;5556667;5572166;5552542;5571959;5572333;5563541;5577833;5568167;5575958;5590042;5584458;5653333;5651250;5598916
221;6882666;6913417;6902917;6914875;6899417;6914917;6908042;6902500;6906000;6895125;6935292;6902208;6901209;6915333;6894666;6916542;6889333;6703167;6766666;6797292;6837667;6838875;6877000;6861125;6877167
221;3843375;3841834;3834000;3839750;3866334;3860792;3850000;3848333;3860750;3860458;3861083;3852125;3849000;3873125;3861542;3856375;3852500;3861625;3861500;3848666;3852750;3877167;3860792;3860167;3857875
223;7373833;7342542;7342833;7332416;7361542;7314584;7344833;7343791;7350791;7332333;7343333;7172791;7104916;7299458;7345583;7346417;7338417;7343625;7339250;7335875;7364625;7364042;7366834;7385042;7350583
223;5800166;5982208;6074333;6130375;6144958;5967041;5943542;5835417;6056333;6092708;6076042;6225542;6168042;6163667;6153541;6122875;6149042;6156041;6125458;6193834;6158375;6160708;6193375;6201875;6182209
225;5555875;5554125;5576167;5259583;5307375;5470541;5557625;5558875;5679083;5651584;5591375;5693791;5583041;5577583;5648709;5594083;5581250;5341417;5387500;5557458;5445041;5525167;5537292;5575708;5570208
225;4698166;4756166;4707208;4729625;4762209;4736250;4745000;4760417;4754125;4714125;4700959;4756583;4713042;4736583;4729916;4499000;4485916;4613583;4590625;4595625;4668500;4711292;4777416;4711959;4754042
227;5736875;5673458;5650125;5518666;5410750;5525375;5463625;5463167;5590292;5565250;5583916;5608291;5615625;5609250;5616084;5633084;5629083;5620291;5623666;5641916;5618666;5632125;5624333;5625250;5646041
227;4975125;5032834;5034292;5042209;5004709;5015292;5008375;5017250;5013542;5027250;5010625;5025292;5009375;5015542;5015500;5009625;5015917;5014333;5004125;5019916;5001666;5022500;5013541;5009083;5000834
229;3700834;3702292;3699042;3685417;3691167;3694792;3672083;3688416;3682166;3692917;3686250;3686584;3693750;3691417;3681500;3676250;3536333;3584959;3591875;3623083;3642166;3656166;3637958;3665667;3665209
229;3108375;3148917;3154834;3148667;3147958;3145625;3137375;3149250;3138708;3153959;3135750;3143875;3157958;3152334;3143084;3139208;3144375;3148333;3139625;3152083;3152958;3141125;3140708;3151500;3152500
231;5577959;5770000;5867208;5888292;5943584;5955958;6015250;5974000;5973375;5970125;5966792;5977291;5966042;5968333;5962750;5965917;5973750;5965334;5973292;5980125;5970042;5965917;6014042;5991584;5985750
231;4947583;4881875;4921083;4921500;4884958;4904083;4889334;4951000;4886583;4911791;4921833;4892709;4916042;4932542;4894125;4912791;4925041;4932625;4903542;4923250;4922500;4914292;4920500;4901084;4965750
233;6747125;6745083;6803084;6818875;7079459;6867167;6983541;6823875;6822291;6822708;6933542;7023458;6965667;6725583;6968584;6952125;7089833;6867417;7015208;7141583;7098000;6905750;6774250;6827541;6924834
233;6861291;6731542;6731583;6763375;6621500;6679958;6834792;6830375;6872667;6909500;6881333;6890833;6931750;6879500;6945084;6889125;6916334;6907084;6884667;6950083;6889542;6936750;6886375;6917333;6913583
235;5498958;5515250;5489667;5468292;5532959;5505041;5479083;5292000;5363542;5366500;5467417;5457250;5478083;5521083;5479584;5513291;5558333;5496834;5494875;5546042;5490000;5512125;5548042;5506542;5494333
235;5866125;5852292;5845917;5838959;5852083;5850334;5892625;5869291;5886250;5861458;5902583;5844500;5843459;5851708;5841291;5836083;5847333;5852208;5850375;5853459;5842917;5850459;5845833;5907125;5853333
237;7406583;7334375;7356042;7350250;7356875;7345375;7312917;7323416;7306459;7315458;7305916;7324541;7305541;7334583;7326625;7320250;7321416;7352041;7333584;7331958;7311375;7322750;7310500;7331708;7320541
237;7586125;7590083;7576917;7583916;7150459;7352667;7449375;7478750;7479792;7529125;7517875;7526208;7538750;7562750;7540375;7547875;7556083;7553708;7559000;7548292;7557167;7545750;7555667;7538000;7554334
239;5376250;5406291;5321875;5309208;5319750;5315458;5309541;5319916;5313541;5321541;5330791;5330250;5316667;5326333;5352750;5358458;5293625;5041541;5136875;5248959;5269042;5311167;5326833;5328000;5336667
239;6274625;6287834;6280417;6286667;6289917;6337792;6288750;6290500;6276083;6285917;6278917;6280167;6292000;6270958;6260459;6275250;6282166;6272875;6302333;6301959;6303958;6303625;6261125;6304625;6298083
241;7191500;7029917;7045334;7030166;7150042;7143459;7143917;7162791;7185708;7149709;7143500;7128042;7160042;7161958;7162791;7178291;7174834;7164458;7132291;7080875;6862042;6975167;7038750;7068791;7044333
241;7442625;7434084;7433917;7441292;7452208;7479333;7463042;7493458;7460208;7381417;7610708;7273083;7431125;7451417;7484958;7453875;7476458;7268458;7259625;7358208;7281958;7402208;7431167;7460542;7490584
243;4712208;4717375;4705917;4703417;4711542;4711375;4704250;4701333;4700209;4710625;4702625;4690292;4702000;4700209;4704750;4705042;4707042;4704459;4726458;4727958;4697834;4495291;4588667;4528667;4528083
243;5490208;5572958;5619792;5623292;5640667;5648459;5640125;5655125;5655292;5647667;5654250;5659167;5655042;5643708;5670708;5660875;5655750;5651250;5656791;5650625;5655458;5661542;5653917;5670500;5658375
245;5667000;5797583;5879750;5907792;5922792;5969541;5957250;5966375;5970250;5977500;5987459;5978875;5966125;5974750;5955875;5806208;5907709;5963458;6017875;5972958;6004041;5980791;5993292;6014083;5978291
245;5245958;5222708;5282667;5235625;5227250;5215292;5233958;5213166;5217625;5229917;5216375;5231250;5231500;5230333;5221208;5225084;5215833;5225375;5218292;5224292;5214000;5243833;5210375;5214166;5219541
247;7850625;7807750;7801250;7808500;7806875;7794667;7806458;7687833;7467333;7607917;7653000;7692917;7702709;7709875;7736458;7736417;7742834;7756667;7785500;7775375;7780208;7770250;7784833;7786375;7788542
247;6588000;6587291;6591000;6596542;6593958;6594458;6592667;6603958;6589709;6638250;6601125;6608625;6606416;6604625;6613209;6603667;6601417;6587792;6605500;6590667;6588584;6402084;6480958;6541875;6582375
249;5130250;5153167;5149334;5156584;5144000;5149125;5154875;5139625;5148333;5167375;5147750;5161792;5179625;5159000;5162209;5172625;5176708;5162875;5170167;5158125;5151750;5169833;5168583;5146375;5145041
249;5133375;5154375;5138208;5147625;5139250;5143417;5142709;5146750;5127125;5126708;5136125;5191625;5146167;5127708;5144791;5139333;5149708;5143334;5156208;5123750;5142042;5122542;5141500;5144000;5126875
251;7178959;7163416;7024250;6828291;6983208;7074959;7082458;7110417;7108334;7119958;7147125;7150208;7154167;7150125;7164833;7158042;7173334;7196167;7160458;7178125;7177875;7195000;7179709;7154333;7176416
251;7060666;6968375;6977666;6978166;6966709;6989000;6971375;6960083;7001250;6983666;6966125;7016167;6966250;6956334;6958583;6979750;6955833;6980708;6971584;6960791;6968750;6959292;6973708;6964625;6948375
253;6093541;6104042;6097709;6098542;6100292;6101792;6095958;6093333;6142584;6126250;6108083;6101084;6142500;6110291;6124750;6116166;6128125;6132292;6122708;5985000;5780958;5928459;5963000;5978875;6040458
253;5916167;5924458;5951167;5943917;6005458;5980666;5951250;5983000;5983458;5957000;5950541;5980375;5988167;5994750;5976459;5897917;5790750;6005417;5936042;5840459;6095083;6072834;6059042;5878666;5890542
255;6532750;6371750;6314500;6358625;6231417;6336792;6261084;6385792;6421708;6391791;6371583;6326250;6427333;6490250;6457334;6428750;6406000;6443834;6406125;6418584;6443709;6416250;6422834;6443667;6402375
255;7467792;7424791;7472666;7431667;7466542;7434375;7419125;7447625;7422584;7464375;7429000;7452625;7432708;7467375;7319959;7232500;7112541;7346250;7300709;7301584;7385792;7395667;7426792;7461667;7538292
257;8887458;8737750;8712417;8684250;8716667;8522792;8518667;8714334;8702542;8727667;8761916;8712916;8715333;8718667;8712625;8707708;8767292;8717584;8784875;8858625;8857750;8721125;8975833;8714417;8718167
257;6153250;6116500;6106417;6096250;6196833;6115875;6202209;6104125;6200834;6132875;6126750;6109000;6116000;6119125;6128958;6107708;6142834;6115292;6121417;6108792;6120375;6119958;6115000;6112875;6111500
259;5312708;5310875;5298334;5323666;5293625;5278833;5281125;5293750;5274167;5287833;5294541;5282708;5294209;5304666;5266708;5291458;5297709;5276375;5285709;5273208;5285375;5267666;5282583;5285334;5279542
259;6454292;6404292;6409542;6410541;6322875;6106042;6204000;6274292;6308334;6338458;6367417;6357375;6371708;6370500;6376333;6385917;6378375;6407916;6408292;6396917;6398584;6428000;6400834;6411375;6407709
261;5095125;5076000;5063375;5057292;5082667;5070125;5054834;5066375;5061167;5072875;5065166;5060291;5069125;5065958;5058209;5059083;5044000;5002333;4923333;4963792;5024542;5035750;5017042;5042292;5039625
261;7130542;7181500;7178416;7180542;7183709;7184792;7202833;7189750;7171125;7191875;7196792;7207167;7188708;7195541;7172041;7208375;7194250;7247708;7211750;7169583;7194083;7176917;7187292;7211375;7187334
263;8953917;9149291;9243667;9295708;9309084;9322417;9326583;9347333;9344875;9342917;9351750;9328750;9351958;9340666;9334666;9327083;9362042;9378125;9343750;9348417;9369709;9448333;9341209;9350875;9329375
263;9471083;9734667;9828791;9836875;9833167;9954834;9909125;9898416;9877333;9900334;9902208;9925917;9905292;9890625;9902084;9915792;9896541;9908458;9907500;9895708;9905208;9909792;9885917;9913834;9540750
265;8758459;8833750;8878250;8904000;8916084;8921500;8961125;8943208;8969875;8957417;8950625;8954958;8923458;8955666;8943583;8933125;8926834;8950333;8969417;8956917;8969000;8966125;8944167;8932750;8947500
265;6432542;6459833;6443125;6457917;6445500;6454834;6455833;6452750;6460791;6243833;6392000;6440250;6453667;6440125;6441541;6446875;6440583;6438125;6444958;6429334;6453208;6454500;6439292;6448834;6453250
267;10422625;10360167;10381833;10395584;10386291;10365208;10415042;10409042;10380333;10364916;10362292;10365542;10383417;10372209;10385167;10019792;10052041;10196750;10238542;10263167;10305417;10334458;10348916;10320750;10333833
267;9077458;9097458;9076667;9101041;9078709;9089375;9085334;9220583;9093167;9089792;9092541;9090291;9098625;9090875;9077042;9085583;9114125;9119917;9082958;9098959;9098458;9103291;9106375;9091708;9092708
269;6052417;6004292;6042333;6018666;6012750;6004458;6010792;6006834;6019333;6014791;6023083;6018958;6017542;6027458;6048500;6018584;6040292;6013833;6026042;6042334;6020000;6005583;6032916;6022916;6032166
269;6453541;6648250;6759834;6808166;6845375;6850583;6846375;6866125;6847167;6835041;6845041;6849542;6854625;6851667;6849250;6863125;6833625;6854791;6845291;6856791;6854584;6843083;6855917;6837834;6871583
271;7263125;7257584;7253083;7237584;7245583;7228792;7223125;7230000;7240500;7130125;7118500;7185334;7197833;7237417;7229792;7240125;7264709;7235667;7235250;7231167;7226000;7239458;7258833;7246416;7231834
271;5394458;5382292;5380750;5356750;5355458;5346750;5347084;5342833;5354875;5359625;5343208;5359334;5355666;5398375;5374750;5376208;5355541;5342750;5357959;5346167;5366417;5366042;5357500;5350000;5360292
273;6613291;6737792;6846000;6653375;6783167;6846750;6881125;6885084;6891417;6902000;6912125;6917875;6924583;6918375;6930541;6922500;6931083;6910416;6942000;6934042;6941708;6934833;6932500;6948792;6943667
273;9077583;9067209;9072583;9039958;9037334;9060708;9188875;9051750;9059208;9050334;9048875;9056875;9068500;9100584;9050625;9074791;9046792;9062042;9052750;9053125;9058042;9050459;9040542;9042917;9057875
275;7438292;7551208;7599291;7645209;7636500;7683167;7653792;7640292;7636666;7647458;7656709;7649708;7658250;7656917;7653125;7639292;7664542;7648125;7650834;7629625;7644459;7662833;7654584;7646958;7652875
275;5522166;5476625;5491834;5485667;5466667;5496875;5500083;5481334;5477333;5491750;5478500;5470750;5383333;5204041;5319625;5397958;5456584;5458416;5485458;5478334;5483833;5500917;5488250;5496708;5488000
277;9214125;9173750;9159208;9179875;9192167;9180417;9171042;9162833;9178917;9163833;9162958;9191792;9179417;9169416;9199667;9165875;9192917;9187250;9172209;9201250;9165583;9177584;8953625;8769209;9020584
277;5311083;5326292;5343500;5337083;5342000;5337292;5352625;5338417;5335375;5339917;5333250;5342833;5345791;5343875;5335958;5354417;5344959;5336500;5353875;5342334;5329458;5349416;5336958;5339500;5361542
279;7553000;7691459;7757042;7812708;7827583;7830334;7850917;7850417;7896583;7847667;7866042;7879500;7877167;7872292;7880792;7866333;7884459;7920750;7937042;7869000;7893792;7881000;7868000;7899500;7895375
279;7466917;7397375;7389084;7405250;7388959;7408542;7389292;7397583;7392458;7381167;7393208;7393542;7409292;7163500;7196125;7263625;7312584;7346667;7380292;7396625;7394791;7400000;7508875;7392458;7418625
281;9884334;9834000;9823666;9843333;9823417;9823833;9822709;9789791;9509209;9801875;9828417;9878167;9850000;9922208;9851709;9868958;9860083;9854334;9865917;9970875;9833542;9856208;9937000;9532958;9859167
281;11119542;11358250;11583083;11411958;11424708;11226084;11251167;11491792;11533959;11529000;11508333;11535917;11509833;11507291;11520333;11503875;11512125;11526792;11573834;11499042;11489083;11528166;11510917;11163750;11007083
283;6985291;7017125;7032708;7057416;7048500;7074541;7084458;7057750;7032500;7054000;7071625;7069125;7060750;7070875;7062125;7068125;7097750;7061250;7067041;7071375;7062583;7067875;7062750;7078917;7081583
283;8771125;8716959;8712167;8747208;8795708;8800542;8750042;8757500;8759417;8764958;8754209;8768000;8799583;8741500;8719125;8776459;8745083;8739750;8717500;8727375;8451458;8476125;8655708;8710709;8738333
285;9907083;9906041;9899792;9906334;9892625;9912500;9915000;9910625;9900250;9892334;9911083;9923541;9903750;9896000;9903333;9919750;9894875;9903209;9901250;9916041;9889125;9886750;9901292;9906333;9553792
285;7682167;7781708;7792333;7850250;7845208;7845417;7852334;7863792;7863708;7856416;7878583;7860417;7869000;7874667;7873292;7874083;7888667;7871500;7879333;7868375;7869500;7872500;7874542;7872083;7871125
287;8907125;8874250;8876542;8881042;8882042;8856500;8868250;8860666;8936291;8877000;8875542;8888292;8882000;8853959;8677208;8629500;8772000;8826666;8868708;8877125;8937042;8911708;8909458;8912834;8952875
287;8330458;8320583;8294875;8306542;8307542;8331834;8303875;8325375;8302375;8318667;8305375;8312000;8313917;8327875;8296458;8313416;8347583;8357584;8584917;8395292;7949083;8109167;8259334;8281167;8247541
289;7999625;8170958;8278584;8174542;8243042;8126875;7997084;7999541;8230167;7992583;8119000;8205459;8187375;8206959;8183917;8170542;8172167;8156042;8056291;8161000;8194042;8167042;8215666;8161709;8174667
289;7010875;7167167;7238542;7227166;7250250;7247500;7261583;7240209;7273833;7222166;7233209;7253083;7241167;7230292;7255833;7266125;7224458;7259042;7229584;7261042;7235625;7237000;7237709;7220000;7235000
291;9939542;9900292;9941167;9929125;9564375;9833500;9887625;9896583;9882459;9963292;9937250;9976084;10099125;9917750;9781333;9721667;9708666;9509375;9840500;9883792;9889500;9868917;9911959;9932292;9876292
291;9858833;9933584;9936500;9941208;9928959;9936125;9934792;9916292;9935125;9960042;9962333;9708333;9905292;9927125;9921875;9930583;9910500;9922417;9569750;9872291;9962291;9953042;9948834;9966833;9942666
293;9804708;9758125;9776459;9759083;9761417;9826208;9854583;9767833;9763416;9380542;9742750;9786750;9782250;9824791;9826583;9764208;9807750;9944958;9923875;9773000;9771583;9874750;9768167;9772791;9715375
293;10249625;10051625;10334791;10260417;10212833;10265166;10499750;10259417;10317750;10240958;9915708;10145708;10223167;10252542;10229667;10243083;10245041;10222792;10227000;10256291;10268000;10249333;10282250;10369125;10391375
295;8676750;8831542;8881084;8839083;8885084;8546125;8687458;8641875;8738083;8691834;8770625;8671917;8716792;8663334;8685000;8644917;8642792;8668666;8567500;8472875;8474166;8472042;8449417;8469917;8465208
295;11365667;11324417;11754083;11081458;11241834;11355375;11236000;11186500;11381291;11208334;11160667;11261583;11386709;11240916;11493000;11426250;11543458;11508750;11435041;11525666;11313084;11174459;11158791;11198500;11249250
297;7905417;8097583;7881583;8053667;8110625;8076875;8194208;7962875;8102167;8054541;7924792;7978167;8026291;8080500;7967291;8055708;8019250;7972709;7980375;7786292;8106292;8045334;8089750;8105250;8072750
297;10737583;11022375;11000417;10875875;10681625;10970542;10645834;10961875;10607792;10594875;10878750;10898541;10783584;11070583;11090958;10922500;10876125;10849667;10845667;10859459;10821000;10830500;10866916;10836666;10855083
299;11429333;11322375;11377750;11366625;11320541;11111291;11251167;11114792;11385167;11428000;11444375;11377292;11405583;11459959;11424042;11447333;11470959;11434750;11484333;11237875;11232666;11396875;11336334;11405417;11424500
299;12468916;12397459;12409750;12485208;12387958;12420250;12408750;12404417;12371208;12395792;12381084;12389417;12334792;12361333;12450625;12415583;12425167;12425666;12425083;12409625;12415583;12415666;12434333;12573375;12401042
301;10386417;10490583;10494125;10505584;10418125;10354667;10350375;10466917;10455166;10405208;10275625;10410041;10408958;10358042;10425375;10457292;10304208;10070750;10479625;10572208;10177000;10479042;10147250;10645375;10427666
301;7046333;6969834;6950917;6923750;6947375;6939708;6935084;7007333;6944834;6912042;6920000;6932084;6910000;6909375;6914875;6916958;6921166;6922041;6921375;6922875;6926125;6908125;6911625;6920750;6906625
303;7105916;7087583;6994875;6951000;6973834;7250292;6978625;7047041;6927334;7085917;7131500;7117208;7124667;7075875;7204084;7196875;7126917;6972875;6940459;7022083;6907708;7248833;7105708;7016000;7078416
303;13507792;13352041;13322583;13325958;13404708;13343958;13310625;13298208;13369625;13337542;13299917;13221625;13364542;13364875;13364542;13386042;13337708;13343125;13397167;13321750;13360500;13348625;13339125;13396250;13342417
305;9495166;9368083;9423209;9358625;9384875;9407291;9457292;9298667;9147583;9776708;9532000;9596250;9408666;9472291;9471542;9398250;9365750;9393042;9373667;9370250;9356500;9368833;9371250;9394250;9351667
305;9361375;9402833;9411708;9430542;9393667;9408375;9409500;9427375;9403417;9401000;9395875;9412208;9420584;9433375;9408458;9402708;9416000;9421500;9410833;9439250;9402541;9412125;9385333;9405416;9310000
307;10836375;10808625;10846334;10853708;10852334;10873625;10847084;10847333;10870083;10867666;10890000;10857333;10865916;10885792;10843667;10841041;10847083;10865375;10840542;10843583;10850416;10837791;10904041;10881125;10899750
307;10511875;10459292;10477167;10449959;10310958;10272667;10429291;10485584;10468166;10456041;10459167;10477834;10509333;10453292;10472750;10445917;10486959;10498875;10476667;10466459;10446167;10493916;10451417;10479000;10482708
309;7541583;7406833;7399167;7341583;7373917;7289459;7400208;7456084;7489792;7383625;7406250;7391625;7386916;7459500;7394875;7433708;7385417;7360791;7374125;7378875;7369041;7384500;7389458;7374958;7375083
309;10566834;10564625;10532583;10573167;10563208;10564709;10555958;10554292;10554833;10567834;10557375;10586625;10586000;10564208;10583542;10547500;10553208;10556500;10543500;10538625;10554167;10583834;10566041;10556333;10557084
311;13497083;13411500;13438042;13214708;13085292;13284917;13362958;13409959;13405458;13382583;13397167;13400792;13404667;13398125;13400709;13368833;13384416;13382000;13391708;13475458;13404583;13445458;13414875;13383875;13401917
311;8249583;8226417;8229042;8222833;8116542;7996167;8141250;8217375;8256333;8241916;8244959;8241417;8243833;8245125;8264375;8251334;8259792;8270917;8257333;8251583;8272541;8263625;8260917;8269167;8252042
313;12504916;12493667;12476458;12492167;12509583;12627708;12490917;12507583;12142250;12435875;12481917;12481084;12482125;12465708;12473000;12475750;12483709;12496333;12476250;12479583;12480959;12473500;12482875;12529000;12489708
313;9406000;9698791;9723792;9717041;9705291;9728292;9708208;9721959;9718583;9706875;9717916;9696625;9708458;9712125;9707417;9712500;9699834;9701625;9716625;9703416;9701291;9695667;9708292;9718959;9701792
315;13678875;13920125;14024708;14038541;14024708;13996125;14002500;14026042;14005250;14021333;14040291;13701000;14071416;14028000;14023750;14006917;13895167;14005834;14091166;14075209;14039667;14036291;14054416;14003416;14032708
315;12614458;12565625;12556750;12630875;12578125;12600042;12553125;12571208;12565000;12559000;12183375;12370792;12606667;12529792;12551792;12524542;12597292;12539709;12551917;12534709;12551417;12544167;12524833;12549834;12528750
317;8605250;8575709;8577208;8557041;8553333;8566958;8543291;8560000;8569042;8574875;8560583;8557250;8561625;8574750;8564209;8568708;8568208;8565459;8564250;8561250;8567250;8553416;8422333;8531833;8565666
317;12971375;12919333;12969375;12938875;12960667;12976791;12937667;12947000;12942458;12935958;12937959;12961625;12986125;12923083;12961125;12945250;12956625;12979875;12920791;12985625;12976792;12947292;12988792;12942333;12921667
319;7707917;7658334;7668125;7665208;7652875;7666666;7445583;7505875;7599167;7653000;7658166;7671584;7673792;7682083;7699917;7663958;7667042;7676500;7684625;7669333;7670792;7673625;7690792;7684417;7684583
319;12581625;12540500;12554417;12542417;12582792;12543334;12508208;12464083;12261375;12552708;12546792;12501042;12489875;12585833;12592250;12556125;12548208;12561500;12555375;12536708;12568667;12555458;12528209;12552208;12564375
321;7461500;7410166;7429959;7417125;7406666;7401417;7386834;7403667;7415250;7411042;7395375;7401708;7400708;7411125;7401042;7411708;7414916;7368583;7416125;7409166;7413917;7423000;7379500;7409583;7402959
321;10600708;10507458;10190625;10377000;10509916;10509916;10530916;10548333;10537083;10542375;10543625;10555125;10531583;10539625;10542583;10538875;10545000;10560958;10539000;10543083;10539000;10566916;10545166;10577041;10581208
323;11091292;11076333;11039042;11042500;11068916;11053375;11033208;11058916;11028334;11072042;11043083;11030500;11058000;10794250;10850000;11025167;11051709;11094708;11091083;11073959;11137875;11092166;11079166;11089167;11072458
323;11173375;11126375;11114792;11137709;11098750;11259959;11218042;11222083;11125292;11112083;10974709;10934292;11041666;11081375;11082125;11084500;11077458;11076458;11091250;11087500;11098750;11119250;11116250;11123875;11137625
325;14142958;14086875;14109417;14069500;14088625;14049125;14104000;14130042;14073458;14088709;14058500;14040333;14052292;14059042;14056917;13805750;14007250;14113541;14102583;14151959;14122667;14133125;14136000;14156292;14125333
325;11117625;11116375;11126334;11108583;11093750;11113584;11160583;11109917;11164208;11063000;11068625;11077583;11076500;11106750;11065125;11063125;11085458;11072125;11061291;11103666;11073875;11091958;11006625;11059916;11093792
327;11978083;11962041;11942666;11977459;11953542;11939458;11938166;11911459;11928250;11930292;11913708;11932667;12055209;11964709;11958750;11958334;11949917;11989667;11954792;11516750;11807084;11874917;11939833;11907459;11975666
327;11693083;11685917;11690458;11623792;11683083;11703084;11640458;11682416;11686416;11677125;11346667;11490000;11537083;11400875;11613334;11567250;11592542;11560583;12068250;11750791;11757708;11545708;11897583;12005959;11821167
329;14237750;14507958;14408125;14205333;14516250;14259875;14374250;14525958;14276292;14314417;14520167;14409500;14389417;14530500;14416875;14450125;14627208;15365000;19509166;15200917;14722958;14540833;14350167;14282500;14308417
329;8906750;8773417;8787709;8850958;8772000;8764459;8761666;8780958;8767417;8750375;8768959;8767875;8752416;8773250;8763959;8779666;8779416;8792500;8785209;8786208;8760833;8817250;8793042;8796541;8790083
331;9432083;9271042;9246625;9321875;9257792;9244000;9261958;9264375;9262250;9235209;9250666;9242458;9246083;9234666;9233708;9230417;9252875;8976458;9081042;9194917;9161083;10585166;9569750;10426458;9687459
331;13640750;13257417;13556625;13741750;12839000;13699750;12729792;12620084;12851917;12649708;12628000;12430333;12493083;12499667;12478000;12442541;12600959;12502209;12486084;12647417;12655333;12338167;12608834;12506458;12390291
333;13304166;13206584;13287125;13200875;13488125;13492458;13325375;13146750;13452292;13371208;13461584;13367583;13247334;13410750;13448916;13380000;13985583;13240792;13285875;13392167;13415750;13350792;13342708;13310500;13281583
333;11152709;11130791;11107292;11106084;11119958;11106959;11116167;11106250;11109625;11169375;11184250;11143791;11192791;11180334;11152375;11161709;11158083;11130500;11160875;11134916;10932750;11150375;11148250;11203667;11157292
335;13962041;13903250;13927791;13927541;13912417;13928125;13942750;13956583;13993667;13892333;13998292;13985750;13887916;13912667;13845125;13910542;13881459;13900042;13902166;13828833;13898917;13916583;13930625;13893875;13918000
335;14523083;14318541;14284708;14242375;14055125;14318042;14381375;14312917;14307625;14343917;14328708;14378292;14318792;14331958;14319084;14336625;14331042;14343375;14344875;14312250;14301625;14308042;14336750;14185209;14123417
337;11810167;11775709;11743208;11745041;11753125;11746916;11761209;11751875;11719250;11717708;11928500;11751500;11735375;11825042;11725250;11754458;11751667;11678417;11654333;11835875;11809833;11800375;11824750;11835333;11814208
337;16497542;16438291;16466875;16443375;16420875;16388833;16448625;16390708;16458125;16486708;16614667;16073375;16273291;16440458;16323167;16550459;16733459;16348125;16448000;16745500;16321875;16470958;16663875;16398125;16490583
339;11433542;11438750;11399333;11451292;11365875;11351792;11459084;11412583;11404500;11393750;11459000;11417625;11440833;11400167;11411459;11429167;11414958;11393917;11467917;11427292;11231458;11276791;11380792;11429125;11427292
339;17095625;17037708;17041041;16965000;17015416;16972792;16946042;17249375;17086625;17053833;17043500;16990542;17032792;17079250;16970125;16990416;16999167;16962250;16974917;16956583;17002458;16983917;16966375;17017542;16993042
341;11219917;11142125;11174875;11144084;10991583;11052792;11125125;11150334;11146416;11137750;11145208;11144542;11158000;11145583;11145000;11142959;11155708;11134042;11164709;11137917;11135208;11146333;11166334;11050583;11154625
341;14494542;14555500;14495625;14491250;14493000;14485208;14497792;14479958;14484291;14475291;14519750;14471083;14486166;14466708;14506000;14511250;14503416;14504041;14517458;14492792;14482458;14500667;14344500;14474667;14531792
343;14667209;14595334;14568833;14677542;14673375;14583750;14641541;14618417;14624959;14589500;14612375;14612125;14632875;14613750;14589375;14593292;14581875;14612584;14601791;14635541;14617875;14584083;14609791;14600125;14591000
343;14409542;14342458;14338166;14401000;14389500;14374833;14389834;14418291;14397542;14374708;14386500;14388542;14383208;14394500;14387333;14403416;14442083;14411167;14405917;14381833;14352542;14137292;14338583;14350250;14426166
345;11259958;11201875;11154250;11173208;11154041;11209375;11168625;11148500;11190500;11202375;11192167;11181083;11193125;11188750;11166041;11217000;11204959;11185208;11172750;11203500;11177750;11100542;11210292;11196000;11209875
345;11099375;11091459;11088541;11108500;11222583;11078583;11079458;11074208;11141167;11079792;11057667;11060875;11067459;11044875;11064250;11047333;11038958;11080875;11036958;11041583;11046459;11054166;11063541;11064958;11063500
347;14102666;14091417;14104959;14165084;14148083;14081791;14102125;14062375;14076084;14001750;13886958;14140833;14132000;14136750;14148792;14120375;14150667;14136208;14160250;14122791;14139041;14165917;14162417;14130416;14137250
347;17693125;17574458;17427334;17547584;17557209;17563542;17585125;17572166;17546417;17528708;17569583;17524334;17579500;17552417;17571125;17558000;17562375;17575209;17618000;17591917;17580042;17275666;17598375;17710208;17559000
349;13880916;13974333;13874708;13862625;13843333;13891250;13852917;13829000;13837833;13846625;13879792;13839625;13873333;13877250;13848250;13834333;13844417;13856542;13836500;13841042;13854375;13827500;13844500;13865500;13835666
349;13293167;13298166;13289292;13072000;13344291;13373584;13364000;13375208;13360208;13373250;13349541;13370709;13385583;13407584;13403000;13371916;13431125;13380000;13319583;13346083;13382792;13164709;13103333;13274792;13307750
351;12133292;12076750;12110167;12111750;12105208;12085292;12100292;12091042;12118167;12093417;12093958;12116334;12105041;12108625;12111750;12113000;12124750;12116042;12108833;12095625;12106792;12106792;12112041;11757333;12283875
351;16298083;16236959;16381333;16260042;16242875;16274042;16284208;16264458;16262584;16278375;16260709;16258333;16276041;16281125;16277750;16284292;16268875;16278416;16275458;16247583;16291959;16266625;16264334;16274458;16274583
353;12992583;13281542;13292625;13324042;13295417;13269417;13334917;13282875;13296167;13342042;13315792;13310291;13317917;13403959;13310542;13284667;13276708;13310584;13305250;13057500;13265625;13343875;13319417;13341208;13341667
353;11936416;11901208;11873042;11909250;11898584;11910625;11890167;11923333;11902500;11915625;11912667;11879667;11889000;11883041;11882584;11890500;11881291;11885542;11889917;11892875;11980084;11588167;11854500;11865958;11966167
355;17868542;17832209;17839750;17885167;17850958;17846750;17828875;17827500;17858667;17851583;17843000;17851750;17849875;17839625;17835417;17831459;17835583;17840583;17869041;17830250;17852500;17666333;17694042;17857167;17887666
355;14017500;13962958;13954333;13973333;13963833;13968584;13978166;13986500;13951750;13937334;13968458;13970334;13970833;13954500;13979958;13841000;13739250;13935666;13939500;13948834;13932750;13964750;13958958;13947959;13978208
357;18395083;18442250;18403500;18357583;18332084;18387500;18379292;18440417;18551542;18376041;18078708;18480042;18388625;18406625;18407125;18410541;18400625;18403708;18401417;18418291;18403917;18420292;18391791;18390584;18395708
357;13484042;13441250;13466583;13422125;13423666;13448416;13466125;13451625;13429834;13433458;13439083;13456125;13389667;13465125;13458958;13449833;13457333;13477791;13465125;13493583;13515000;13488333;13461125;13447375;13437625
359;11204792;11347833;11435875;11421125;11442541;11440708;11495292;11479625;11446458;11444083;11421625;11438834;11432083;11439334;11432958;11448291;11464625;11480750;11414833;11438250;11454834;11443041;11452000;11407708;11415000
359;16360292;16321459;16279666;15940375;16283625;16342458;16459792;16450833;16360791;16345250;16356375;16329250;15989333;16280458;16281625;16303959;16307917;16319375;16294209;16289875;16323125;16306209;16319208;16331583;16298542
361;14804750;14785209;14777333;14752834;14772541;14777166;14766041;14775500;14772458;14761666;14765459;14767125;14767750;14770125;14783750;14752959;14511375;14790625;14753208;14780625;14797417;14789208;14784958;14774209;14784667
361;14762083;14713250;14735250;14762417;14720458;14730625;14729541;14706584;14762208;14750958;14728334;14738792;14758458;14657792;14755167;14740167;14759000;14724000;14748458;14731875;14747791;14872125;14747042;14785500;14732584
363;13013666;12950166;13004459;12983625;12998667;12994333;12984542;12793667;12747833;12945125;12980750;12970250;12979291;12985542;12951334;12991166;12961083;12963084;12954042;12977417;12977333;12961667;12959583;12983750;12957541
363;11677792;11716208;11753667;11760542;11768416;11756083;11761334;11731541;11753458;11717084;11755583;11742750;11774708;11741125;11751000;11808541;11754583;11724250;11739667;11749125;11725709;11749125;11791834;11745250;11747042
365;15628708;15681250;15669959;15680250;15690542;15685916;15703833;15685959;15728042;15688375;15680500;15682291;15689875;15675333;15684542;15698875;15689833;15693375;15430833;15612542;15830208;15788917;15807458;15744417;15744833
365;19612167;19592917;19566083;19572584;19562291;19569375;19574375;19590125;19504959;19553125;19557458;19533125;19546625;19562708;19528708;19568416;19549000;19543459;19541208;19542875;19553208;19521709;19582250;19555292;19590208
367;10580542;10800583;10824708;10807125;10840542;10815417;10820500;10828625;10816084;10820625;10824292;10815750;10807542;10828250;10805792;10808625;10815834;10816167;10816208;10799541;10825667;10807875;10843208;10816708;10840417
367;17370000;17244125;17365458;17358000;17322042;17347000;17355791;17355625;17361125;17259209;17328459;17386875;17329042;17344917;17353834;17347291;17379709;17017583;17391916;17404792;17437542;17427750;17439958;17407000;17403834
369;14133583;14125375;14133500;14114417;14126958;14139084;14114458;14126209;14130708;14136792;14121542;14126334;14076041;14116083;14125542;14114000;14122250;14142584;14125500;14134625;14183125;14142250;14102042;13948334;14117250
369;17357042;17255000;17445333;17318292;17273625;17283000;17265125;17285959;17293791;17311292;17303917;17289375;17243334;17272833;17254542;17552542;17126584;17060625;17233625;17199042;17209833;17307625;17098792;17375708;17280083
371;10066333;10012000;10022000;10016708;10019541;10028667;10011167;10015833;10005417;10040042;10033833;10037125;9996167;10017917;10021541;10050667;10011500;9738625;9943875;10005583;9998833;9993542;10004583;9987250;10003208
371;13851542;13797708;13826416;13807584;13820417;13798708;13818958;13669459;13806000;13816542;13810417;13818042;13820417;13820250;13874250;13801875;13822708;13856334;13817250;13836750;13831708;13795625;13794084;13812750;13818542
373;19290458;19201875;19204000;19228250;19223334;19201125;19202709;19286750;19241542;19224250;19219000;19261583;19213583;18996208;19244208;19333250;19309084;19419250;19443334;19427458;19315500;19303166;19306542;19318333;19315709
373;13189250;13400625;13437625;13401250;13419291;13417750;13403375;13429500;13430833;13397000;13404250;13397167;13395542;13409959;13426083;13408625;13414167;13436333;13414250;13193542;13418875;13445959;13477375;13364667;13447125
375;17161292;17140041;17177500;17119250;17175416;17181667;17125042;17138083;17170666;17158041;17144958;17157292;17200334;17192250;17138667;17136916;17069583;17118459;17130500;17138917;17095958;17075500;17106875;17101250;17118084
375;17504041;17473875;17508375;17505833;17496959;17501250;17474042;17613125;17518625;17484209;17499583;17484542;17473250;17453750;17452292;17497083;17497875;17477458;17492709;17475750;17492250;17214166;17539334;17562292;17556833
377;13109459;13053459;13041167;13071166;13067541;13057125;13068583;13081584;13040958;13055375;13075791;13041375;13081875;13062833;13035292;13035542;13068000;13045833;13040708;13037541;13026541;13035459;13012375;13048625;13023084
377;11689042;11657166;11655792;11662041;11657750;11679833;11658000;11667292;11703042;11676459;11710000;11721625;11676875;11670666;11672084;11679833;11672375;11696042;11680541;11695459;11664833;11676584;11715625;11681667;11715292
379;15984459;15957834;16105333;15646584;15967000;15878292;15873084;15876875;15882959;15875250;15867291;15883500;15874083;15895292;15861334;15894250;15866458;15846458;15875292;15866542;15794041;15824417;15868708;15907584;15877416
379;17102333;17063542;17097666;17077042;17078584;17106042;17074667;17103542;17127167;17089583;17154500;17095500;16775542;17109583;17158000;17149875;17134250;17152458;17140917;17145958;17152000;17158583;17171875;17133291;17150250
381;20643875;20622583;20589125;20578584;20598833;20648792;20612000;20614209;20633291;20692250;20587208;20773959;20690833;20681958;20642208;20647625;20652542;20160291;20557292;20598334;20604458;20559959;20582042;20605333;20710084
381;14557333;14672500;14680250;14661083;14679041;14651000;14664667;14657875;14716250;14676750;14653291;14651792;14333334;14583375;14651041;14731250;14655875;14456917;14660375;14696834;14428416;14580708;14669292;14638958;14641042
383;15193000;15164375;15155917;15143208;15160459;15143792;15147959;15207625;15160500;15190833;15140167;15152792;15130334;15146000;15156000;15166958;15176459;15196625;15159625;15198375;15175916;15158417;15153958;15278625;15215792
383;19288917;19191875;19229375;19202833;19198000;19186084;19165417;19205500;19193000;19154709;19144625;19174167;19214625;18921542;19271042;19227541;19253334;19253625;19266708;19260167;19248417;19262917;19282875;19260209;19258125
385;17255875;17390584;17484208;17458084;17631542;17637125;17358667;17486000;17500875;17472375;17466292;17459500;17543500;17509166;17508667;17533584;17560583;17545625;17477292;17495875;17729416;17650458;17628250;17363625;17436041
385;16003334;16040958;16032041;16057375;16038250;15965958;16087125;15910959;16018625;16040500;16065000;16066292;16037500;16050583;16028792;16034750;16033708;16037500;16056375;16052125;16047375;16002208;15983667;16064958;16043917
387;18702792;18660167;18661000;18705209;18656625;18673250;18651958;18701666;18767041;18668959;18706333;18709792;18294000;18636625;18607958;18591875;18621166;18631959;18674958;18678959;18662291;18634208;18657125;18619584;18637416
387;13813458;13732125;13818500;13797375;13811333;13786792;13763959;13767750;13772542;13792208;13784000;13790958;13779583;13989584;13932125;13779625;13862625;13811167;13815917;13815500;13824917;13825833;13834417;13856542;13847375
389;20019042;19922666;19958041;19941875;19917500;19879167;19908959;19923042;19839250;19900375;19861709;19853458;19874541;19917125;19868750;19877167;19929042;19921167;19872250;19874333;19832125;19909250;19960417;19956500;19949416
389;22186334;22195791;22192875;22185209;22220000;22190375;22163667;22202667;22224500;22215875;22218667;22191375;22175583;22233666;22193834;22125917;22190791;22173750;22171375;22175791;22207917;22192042;22193750;22176750;22239250
391;15523958;15452792;15441625;15450417;15424500;15465250;15479583;15470375;15487250;15460042;15145708;15432625;15435917;15467792;15412416;15460750;15438500;15464917;15481292;15450041;15449166;15462041;15440709;15454375;15439542
391;12236125;12183250;12207042;12110333;12171500;12185166;12178250;12200541;12170375;12172125;12175250;12185208;12182083;12174833;12157041;12152583;12183458;12179292;12161667;12167833;12166041;12179333;12179000;12184458;12162083
393;20063542;20156333;20145334;20162125;20337875;20270917;20175208;20134917;20145208;20146625;20177250;20143708;20164375;20156833;20122125;20123417;20169209;20142959;20156625;20144417;20187708;20149125;20176583;20178792;20212917
393;19672083;19976750;19955125;19978875;20017083;19996667;20003125;19992750;20012834;19994291;19968459;19987417;19973292;19929625;19971417;19999125;20009708;20011208;20001625;19980292;20005500;19996792;19972333;19966959;19976083
395;13370125;13158166;13322000;13378083;13363959;13505958;13375459;13443542;13398833;13390583;13383458;13404416;13382958;13381625;13383791;13395667;13392875;13383584;13393083;13366208;13390083;13383666;13383041;13391000;13379709
395;21953833;21889167;21897166;21815209;21847791;21904291;21868459;21856708;21856167;21472292;21790167;21811208;21796417;21779333;21755958;21784875;21768625;21800833;21767250;21759250;21810875;21718625;21827542;21822709;21812875
397;22875250;22809792;23029792;22783375;22788167;22774875;22833375;22835375;22740875;22933250;22902708;22866792;22872917;22883500;22898167;22907292;22889334;22902000;22865917;22885917;22890458;22887542;22879292;22941042;22911000
397;18329208;18525208;18499709;18516166;18491875;18457291;18575000;18518416;18514291;18493041;18477500;18495708;18444750;18502333;18507500;18523459;18516042;18527500;18545500;18534000;18582250;18494167;18525583;18534500;18516208
399;21312166;21592666;21598792;21608875;21604292;21589083;21596875;21616667;21722042;21644250;21613541;21594959;21542375;21614500;21596625;21593708;21614833;21520625;21598458;21583625;21543500;21603708;21575500;21601959;21625208
399;15702958;15917958;15869291;15903875;15916333;15899000;15932875;15923416;15891959;15921458;15922583;15910541;15901291;15780125;15894541;15999500;16004833;15983167;15965750;15964333;15947416;15960666;15996667;16014250;15980959
401;20873333;20694041;20726792;20717084;20701542;20702167;20502250;20569000;20684708;20653125;20695125;20674167;20871542;20658459;20642416;20670833;20646750;20694167;20653500;20665791;20691541;20675666;20665666;20684584;20644167
401;20058458;19987250;20019500;19702334;20038584;20048208;20071583;20073042;20049208;19859875;19923167;19980625;19998250;19970750;19998083;20016000;19991666;20031042;19982583;19977083;19979584;19992708;20062416;20006417;19971958
403;12435666;12461292;12560208;12558042;12555875;12556292;12559042;12541500;12545959;12543792;12556125;12555916;12545625;12539833;12583333;12567417;12557917;12552750;12746167;12581834;12558333;12554542;12571917;12551709;12546291
403;18074375;18060917;18044167;18029458;18055708;18035708;18053917;18039166;18041750;18052292;18038000;18027667;18069250;18071542;18054250;18064458;18093958;18082792;18083667;18057542;18168333;17756459;17885125;17995250;18041833
405;14532917;14542584;14536167;14509708;14541208;14512042;14801917;14493792;14544000;14547375;14531708;14537875;14527209;14601292;14568834;14578666;14598708;14629375;14572208;14580375;14298292;14494333;14614625;14431125;14588625
405;17474834;17407416;17433167;17427125;17451334;17640917;17491125;17375166;17398750;17429083;17966333;17614791;17628084;17698708;17498084;17346291;17330833;17634625;17573417;17456833;17427542;17298125;17851583;17485083;17425375
407;17104542;16449250;16329625;16268333;16376084;16381666;16331000;16374042;16335417;16360875;16361292;16353041;16345000;16334625;16176625;16496333;16566542;16677959;16758541;16719250;16760916;16755166;16723917;16624208;16539458
407;23002291;22135209;22371083;22381584;21982208;22391833;22148541;22245542;22452250;22309333;22266458;22397000;22246334;22174750;22250333;22278708;22236667;22280166;22180042;22091042;22301917;22255375;22112917;22617041;22621250
409;13345583;13371500;13318666;13331542;13409000;13306917;13466625;13460959;13398084;13348583;13328666;13287667;13294583;13281167;13320250;13300458;13329791;13328875;13280583;13313291;13323167;13319375;13356417;13286000;13312000
409;10413375;10464208;10455125;10472416;10539250;10463833;10464959;10465417;10391250;10409750;10405209;10395292;10558500;10474166;10489208;10428292;10495000;10447375;10494958;10432709;10476541;10456833;10500125;10602541;10405208
411;24170167;23653834;23482125;23798083;23901292;23597792;23615250;23600041;23591875;23490709;23573875;23546833;23558375;23533667;23521875;23538500;23519583;23561291;23548459;23501917;23752625;23945959;24010208;23819292;23738125
411;18850292;18899042;18859917;18909208;18792541;18660291;19652209;18863042;18748625;18708166;18674708;18715959;18633000;18580708;18623334;18701167;18646583;18672041;18710583;18752792;18693625;18521709;19209750;19195709;19168125
413;25656792;25637625;25016625;24981666;24955292;24713167;24777750;24643708;24859208;24769334;24793458;24716584;24796958;24745875;24787541;24747709;24771250;24716833;24840000;24775250;24702958;25472917;25068167;24973792;24740250
413;15680292;15603583;15632334;15607833;15643000;15641167;15580417;15624541;15620917;15621500;15508666;15547750;15653958;15619000;15623916;15613333;15616709;15630041;15653667;15617459;15627833;15607875;15630042;15627167;15607958
415;24533708;24729958;24453959;24392125;24353875;24344791;24374833;24298875;24311958;24393000;24410666;24328958;24164500;24332250;24383958;24345542;24330459;24362416;25725875;25503333;24350750;24406875;24327833;24418250;24340292
415;20722500;20705042;20610292;20667166;20678208;20669833;20690209;20685875;20681958;20768209;20736875;20586041;20782417;20827667;20783583;20728125;20760166;20730375;20701042;20755834;20911167;20784083;20637542;20641375;20638541
417;14569709;14538167;14499500;14519958;14484334;14500833;14516250;14517458;14513583;14507375;14495958;14516459;14506458;14477375;14507750;14513500;14521125;14531542;14515250;14526625;14521292;14582875;14544334;14517375;14517000
417;23664458;23703709;23624375;23510583;23715709;23731917;23736667;23728375;23629083;23752083;23706459;23662459;23660750;23617041;23636750;23658291;23632542;23671167;23654292;23647458;23632292;23688416;23908042;23874125;23642667
419;24505541;25030667;24372875;24423292;24404917;24406417;24374750;24435291;24428416;24399916;24409041;24248500;24407917;24415583;24473666;24453875;24385166;24395959;24372583;24387792;24358167;24371375;24282125;24411708;24419750
419;24323709;24291208;24299584;24272083;24267084;24309250;24061667;24222584;24208042;24250666;24185750;24236791;24231083;24483125;24292666;24253458;24231833;24202542;24236667;24284250;24264375;24251916;24204916;24223958;24258125
421;24827041;24795500;24836667;24617833;24832375;25019166;24895667;24865792;24882916;24823417;24845417;24829500;24852875;24891291;24880833;24888083;24901500;24859292;24863042;24881541;24853375;24857625;24875041;24901625;24685959
421;23010958;23049083;23027625;23076667;23308125;23082125;23033666;22988209;23026458;23023834;23033792;23025208;23042916;23006333;23030000;23024750;23054000;23026959;23030083;23014459;23046833;23056000;23130417;23045958;23228084
423;25301209;25210333;25263625;25269750;25320167;25374584;25323000;25284167;25289542;25162708;25060250;25219708;25215791;25209250;25240416;25214958;25217792;25101000;25240750;25288083;25467833;25336167;25298083;25215958;25231292
423;22573625;22620916;22587916;22615375;22625625;22630834;22611458;22577041;22296250;22537667;22542750;22484417;22610500;22598250;22547959;22539375;22592125;22561166;22520125;22549708;22498334;22529000;22546458;22524916;22573500
425;26458291;26501292;26501459;26453708;26497416;26290541;26607375;26641667;26587000;26582333;26618750;26600625;27031291;26607792;26564500;26346667;26444875;26564917;26590000;26562875;26550375;26558042;26579917;26573209;26582708
425;16411959;16316875;16339833;16497542;16466417;16375958;16378041;16384166;16367417;16233125;16286833;16321333;16353833;16360417;16317459;16333208;16324250;16355250;16354917;16339958;16372083;16359750;16352209;16388542;16365417
427;18851041;18866084;18867375;18866209;18893292;18884250;18872459;18879875;18869083;18862958;18898958;18904458;18950833;19159208;18726875;18937750;18969208;18912083;19078167;18929792;18909166;18927834;18910291;18937167;18895542
427;22878792;22886000;22822666;22877834;22886666;22878709;22878500;22920542;22964458;22882542;22907959;22945375;23031042;22949333;22899042;22926000;22915625;22936209;22896666;22944667;22909167;22891292;22887750;22930917;22801375
429;21468042;21519667;21499042;21532792;21539083;21533584;21552041;21549791;21560875;21921750;21666417;21561166;21527250;21501209;21570667;21533250;21555958;21580750;21553750;21561459;21565666;21498791;21559709;21577833;21556209
429;24052208;24182375;24253041;24144208;24124542;24100583;24167584;24052041;24087917;24120000;23978834;23993250;24126375;24119375;24126958;24076666;24081959;24095000;24073750;24066917;24004958;24066959;24051500;24043458;24081208
431;17482625;17447500;17430166;17511250;17587333;17671250;17268166;17447083;17483583;17477584;17485792;17472792;17477917;17503708;17462750;17458834;17461667;17470542;17474958;17432125;17476292;17463250;17488542;17451833;17477083
431;18592792;18559208;18525542;18475875;18533084;18499417;18529667;18502833;18484167;18515375;18505292;18544709;18571833;18562417;18533416;18524500;18533542;18538167;18519875;18538125;18503166;18550875;18495167;18500041;18181083
433;21245333;21228208;21256292;21178500;21244958;21252250;21251375;21331834;21430542;21357791;21247500;21226542;21190250;21233666;21285917;21239084;21236667;21249625;21215958;21258041;21253334;21252584;21252167;21315958;21264000
433;23901625;24087750;24044000;24039542;24032958;24041625;24059542;24036708;24061416;24044709;24040041;24081667;24109917;24068333;24152291;24083084;24089792;24069666;24076791;24076333;24046125;24094709;24085583;23808542;24014750
435;15735666;15775750;15749167;15882458;15688291;15671416;15670666;15648750;15705583;15660708;15644875;15658875;15680167;15665125;15622250;15670958;15662292;15690833;15680875;15681625;15683917;15672542;15692125;15682084;15672083
435;19643667;19557208;19444083;19445791;19424417;19459250;19489542;19723709;19436125;19420709;19516500;19449083;19428792;19446625;19396584;19474125;19423375;19281250;19732959;19448166;19483958;19466375;19469458;19477292;19434666
437;21641084;21727375;21710875;21712333;21717458;21725459;21806125;21814917;21578667;21654125;21660208;21649959;21652167;21635292;21670792;21679875;21698792;21632375;21667458;21681917;21633125;21544417;21589875;21771041;21809750
437;28419625;28364292;28415083;28421334;28426250;28367375;28388750;28457500;28429125;28387083;28426041;28428959;28427042;28385333;28264375;28374583;28351083;31403167;33171709;33033042;33103625;32435625;33206250;32956042;33055458
439;24435125;24385292;24309042;24483167;24419584;24228834;24365834;24531041;24402417;21243250;21093250;20984209;20985208;21008042;21021917;20984708;20998250;20922208;20995417;21003667;20998167;21003167;21029542;20983792;20999333
439;24877250;24908834;24916417;24934333;24910542;24878583;24928875;24915833;24974542;24892458;24972458;25010750;25136416;25014917;24916042;24903083;24892250;24767833;24874666;24910958;24858959;24912000;24860833;24863125;24888959
441;18632333;18626458;18615167;18713750;18592167;18587208;18611583;18583041;18586917;18614792;18572292;18604667;18599584;18602250;18554584;18567458;18604083;18623208;18585375;18572041;18561791;18549083;18563959;18591166;18565375
441;18677458;18641667;18511875;18707125;18695583;18725209;18715667;18715083;18700958;18705500;18751208;18824917;18868584;18741125;18745041;18712250;18727666;18727166;18724708;18707458;18720625;18722500;18726792;18697791;18681375
443;13898875;13861541;13856334;13842167;13888458;13878833;13930917;13911583;13957750;13855041;13889209;13911583;13860166;13887917;13877750;13855000;13826750;13866875;13869750;13851042;13874208;13836083;13873458;13897750;13883875
443;25087916;25326417;25304792;25331084;25402792;25420833;25356167;25363959;25313166;25344334;25307375;25323292;25272667;25320000;25282833;25656792;25468958;25335875;25321709;25311208;25326750;25339000;25320708;25352250;25274000
445;19339833;19298500;19279041;19304666;19342917;19399583;19422625;19336458;19285500;19308875;19337583;19343709;19307250;19321250;19322750;19293542;19296792;19285917;19299291;19258416;19283542;19308625;19308458;19329334;19323167
445;28976084;28905167;28937500;28910625;28933083;28897250;28853666;28759250;28881708;29058167;29009208;29021958;28863042;28867292;28893458;28863084;28904542;28905167;28881625;28895459;28909375;28611250;28982250;28871667;28876916
447;13926708;13847917;13904042;13943208;13890084;13902708;13934167;13916208;13942041;13995584;13926792;13944292;13947000;13973459;13992750;13933792;13924167;13970042;13896833;13906166;13792000;13888333;13990583;13991459;13984041
447;13677500;13703833;13610583;13624333;13588667;13607417;13620333;13610125;13585792;13620833;13644750;13676125;13665292;13626625;13729250;13667500;13694750;13725708;13725458;13719750;13663959;13648541;13675000;13617500;13655375
449;27510459;28088292;27826166;28277417;28044750;28217666;28191750;28419041;28022417;28213125;28059708;28114791;28018083;28352625;28165791;30612792;30503833;28841250;27877625;27591750;27624917;27453750;27465041;27498917;27514583
449;18092500;18102167;18089666;18053584;18060625;18043542;18056250;18025042;18133333;18042959;18192875;18079584;18058208;18052459;18028750;18057583;18024500;18012875;18024500;18062166;18010416;18034292;18028041;18037042;18019791
451;28531792;28597791;28593625;28518125;28525167;28374791;28565459;28547833;28534667;28547125;28534709;28591208;28533792;28539750;28519917;28530625;28518209;28518458;28513750;28517125;28655584;28668334;28623084;28665375;28727667
451;24167625;23990333;23986500;23940959;23917208;23950541;23987792;23938334;23917917;23959333;23978541;24013750;23981375;24044416;23997750;23933125;23982084;23943000;23929375;23947666;23979291;23958375;23905916;23895709;23913125
453;18598959;18623834;18630083;18603250;18507916;18695583;18689208;18720459;18675500;18676292;18697916;18688792;18660459;18660042;18700500;18676208;18658250;18699833;18679208;18721125;18759666;18729208;18847250;18722250;18679500
453;22862875;22773500;22774750;22792417;22779375;22759833;22763792;22748875;22749875;22759041;22792000;22829625;22766958;22771667;22741542;22636084;22690084;22737542;22726875;22740542;22763625;22758791;22744041;22772166;22750750
455;23050125;23021709;23120541;23103709;23084041;23074750;23105708;23145083;23099958;23102500;23105333;23099542;23140500;23084625;23071166;23278916;23124625;23083459;23113125;23083666;23117209;23115458;23263958;23237250;23653292
455;31121542;31078917;30753833;31416167;30940167;30871042;30671208;30291708;30268083;30291417;30265417;30273250;30248791;30354959;30069250;30303834;30295084;31123583;30791167;30397958;30154625;30233917;30180125;30199750;30133584
457;20722625;20825292;20887458;20741500;20693875;20695833;20677125;20685875;20708709;20741291;20481917;20673291;20675917;20693208;20685292;20668958;20739958;20741917;20507625;20618792;20678833;20622250;20670708;20650667;20652875
457;24784917;24653208;24920709;24868875;24739459;24748500;24686375;24692792;24658708;24567375;24795166;24733917;24772750;24778708;24845500;24801209;24776875;24762041;24733375;24759875;24918958;24860084;24763708;24515625;24832583
459;21598875;21595541;21676625;21699375;21641041;21811125;21690084;21726500;21670959;21772541;21816958;21798458;21709584;21738458;21733125;21764792;21686125;21696041;21715833;21670917;21686750;21778375;21703750;21730500;21711625
459;30879667;30911416;31021708;32738542;32223083;31062125;31313542;30956375;30916875;30843583;30990541;31257917;30911417;30803833;30919042;30879584;30888083;30903917;30883208;30889917;30755041;30908291;30862250;30832166;30816875
461;19415375;19322834;19392333;19391875;19384167;19404292;19366125;19339750;19425209;19353792;19351542;19338541;19390250;19347458;19370250;19363542;19319000;19364417;19553792;19564959;19533458;19529333;19556708;19513334;19568833
461;26898916;26973500;27197000;26958209;27136375;27092625;27003292;26998458;27008250;27046583;27048125;26992000;27040375;27628875;27535583;27867334;27896083;27541125;27630167;27567542;27454500;27703125;27489750;27562000;27555334
463;28104791;28016333;32169334;30024291;28286292;27586875;27557500;27470084;27431916;27431708;27461458;27486625;27489541;30192125;31931500;30351250;29470375;29524666;27896625;28140416;28147250;28250292;28166084;28033708;28258208
463;32262500;31517000;31416500;31540084;31837292;31881500;31671833;31575459;33502500;31889375;31447834;31447417;31549791;32605125;32033333;31458416;31378709;31404834;31373166;31365666;31386667;31492875;31599958;31463125;31380583
465;19741334;19679958;19656500;19705166;19668416;19643542;19635875;19690708;19719625;19699584;19677958;19678417;19670792;19624792;19644792;20138209;19978084;20025667;20465584;20083000;20040667;20146833;20203417;20110667;19965042
465;21386917;21403167;21534375;21162500;21047291;20719500;20683875;20649334;20653000;20675166;20658959;20684375;20975667;21595334;20722709;20658041;20664458;20630958;21223167;20730042;21162792;20874250;20695166;20671125;20674833
467;25525958;25489875;25520750;25532042;25553458;26089667;26111500;26406750;25690375;25576667;25537458;25594417;25601125;25561625;25601542;25639208;25708625;25611042;25648583;25774208;25690833;25802375;26024541;26549500;25967667
467;32820167;32734416;32654333;32757250;32703250;32616375;32840583;32896709;32720833;32675042;32672625;32613209;32561833;32552292;32499958;32718792;32578416;32547792;32546000;32581750;32467334;32513625;32487333;32493834;32433208
469;20556250;20422417;20406541;20273250;20491458;20379458;20237084;20195792;20252000;20268500;20139834;20953375;20328042;20187667;20145375;20104208;20144250;20088250;20113834;20236541;20132542;20345209;20171959;20164875;20475500
469;16904875;17210625;17380292;17007792;16861250;16766542;16821500;16787125;16712166;16577458;16448584;16375916;16363084;16373875;16387375;16381333;16384917;16395500;16391792;16417750;16391917;16374500;16389459;16374083;16381875
471;28575583;28529042;28565833;28581750;28611209;28702459;28610250;28621208;28637000;28601875;28590625;28592625;28627000;28608667;28604916;28671875;28755375;28830000;28630250;28599458;28573625;28644542;28660667;28675583;28670833
471;28398209;28754791;28585667;28554959;28556167;28587292;28591917;28455250;28586833;28521750;28497083;28550292;28523042;28461708;28487292;28515000;28526792;28463959;28526583;28480875;28487667;28510000;28527708;28492875;28487958
473;23657708;23750541;23720250;23959458;23733916;23689625;23697041;23711708;23722875;23691500;23605375;23685125;23720584;23784791;23699125;23676584;23700583;23705000;23728666;23676500;23659708;23671583;23669875;23768083;23746542
473;25433542;25359542;25332167;25341458;25312875;25326167;25294708;25311875;25317209;25339250;25347959;25297791;25339000;25307458;25344250;25300417;25333083;25401334;25352125;25317209;25612041;25355875;25312291;25338000;25368417
475;19388583;19452167;19443209;19401875;19621375;19431416;19507333;19500084;19441417;19479500;19495667;19298500;19456500;19489916;19464291;19476959;19495875;19537209;19493959;19480625;19516958;19477250;19522584;19493583;19512292
475;28652584;28516459;28571250;28619083;28608042;28635583;28621875;28613042;28638458;28608625;28591958;28738500;28639917;28788667;28625208;28624333;28586500;28651167;28563083;28582666;28697958;28626167;28500166;28579292;28607625
477;22365542;22335750;22401584;22394833;22389291;22354875;22397000;22437708;22378083;22350625;22397875;22417042;22422625;22458750;22326750;22336667;22381542;22357708;22373750;22359667;22360250;22367333;22340500;22347333;22318542
477;24089875;24132917;24146125;24165333;24335916;24155792;24130542;24119750;24188083;24162958;24150625;24147208;24348250;24257625;24239417;24215042;24216208;24231916;24217791;24222541;24229750;24234167;24087000;24191042;24204166
479;26202417;26150833;26159292;26184167;26190416;26173208;26198375;26171959;26168500;26188458;26175834;26140458;26181250;26160625;26174875;26175166;26205125;26240583;26162667;26375042;26155292;26162042;26164792;26200459;26170542
479;28322959;28349791;28366000;28382875;28347250;28360250;28306625;28297750;28368708;28416125;28292416;28298209;28322375;28300042;28337458;28318208;28296583;28341291;28277416;28160834;28281667;28258750;28295209;28302750;28297667
481;32544708;32511833;32642583;32542666;32859916;32572167;32545042;32541917;32548500;32529334;32568333;32629667;32582041;32630250;32641459;32632167;32660208;32574292;32631958;32602875;32619125;32625250;32659417;32649042;32657292
481;21599125;21417875;21515416;21548750;21516333;21533125;21546583;21536834;21525375;21524250;21501375;21547875;21627166;21528667;21646292;21582541;21525000;21541833;21533167;21538792;21513541;21534166;21545667;21587250;21535417
483;31130333;31095666;31173334;31197958;31193500;30991542;31162292;31139000;31137167;31172833;31160917;31179459;31113333;31145209;31178208;31244625;31220042;31225209;31297583;31237000;31191792;31148875;31167167;31367792;31176458
483;27451000;27608166;27409709;27424666;27405459;27404708;27454625;27564000;27522250;27354334;27349375;27388875;27356459;27340083;27352792;27399041;27363167;27369458;27354542;27459000;27389875;27400834;27479458;27383334;27381208
485;24820042;24909042;25106208;24727958;24746042;24729209;24754250;24742083;24721167;24704250;24867041;24762042;24712542;24890458;24794125;24767875;24771542;24773667;24796583;24749084;24910791;24829500;24744500;24819458;24821000
485;25479375;25455958;25459375;25472875;25476167;25454834;25426542;25514500;25455958;25451625;25481042;25327875;25442542;25438708;25431958;25435166;25418875;25417250;25414167;25463125;25465250;25448459;25448333;25383041;25416042
487;30533000;30526709;30652250;30487458;30494334;30397875;30472208;30508416;30467459;30653958;30458959;30480917;30706125;30488167;30508666;30488750;30437375;30423583;30479000;30480041;30355750;30668834;30512709;30467625;30517375
487;23628000;23652791;23636542;23595750;23677667;23601875;23606959;23670833;23610542;23685667;23613375;23636167;23584333;23818834;23594542;23647000;23628333;23665041;23545500;23645000;23453166;23638334;23636667;23655000;23651209
489;29023750;29059125;29125959;29098333;29102250;29075166;29167291;29100834;29110208;29081500;28913667;29058833;29137958;29172834;29128916;29106125;29119834;29013625;29060875;29056500;29032250;29064041;29212167;29094500;29192458
489;20410458;20233916;20241375;20215833;20245209;20241208;20249583;20346625;20297459;20334292;20292500;20261958;20146292;20244000;20270667;20255625;20276375;20329167;20278708;20312250;20274792;20289125;20271334;20331167;20309167
491;27826042;27816750;27804958;27762583;27767042;28165083;27813875;27814375;27811083;27796042;27759291;27775083;27797334;27898583;27892083;27778625;27789917;27856292;27815209;27839500;27832750;27815209;27857500;27816875;27819666
491;25268708;25304666;25300666;25336542;25311167;25316750;25294708;25324416;25324959;25326125;25355708;25305416;25333750;25329292;25322750;25351167;25350042;25296542;25338875;25400666;25410625;25405084;25437375;25404000;25378458
493;23120875;23058834;23076833;23191416;23072291;23085500;23307916;23133417;23100375;23083125;23111750;23119166;23168458;23131875;23391375;25008000;23246208;23063666;23043000;22967334;23026750;23076333;23023750;23047916;23061125
493;33730375;33687500;33680625;33660667;33686000;33734292;33732833;33759959;33553041;33544875;33639417;33617458;33638166;33635084;33675041;33633917;33654625;33616708;33982125;33509250;33677666;33863625;33683000;33679625;33706542
495;23991125;23949625;24041334;23946750;23951958;24000125;23948708;23984709;23964500;23976042;23944708;24004708;23944792;23980417;23989917;24003041;23952167;23973708;23947750;23939417;23960125;24013209;23989667;23989583;23987334
495;31601167;31670125;31610834;31660500;31607375;31692834;31703958;31655583;31730000;31704125;31702875;31734458;31655125;31715916;31459459;31625125;31646459;31655666;31637334;31575666;31575417;31605792;31562125;31667958;31654875
497;25952167;25995792;25881250;26038416;26056542;26025500;26049041;26062666;26070875;26082708;26161458;26024125;26186542;26097250;26071125;26037667;26006125;26007833;26145084;26036666;26044500;26041333;26013667;26038375;26019666
497;22891625;22902625;22918542;22986166;22998583;23029000;22986834;22974000;22957375;22981833;23007167;22997125;23005083;23052291;22977584;23018916;23014917;22979000;22971250;23005250;22839542;22962625;22960625;22924166;22994125
499;22052542;22199708;22378584;22389041;22408458;22586291;22219792;22119584;22116041;22132292;22207584;22130125;22177834;22117000;22124291;22106959;22097625;22092416;22103208;22122834;22074375;22002917;22030042;22038625;22076042
499;27468500;27393042;27423417;27390333;27549541;27541584;27506542;27476666;27418083;27426333;27361208;27455958;27469042;27458333;27475084;27451791;27471083;27590542;27485625;27335833;27437625;27697208;27467833;27411209;27509833
501;35580458;35504708;35463875;35459625;35448708;35494375;35497083;35472459;35597416;35651250;35674792;35669833;35671250;35689584;35623417;35642458;35643708;35572209;35499125;35512833;35514958;35481583;35656042;35493625;35517500
501;22131875;22019625;21979750;22007667;22088000;22010666;21987500;21984833;21983417;21995208;22014209;21988750;22014959;22038250;22030708;22069041;22027958;21998667;21887208;21963708;21960042;21952750;21968875;21967542;21961958
503;26739833;26759000;26723083;26694250;26721292;26733083;26694875;26731459;26668417;26718167;26750708;26714667;26785875;26843292;26770542;26767125;26782042;26792000;26838000;26689167;26844000;26731000;26724417;26699584;26708958
503;29702000;29703875;29805083;29772042;29769625;29745750;29796333;29822292;29706125;29831917;29839917;29791667;29796416;29740959;29742625;29680292;29609791;29674500;29724666;29697209;29696375;29694208;29788042;29697333;29727083
505;33698542;33838958;33811875;33796959;33745292;33739250;33731667;33756750;33741250;33721583;33744000;33741500;33755791;33756750;33702459;33640709;33810875;33887500;33822875;33833583;33849334;33808458;33851917;33818458;33841583
505;37790875;37759958;37880333;37694083;37703500;37877625;37581792;37759166;37679583;37660875;37701833;37635208;37683375;37721333;37621875;37699791;37657416;37639458;37617583;37725167;37812458;37717292;37688125;37750666;37520625
507;38591250;38645459;38671833;38734791;38704500;38699000;38655166;38891334;38878250;38833917;38768000;38791042;38853167;38888250;38776709;38808416;38776584;38777042;38771791;38609541;38642000;38702292;38684209;38653250;38679542
507;27293083;27376958;27379084;27398708;27184334;27290791;27289667;27317084;27257292;27286833;27307250;27490125;27356833;27360750;27304084;27348000;27292333;27349292;27204709;27347084;27385291;27379834;27392792;27380292;27397625
509;22326125;22297958;22380375;22355167;22336083;22354708;22368959;22394292;22380583;22373667;22371791;22363959;22364708;22390792;22375375;22358792;22347958;22353209;22381708;22249375;22304333;22321459;22433583;22360375;22348167
509;21680583;21668042;21832042;21687667;21796791;21738167;21722375;21663125;21709917;21721167;21744042;21703250;21689125;21707750;21746375;21779833;21731375;21751250;21777292;21737292;21768917;21777250;21795292;21786875;21749250
511;36528000;36612292;36572417;36589875;36540875;36605875;36608916;36528541;36479833;36540708;36648375;36552750;36517792;36640625;36652833;36653542;36562125;36520333;36449875;36461334;36482375;36445334;36444208;36417542;36505959
511;25974750;25946042;26029833;25986708;26004709;26037500;25995750;26040625;26022459;26035625;26012291;26024333;26015833;25941042;26030250;26065833;25989500;26035791;26097666;26040000;26013833;26014709;26016125;26042292;26291583
513;25012959;24765416;24655584;24658708;24591084;24716291;24664208;24682500;24692500;24679666;24634375;24609875;24706417;24735791;24745250;24721958;24746917;24761250;24759583;24782500;24738333;24761542;24765708;24750042;24783083
513;30618833;30631000;30688375;30703000;30701208;30702333;30824625;30762708;30699667;30708042;30618416;30980625;30760958;30774167;30688833;30712375;30642458;30713125;30789542;30773042;30709375;30721167;30709375;30515708;30681667
515;24964000;24874666;24828500;24889833;24828708;24897208;24855208;24832667;24868709;24854417;24811333;24843542;24962334;24889708;24908750;24914875;24939417;24976500;24935833;24917208;24803250;24910792;24925084;25244083;24991416
515;35381209;35305666;35273084;35314708;35332875;35322375;35336167;35269042;35302416;35243792;35261250;35242959;35325416;35295666;35300375;35294041;35282750;35294666;35298625;35273000;35286500;35283958;35270625;35438958;35228208
517;32196209;32149416;32645709;32236542;32212875;32190167;32209625;32193750;32155459;32240333;32164250;32178458;32201875;32201000;32264167;32293041;32273583;32289834;32273958;32271500;32185875;32275625;32248583;32300042;32309000
517;24315000;24308500;24286000;24286500;24314292;24353625;24269375;24262625;24252791;24236583;24547292;24417708;24224500;24231625;24262166;24271500;24238041;24255875;24248958;24279375;24221375;24259541;24273125;24255542;24290625
519;24634583;24579750;24648500;24607208;24633166;24630125;24641291;24604083;24638000;24599500;24638250;24540416;24577709;24571375;24578625;24604167;24586209;24568458;24598417;24570125;24690459;24658750;24608333;24595916;24592875
519;27455666;27779666;27434541;27448084;27465250;27446083;27433708;27447792;27443459;27439083;27468709;27425083;27440208;27462375;27441833;27492417;27363334;27495208;27493583;27501459;27475875;27470875;27442667;27484417;27425792
521;27024791;27019166;27056292;27013292;26980666;27053584;27026000;27103292;27067334;27042333;27000250;27040166;27299042;26999083;27086709;27059167;27065625;27061042;27069208;27042458;27061458;27054250;27053667;27017917;27076625
521;35104458;35120917;35156667;35158750;35181542;35173167;35217625;35063167;35219917;35212541;35206000;35196625;35205792;35227333;35213125;35465541;35230625;35229167;35460083;35450958;35174125;35226083;35211334;35230583;35237750
523;28200250;27981625;28113209;28068875;28147834;28157500;28125250;28134583;28153333;28162667;28156417;28119792;28089834;28115333;28209916;28063125;28076959;28091083;28067375;28067666;28141375;28077083;28098500;28285625;28141833
523;30617417;30675417;31197959;30953917;30848208;30840875;30819083;30842084;30830708;30852375;30837875;30857041;30801125;30826459;30796792;30783833;30829834;30817916;30821334;30747667;30784375;30793041;30778209;30801875;30636750
525;27752209;27755125;27748792;27770000;27811416;27780333;27993792;27867833;27813583;27742209;28015250;27818833;27768625;27772167;27793959;27815417;27730458;27755333;27742292;27761667;27768583;27746041;27731834;27799833;27796167
525;40458458;40426625;40471125;40495625;40488041;40476917;40446958;40480750;40456292;40430583;40408750;40495583;40456791;40428791;40653958;40544500;40350375;40389292;40408791;40380166;40374166;40411291;40379375;40468084;40414541
527;37634584;37605958;37712292;37677542;37685500;37739958;37731875;37711292;37682584;37705167;37796750;37770542;37913750;37764958;37798625;37921209;38022458;37830541;37853334;37752708;37829167;37770333;37767042;37760667;37803250
527;23752083;23766625;23778125;23725416;23805000;23792584;23823583;23850792;23808875;23825917;23832958;23799042;23862708;23828875;23837167;23832375;23833750;23821708;23803583;23788458;23800833;23793167;23942708;23802208;23799750
529;24144583;24208584;24101542;24314375;24114125;24103250;24104291;24102875;24141542;24070500;24078917;24086792;24150166;24132042;24122292;24104625;24155500;24114959;24129375;24141667;24158792;24155041;24152250;24120583;24132500
529;42110542;42149791;42150166;42104041;42133250;42148750;41877083;42165250;42124750;42066500;42242167;42417583;42056750;42114417;42148334;42087292;42207583;42142292;42169000;42129708;42163833;42033209;42088875;42095959;42087875
531;31447625;31402833;31469125;31407708;31405708;31394875;31380500;31385959;31408041;31389125;31356667;31375583;31338583;31606250;31372583;31385833;31380416;31374083;31313416;31362500;31367042;31390291;31367416;31434292;31397209
531;30426833;30453500;30520291;30472709;30442083;30430791;30430083;30407000;30438917;30394333;30403708;30409667;30431500;30421792;30404417;30518000;30491250;30463625;30536833;30564791;30683875;30524792;30482917;30501125;30525125
533;34544541;34339375;34418084;34449000;34445500;34424166;34364166;34423000;34372417;34464666;34521459;34482958;34476708;34478417;34510667;34520583;34488333;34496000;34461708;34478875;34600083;34574584;34324875;34483416;34451417
533;22260667;22079500;22045666;22042208;22068625;21959708;22072625;22070500;22103084;22135916;22111958;22121000;22092250;22123167;22030958;22045709;22043083;22063792;22063625;22059375;22155458;22112334;22069083;22030917;22045250
535;19320333;19260833;19273417;19254375;19280959;19281958;19273250;19257500;19259625;19299500;19265917;19252333;19275750;19272958;19252000;19223167;19286000;19267459;19274292;19252708;19338750;19295167;19288375;19311500;19345084
535;36852584;36705958;36711542;36667541;36736541;36710500;36688375;36628417;36635292;36648792;36641041;36632083;36636792;36636292;36634084;36678333;36639000;36678833;36613000;36593208;36685417;36685875;36826750;36689208;36799083
537;32847625;32859416;33034250;32912458;32934209;32896000;32819083;32891875;32921375;32855875;32763792;32795416;32818459;32781083;32824625;32805250;32822375;32834916;32868666;32843041;32810917;32844083;32798917;32857542;32687375
537;42885875;43052958;43079084;42989666;43054667;42994375;42957250;42982500;42961667;42978833;42919041;42953084;42926917;43038791;43020791;43043708;43026292;43016750;43050625;43073667;43076833;43081791;43051000;42790625;42841083
539;40465209;40401459;40246750;40331334;40519625;40325167;40309584;40304833;40314708;40340250;40335209;40345584;40356500;40355750;40350958;40373667;40077500;40376667;40383667;40431291;40405125;40378208;40401125;40425500;40443500
539;30877791;30826667;30863792;30847916;30787959;31001125;30837667;30822542;30776417;30865583;30822833;30862625;30840542;30853917;30643042;30750000;30750625;30770834;30789458;30819542;30793250;30728125;30825167;30759375;30736084
541;43947750;43928500;43994458;43996250;43982125;44091417;44026625;44001042;44031625;44059958;44033125;44070125;44055959;44040208;44041625;44085250;44097209;44073167;44062250;44029500;44077000;44023875;43973709;44020792;44062333
541;39611833;39542542;39516750;39637083;39606875;39576791;39586584;39788583;39542750;39565250;39500750;39552875;39535625;39602333;39537917;39593291;39513542;39593000;39581375;39611333;39572042;39704542;39631250;39613209;39673167
543;24466750;24545000;24563167;24580708;24555166;24658417;24533250;24642375;24613375;24526917;24563500;24541708;24555333;24714542;24507667;24543750;24549917;24529583;24514375;24513708;24516167;24522167;24577917;24531250;24503667
543;39578542;39482208;39685084;39780417;39758208;39766667;39770292;39770750;39673875;39631292;39673666;39680750;39706750;39910584;39831375;39711916;39696458;39773542;39994125;39776292;39716042;39730917;39724792;39788875;39698292
545;22641833;22681750;22658542;22708000;22685708;22680333;22678417;22705750;22692208;22684500;22699833;22648167;22646916;22674375;22672625;22712042;22683042;22653209;22716750;22713583;22667667;22725000;22705166;22865542;22740750
545;39910583;39825834;39789000;39906833;39859625;39856625;39819667;39801959;39768541;39770375;39756416;39917875;39904208;39905667;39841208;39864041;39869417;39823417;39807125;39831333;39852041;39854750;39774375;39757917;39844167
547;35037875;35082708;35115458;35092250;35289125;35121416;35088417;35126875;35125208;35146084;35166958;35160917;34984625;35098583;35109375;35068041;35132459;35065833;35071500;35088208;35095958;35146542;35162666;35170958;35171583
547;27699333;27756458;27937792;27787041;27848459;27718209;27748042;27737125;27724666;27831125;27840833;27755958;27741250;27755000;27699500;27746166;27716459;27628208;27768875;27770209;27762375;27760250;27747167;27727583;27754584
549;21421167;21436000;21425459;21382125;21362000;21367334;21337417;21382750;21398917;21419458;21402833;21386459;21417542;21380958;21396042;21402500;21412625;21434375;21498250;21507458;21433834;21405291;21403584;21424583;21415791
549;37297000;37265917;37174958;37254166;37190458;37191041;37235833;37219916;37209833;37184417;37210458;37216542;37169916;37161250;37116166;37118458;37136792;37187750;37147625;37228291;37259584;37113541;37262500;37286291;37200625
551;42378000;42321458;42371125;42563667;42408666;42373334;42375250;42379708;42305375;42359834;42406250;42427875;42389583;42429750;42186625;42248708;42192208;42234375;42285458;42333458;42219042;42322291;42381000;42274459;42321166
551;32292500;32253375;32434917;32236250;32257125;32316625;32260250;32286209;32311041;32277291;32325042;32345208;32305375;32326917;32331750;32423625;32327958;32375084;32354208;32104375;32375750;32320458;32323125;32311459;32333958
553;35487125;35639833;35606583;35460250;35475458;35518542;35478417;35658583;35507792;35535708;35517000;35570750;35609708;35547250;35565917;35487375;35551750;35492458;35522500;35507792;35527083;35526167;35548167;35517916;35459250
553;21942167;21968375;21935375;21961292;21948292;21974292;21957125;22070875;22015209;21969167;21992375;21978917;21943333;21939166;21913250;21963083;21954084;22147875;21934083;21915750;21936458;21951500;21928125;21925958;21930041
555;35117167;35152417;35151167;35212708;35301875;35071292;35203500;35197375;35288542;35309667;35235666;35258625;35142958;35177208;35184458;35191667;35213292;35400125;35277417;35206792;35280083;35096083;35205417;35458208;35348291
555;40140709;40090125;40099625;40160834;40170375;40158041;40171167;40196917;39903208;40015917;39978125;40037750;39988625;39976625;40037583;39938334;40048125;40067334;40258417;40108042;40079708;40064291;40037625;40238875;40025291
557;28292958;28334458;28351958;28393875;28389375;28387084;28404000;28359000;28403459;28373667;28383834;28366500;28422208;28380125;28433375;28346125;28373959;28404667;28424458;28389125;28413292;28345125;28367541;28337917;28360042
557;38900334;38761416;38738250;38688791;38688625;38831958;38736208;38653833;38714500;38690333;38692583;38671208;38677834;38709500;38720667;38707416;38743958;38540541;38619792;38612667;38623750;38675291;38727417;38716875;38587292
559;32006000;32229208;32046292;32155375;32096875;32044875;32107708;32182459;32132791;32076625;31936166;32135916;32009500;32141584;32188500;32187667;32135959;32168750;32189791;32147250;32174375;32174792;32175625;32078334;32050167
559;45202833;45184709;45265333;45236709;45241125;45508458;45368125;45448417;45359167;45375209;45567708;45414583;45201959;45245666;45231958;45227459;45293792;45272958;45245709;45258250;45203416;45280625;45197500;45264334;45241500
561;33518417;33595834;33528666;33760875;33605417;33663667;33593583;33595166;33606250;33603542;33899166;33615875;33561041;33560875;33611583;33589250;33600791;33620250;33624625;33586958;33610708;33587458;33438208;33503167;33505958
561;39464750;39448041;39411958;39471375;39528208;39511084;39711208;39725958;39563458;39485458;39528750;39337333;39590709;39577250;39483334;39510750;39572167;39531875;39489167;39497208;39571625;39551000;39550583;39543458;39473250
563;47862250;47938791;48068959;48111250;47987375;48351250;48246333;48043083;48072208;47980459;48094042;47932833;47914042;48046208;47922750;47936708;47975167;47950875;47953292;48000500;47914042;47881292;47926459;47962708;48012625
563;42291333;42515667;42626125;42453834;42447041;42399292;42399292;42693084;42374333;42342000;42400709;42363208;42349834;42407958;42530583;42476500;42504291;42349542;42461000;42274375;42299667;42328292;42316125;42398833;42426875
565;29368000;29332083;29324000;29380625;29362375;29365041;29355917;29383291;29606292;29303709;29167542;29237375;29258708;29281792;29264042;29270208;29245666;29273375;29237667;29292041;29296833;29297958;29303583;29306750;29269375
565;37393500;37326250;37475458;37516791;37528875;37583292;37711792;37734041;37571833;37454584;37402625;37437959;37669833;37557417;37452875;37432208;37347625;37495833;37593000;37555291;37522250;37514209;37599333;37572750;37540250
567;33687833;33632875;33682250;33629208;33659834;33811458;33895584;33960875;33849791;34007125;33938667;33818500;33684083;33660250;33658917;33685583;33730792;33755375;33750584;33679584;33695417;33665375;33670583;33651417;33689459
567;30495500;30456750;30464916;30523041;30435000;30486708;30439333;30505125;30505958;30497666;30472625;30513792;30538250;30566459;30588750;32767875;30880709;31373709;31563417;30588000;30564875;30535125;30559750;30522291;30645500
569;31507584;31365500;31328500;31289625;31273500;31180333;31206667;31230416;31183875;31233125;31244250;31230292;31250042;31280291;31232666;31222167;31267917;31246458;31304334;31257417;31258583;31301375;31419833;31426916;31399125
569;38092917;38069834;38064209;38057208;38187042;38471167;38192542;38157000;38219209;38174958;38236209;38278333;38266417;38200375;38217292;38259625;38268208;38241584;38238666;38273917;38224125;38257625;38223708;38331833;38231667
571;50563458;50549625;50486584;50492333;50559834;50630041;50549000;50486917;50511083;50487667;50471875;50498208;50611167;50674542;50679125;50686125;50643917;50672833;50662125;50725375;50670459;50575750;50520291;50521417;50756916
571;46845417;46883250;47010958;46885709;46858541;46926375;46876708;46860917;46864208;46829375;46886208;46994500;46908917;46949458;46986458;47110042;46973417;46922959;46923375;46934125;47086875;46923042;47032583;46965958;46954292
573;47442041;47438083;47509667;47564833;47534958;47365125;47365250;47420291;47355292;47390667;47544917;47411541;47438416;47486583;47462875;47552958;47640417;47485333;47392791;47273125;47369375;47372834;47349625;47390000;47415750
573;38791708;38800416;38781709;38799917;38901541;38891000;38860625;38972375;38924875;38990708;38903083;38971708;38973042;38953875;39019417;39013375;39153416;38822625;38831791;38788917;38837333;38809000;38897041;38812750;38878833
575;50947583;50750417;50897417;50813833;50738750;50867667;51120083;51045625;51068584;50927708;50910875;50863584;50824875;51122292;50821667;50667417;50734333;50789000;50812834;50775416;50925417;50906375;50919750;50987958;50910875
575;29661083;29774708;29731292;29721333;29827625;29720666;29708250;29712791;29750625;29771167;29762583;29753375;29740208;29932875;29803000;29770125;29736833;29799708;29758000;29808958;29717125;29722583;29695500;29680792;29697250
577;31651792;31700125;31788292;31688625;31711750;31740916;31724000;31708333;31696250;31763750;31662042;31691375;31853334;31693708;31766042;31732750;31653250;31746958;31716958;31701541;31878542;31703750;31750542;31682125;31631542
577;34099875;34093125;34146833;34162875;34149750;34198459;34132666;34018042;34041500;34071708;34123542;34077333;34073625;34082416;34174542;34027125;34117833;34170583;34097250;34096583;34165959;34035916;34111708;34072875;34173542
579;45513042;44357250;44266333;44217625;44200583;44268000;44332333;44391375;44246417;44189125;44188708;44178000;44149084;44187875;44265917;44262417;44323333;44246792;44284000;44298667;44262042;44282333;44425708;44325334;44232833
579;50245000;50213166;50256209;50325708;50329417;50187375;50148375;50197375;50255458;50232750;50256125;50146917;50233459;50134458;50075167;50144500;50182417;50134750;50439166;50316000;50297666;50166709;50246334;50298084;50234958
581;26097667;26128334;26167708;26151208;26183542;26097958;26108583;26114084;26166250;26093458;26288750;26214500;26184459;26130792;26274709;26181959;26183959;26189958;26176542;26185375;26209209;26160667;26221833;26175042;26188209
581;31562708;31349250;31249125;31328667;31331709;31373417;31366166;31408583;31377584;31359500;31354667;31266958;31293875;31286333;31283542;31283459;31286708;31250625;31269375;31297958;31331041;31331833;31398417;31352792;31321375
583;25540375;25476792;25475708;25471209;25463500;25453375;25463250;25481125;25628875;25572417;25503125;25501375;25496125;25468833;25526083;25502750;25547167;25501375;25496917;25366292;25450792;25416333;25399750;25418541;25404958
583;33770125;33785250;33800959;33746125;33844541;33985083;33903292;33800791;33885750;33864417;33873666;33775292;33828792;33894625;33914625;33824000;33857792;34087958;33853167;33788167;33721625;33708041;33739417;33767000;33759750
585;30495750;30128709;30103666;30057000;30149875;30107083;30111709;30177584;30181083;30247833;30178834;30407458;30227166;30244875;30357875;30265000;30209125;30223042;30236875;30260000;30086084;30111250;30172417;30169083;30277375
585;52680834;52476416;52594500;52481625;52528334;52478541;52412209;52357875;52438333;52430833;52484041;52558042;52449500;52694542;52461584;52525916;52504209;52456083;52796042;52494125;52515792;52531541;52578334;52538292;52513250
587;50836792;50809542;50718042;50741583;50754459;50929625;50838167;51056917;50870292;50864042;50858000;50806458;50838834;51067584;50665958;50712708;50733750;50840458;50785125;50718250;50754291;50827333;50728750;50723958;50790875
587;51446417;51535375;51694208;51660375;51729959;51761750;51660208;51946167;51762500;51684042;51669792;51656125;51729792;51724959;51686625;51675834;51620666;51463083;51486667;51538583;51475375;51673250;51510417;51491291;51595958
589;48150459;48105916;48352125;48160875;48210500;48262958;48311416;48322875;48320958;48320750;48356500;48339542;48337875;48102500;48217333;48148042;48247541;48101458;48141292;48282750;48383167;48308583;48342417;48571416;48402084
589;30091250;30167541;30168125;30228500;30157375;30192250;30244625;30178333;30208417;30230417;30214250;30159667;30212125;30133584;30168167;30258333;30206750;30178959;30195458;30220000;30246417;30218333;30269292;30246291;30228417
591;50774666;50749750;50770583;51025708;50827500;50711708;50754625;50754541;50760625;50734625;50767917;50651250;50608167;50683083;50784625;50653333;50675084;50715167;50534125;50568708;50595417;50688750;50735291;50778208;50591666
591;37070167;36992750;37018334;37131792;37136250;37114291;37113750;37193666;37082917;37062417;37099750;37147584;37071042;37081083;37056250;37209875;37100166;37114417;37052292;36954583;37011917;37017834;36936666;37065000;37213208
593;48349709;48336250;48269000;48296292;48360250;48234000;48338417;48300958;48356333;48307709;48551167;48451750;48479250;48551375;48485000;48448375;48454834;48480625;48438500;48648708;48488708;48530375;48513583;48449834;48260167
593;47741833;47813042;47832208;47917542;47927417;47865834;48040875;47925541;47900042;47980833;47890334;47909041;47916625;47931417;47976042;48119041;48075500;48051708;48029000;48030042;48001416;48021917;47999208;48044708;48147750
595;41760041;41711583;41861583;41764750;41744084;41903333;41721834;41758209;41800041;41748250;41770541;41650083;41655041;41714083;41831166;41716709;41756834;41788500;41769500;41809500;41670166;41648583;41641167;41612292;41682708
595;40079875;40227292;40170917;40192708;40302958;40218791;40240375;40223666;40202541;40309250;40342417;40320375;40323750;40519083;40327166;40334583;40217792;40180459;40241333;40234000;40229959;40218208;40212625;40281875;40369167
597;34184958;34111875;33966125;34055583;34005291;34113416;34031584;33902333;34152250;33963750;34007042;34053667;34044083;34031167;34311791;34228375;34120541;34096750;34118042;34119750;34119291;34101083;34070375;34028375;33992416
597;51046542;51091042;51126833;51206583;51047208;51081792;51292500;51188584;51203834;51253208;51333958;51300542;51249333;51482625;51219417;51121000;51192375;51255167;51042792;51046958;51085000;51105250;51181500;51196750;51158417
599;40774000;40943416;40914167;40864667;40833125;40903167;40895084;40895416;40907042;41136833;40913584;40845375;40888083;40945583;40935500;40960041;40969250;40991958;40908042;40938708;40960083;41054375;40976708;41003708;40977750
599;27803375;28039292;27776292;27838625;27854167;27857916;27797792;27879708;27888458;27842917;27889625;27851541;27894459;28004250;27894958;27905709;27882208;27910708;27948459;27957083;27960292;27940542;27915333;27933042;27926667
601;29922458;29834000;29936000;29974417;29958041;30067667;29939583;29921458;29920750;29935417;29949208;30062292;29947166;29871542;29942958;29996125;29948208;29984333;29979625;30054666;30000250;29981334;30151375;30009541;30045583
601;49530250;49580042;49651375;49636375;49589708;49579250;49483000;49543833;49708500;49611875;49637500;49730542;49659834;49726375;49378458;49598416;49571084;49570000;49733708;50056750;49687958;49711958;49552625;49679417;49706250
603;39152167;39213667;39227625;39339834;39359625;39349209;39300875;39372292;39451416;39346416;39363292;39314791;39176250;39186125;39154584;39183500;39132041;39304375;39255791;39205041;39134958;39213000;39205167;39134917;39191417
603;43207125;43232042;43215250;43311542;43094791;43073875;43201792;43157583;43267750;43178541;43128250;43166791;43084916;43193083;43163375;43177250;43368833;43266000;43259167;43162583;43220792;43284333;43212834;43247541;43244792
605;54844584;55019125;54953000;54927750;54884000;55214667;54964209;54886417;54888916;54827708;54909708;55048250;54934083;54934750;54939375;54983458;54959792;54976334;55045500;55020166;54979417;54975584;54947417;55142459;55013250
605;39010542;39095708;38991334;39084292;39049917;39088083;39237416;39098500;39059250;39074375;38979000;39091916;39092000;39013125;39128417;39173500;39029125;39119875;39135458;39015500;39126917;39148167;39055375;39255000;39153375
607;41030333;41018166;41072084;41158125;41046875;41078042;41255625;41114541;41104042;41042958;41018666;41025333;41035042;41038542;41046166;41022875;41040042;41186416;41047542;41074333;41076666;41034167;41126417;41111417;41053083
607;40125750;40325375;40327416;40280667;40326625;40351250;40386583;40448792;40320750;40300083;40370667;40268042;40285250;40321500;40185917;40285209;40216917;40232333;40252667;40233875;40250833;40238667;40409917;40409959;40397708
609;45362333;45336000;45384208;45451917;45521666;45513500;45535625;45467916;45505666;45350583;45396333;45451750;45438292;45463500;45578833;45379208;45482500;45489166;45515209;45627375;45547458;45487375;45509542;45511709;45541459
609;43891458;43894959;43926166;43821167;43835333;43763875;43789167;43792709;43779916;43832083;43737542;43797458;44020750;43914000;43990208;44023834;43973083;44035875;43907333;43896875;43898583;43850417;43941541;43875250;43931375
611;38388750;38366167;38371875;38340125;38360041;38308334;38339708;38331500;38344750;38378791;38337625;38538250;38409584;38344083;38403750;38424542;38308958;38515459;38380834;38450667;38454625;38398125;38424292;38548167;38507167
611;34598041;34775708;34749375;34727125;34653958;34614667;34656625;34720584;34707708;34653708;34727750;34742750;34679208;34857125;34646000;35917041;34742458;34718792;34710042;34761042;34841583;34795917;34855667;34825417;34836583
613;26664250;26669834;26771125;26672875;26640542;26675667;26678333;26959292;26739291;26659083;26719375;26650542;26704333;26691041;26680959;26664917;26622375;26745959;26683333;26714417;26695042;26648750;26811958;26696791;26662625
613;57133584;57040583;57274959;57284334;57256292;57206167;57271125;57307625;57352375;57788875;57426375;57485667;57376542;57542750;57255042;57391292;57515333;57432833;57364500;57335083;57580125;57236959;57197625;57269625;57232292
615;50553750;49696959;50109416;49880459;49623583;49736542;49739625;49643417;49666167;49837625;49835167;49744958;49795125;49740875;50020375;49914750;49832333;49834042;49859958;49825917;49783667;49762541;49960083;49878000;49709250
615;53469084;53400875;53436416;53459959;53735500;53384583;53358042;53359041;53451125;53534625;53394417;53392541;53480791;53482458;53416875;53323459;53680875;53428291;53364250;53434875;53458042;53467708;53305750;53309917;53308833
617;53115417;53035625;53240083;53394167;53053417;53105250;53163750;53171292;53224459;53245667;53613792;53126709;53110167;53135125;53102584;53137917;53346417;53283166;53101042;53122208;53146042;53310750;53210875;53098291;53074917
617;47520792;47358792;47339792;47381166;47863500;47493584;47334541;47412084;47346333;47380250;47361084;47471166;47486750;47430458;47402375;47367250;47384584;47639250;47441791;47442084;47438875;47406417;47361708;47363625;47350542
619;54430375;54133959;54172000;54110959;54122291;54122292;54129250;54083541;54190917;54203875;54190750;54385292;54272542;54165292;54217166;54030500;53992042;54126292;54252042;54134125;54065791;53991750;53987292;54075458;54051166
619;55634750;55594375;55543083;55502458;55578333;55696042;55526542;55545500;55606625;55582292;55604250;55540375;55756125;55641500;55609541;55558750;55624875;55584333;55691792;55507167;58361000;56010292;63631292;67186375;58257667
621;49893416;48313500;48233166;49466541;48951041;48550666;48220209;48182834;48138000;48107833;48073292;48593041;48399167;48225500;48055584;48217875;48277625;48381583;48593875;48424709;48380417;48454584;48381834;48325750;48376500
621;33552125;33628875;33707125;33530333;33526333;33560458;33572041;33467834;33539208;33593167;33557750;33600000;33552542;33545833;33464750;33516292;33464125;33622625;33557458;33641292;33618334;33560334;33604375;33560542;33620709
623;40631125;40697792;40740084;40774875;40757291;41158333;40837083;40785916;40808375;40793375;40768125;40823292;40860000;40850250;40825084;40843291;40974042;40760167;40709167;40725458;40938916;40840542;40812875;40718584;40727042
623;39235292;39264583;39380875;39376459;39348250;39470417;39304459;39323375;39341042;39275333;39410666;39418708;39543750;39464542;39470167;39449791;39471959;39336625;39391125;39374375;39518625;39419750;39356542;39526125;39481958
625;40843041;40889500;40896375;40892792;40874000;41104125;41053500;40958250;41011083;40926458;40819250;40708375;43222000;41292083;40739167;40700584;40722458;40802291;40857417;41130833;41265709;40976666;40812500;41137666;40879625
625;48816750;48792250;48706292;49113875;48891708;48738917;48763791;48755417;48752959;48656917;48721250;48650166;48591042;48644417;48653125;48678458;48836125;48830834;48771083;48753792;48727709;48802833;48748416;48759666;48883834
627;53093083;53012333;53198875;53161000;53623792;671774721625;77807959;56111417;51924833;51509000;50397125;50597458;51399416;51555167;51699833;51244500;50966833;50666916;49966375;50419042;51377583;51127208;50921209;50925625;50800084
627;35815125;35950167;35872834;36218417;36013583;35959875;35939125;35948250;35937334;35957125;35934042;34321625;35071792;35252291;35567250;35488625;35369542;35339417;35368000;35034417;35267500;35570334;35544708;35494041;35467416
629;38323584;38352541;38351083;37511875;38268667;38491750;38872584;38583291;38558333;38625875;38583500;38634875;38623875;38622459;37457500;38096000;38557292;38452041;38518291;38711208;38685208;39046375;39182083;39092875;39090291
629;49158875;49269334;49577750;49654625;49600459;49777250;49557084;49616542;49517250;49499833;50058000;50221625;50231875;51103125;50946583;50943792;51438292;52389250;52493000;52626667;52507750;52446875;52462375;54437708;55391958
631;45934500;45700208;45869500;45832792;45811542;45796250;45800875;45831833;45992500;45802375;45774958;45747209;45732417;46109875;48005375;47968125;47959625;47906541;47792916;47806375;49884292;50505916;50674833;50582667;50594209
631;64157834;63945500;67752375;68670417;68268041;68270708;68420500;68526916;68222542;68350541;68214125;68282709;68219125;68088708;68101833;69069375;71473541;72242958;73177917;73835084;72706208;71690459;71391375;70686459;71093333
633;53630167;54055666;53980375;53650791;53604125;53559875;53656709;53625250;52523000;55244875;54457542;52508292;52449958;52543959;52545083;52551875;52556125;52478250;52615875;52538042;52528291;52515792;52517167;52578292;52549166
633;67071875;67167500;67589084;67330833;67346250;67311500;67325916;67362875;67433625;67337084;67166542;63608042;64214917;63037958;64023750;63247459;63188458;64849958;64177209;63212167;63189375;63157709;63137000;63418417;67411375
635;78857917;79040000;83153583;85546625;92585458;93689500;93670208;93529208;90862209;85285041;85075167;85094500;85131625;80149417;78807458;78842042;78914625;78827917;79243417;78985958;79182958;79184584;79097958;76914708;74204833
635;65396250;65723583;65637000;65535917;65409917;65440125;65528084;65564834;65458375;65649292;65641750;65546250;65439750;65647875;65522167;65517625;65516458;65550833;65360708;65496750;65598750;65501916;65708750;65601500;65635459
637;69859500;69959416;69704667;69775958;69694459;69580792;69845417;69870625;69847375;69704750;69657917;69844208;69766417;69739459;69746416;69732417;69802917;69869500;69153333;69073459;69909750;70326333;70074208;70032500;69700333
637;57668083;54760750;54538791;54497917;54471917;54486208;54256417;54237250;54441208;54487709;54412292;54312292;54326250;54424958;54317209;54356666;54264167;54405750;54529209;54499250;54520375;54517084;54573042;54552208;54315042
639;54005916;54851458;54162958;55921666;56098166;58050709;54460708;25634879208;61276750;65206833;72813541;81476791;87379209;90233958;89559625;102955792;106343834;105103250;104809541;106402792;111351875;126622000;132460125;154350041;207013625
639;123567000;64416500;57425125;61623458;59861000;44862583;43167416;42068625;39829875;40070792;41818167;37973958;36631250;37558750;37957667;38952166;40047958;39048084;39624250;38713000;38969959;39201250;39007834;39352792;38396000
641;60206416;58958500;62362041;63918584;57594167;57972625;57331584;57750375;57810500;57831208;58554667;59773625;58519875;58306667;59367833;59605750;57694375;57494375;56880917;59743083;57931917;58956834;58442166;58042291;58039375
641;67175833;63193459;63451834;64091625;61981292;62555000;65000125;67653792;67341792;66352250;67212416;68726375;65633500;62989125;59013041;58936042;58907209;58143375;58654709;58932125;65539708;69555625;67113750;69003209;60950584
643;64062042;64205875;64046417;64364709;64003708;64157208;63583709;63195000;63001333;62662583;63417750;64231250;63381125;62782750;63057792;63305000;63460834;64435791;63550875;63056250;64016083;63562667;63926291;63970666;62571208
643;60332875;60265417;60832417;60453292;60111625;59535958;60026833;60214916;61182042;59834750;60406834;59108500;60006375;59891000;60315959;59912834;59603416;60132208;59653458;59891209;60094250;60051208;60101250;59640334;59734750
645;48371333;47733375;47322375;47840208;47475750;47482500;47422000;47383083;47411875;47476667;47097209;47411750;47458791;47560917;47546833;47578042;47585959;47663958;47496584;47477792;47470083;47633334;47630208;47816583;47700208
645;35126709;35000459;34903000;35031542;35029708;35058875;35174375;34429750;35094875;35089250;34983667;35029416;34996708;35270250;34887250;34946167;35026500;35081709;35033333;35338250;35129458;35063375;35044667;34549167;35392875
647;52198792;51794750;51505292;51706541;51528042;51662083;51576542;51464917;51131000;51663792;51763666;51986458;51777833;50741750;51195625;51326583;51414208;51132791;51397959;51872125;51742958;51507167;51359041;51489625;51426875
647;63025041;62948125;62094125;63024833;63112625;63249584;62968708;62999666;63086500;63007167;61895375;62945208;63644125;63205833;63138041;63282708;63196458;63239542;62731375;62994917;63498125;63508833;63243500;61975666;62994334
649;46169666;46228500;45900750;46788334;46652958;46508708;46565792;46546958;46475750;46535459;46516166;46543084;46362917;45461833;46253250;46379167;46536375;46435792;45705750;46461292;46456417;46486833;45747875;45771083;46660542
649;53191375;53125042;53044791;53014167;52972458;52972583;53035125;52311625;53042917;53174875;53251625;53281417;52872041;52992459;53294041;53139875;53195625;52542917;52694500;55159542;53118458;53859459;52879000;53051459;53147875
651;37685000;37620584;37675000;37030458;37695375;37969375;38105959;38033625;39238917;39231250;39127291;39927500;38925333;39102583;40174750;40176041;40234125;38468917;38247708;38722167;38934291;38994291;39461750;39219375;39071334
651;66578000;66764084;67101125;67275458;67676709;66785250;66613166;67277542;66636334;66862750;67955541;67129709;66514792;67193291;67131209;67536750;67151541;67500416;66884208;66124750;65122709;64902375;64345583;64732333;64668833
653;39918166;39651083;39525084;39491334;39473333;39520708;39217000;39585833;39498833;39475250;39502667;39462542;39522833;39535000;39559667;39782833;39646167;38916042;39367166;39440875;39487708;39465417;39463750;39406459;39382833
653;59921333;60213041;60072667;60252542;59949333;59864500;60090083;60085083;60108792;60127458;60442584;60129958;59838833;59956958;60075667;59966708;60215417;59944500;59688667;60676875;60136750;59952084;59576250;59814167;59925792
655;52690666;52556041;53028000;52575375;52470541;51992916;52642750;52608250;52568000;53071541;52995000;52411417;52603417;52630667;52545917;52682000;52072917;52080250;52457250;52487500;52587166;52885334;52703959;52493625;52479125
655;38121250;38539500;38595958;38598292;38530792;39088042;38567417;38508041;37980875;38505125;38569083;38517709;38490375;38573458;38498875;38563583;38403666;38429292;38430042;38395125;38458667;38595125;38514791;38538083;38544500
657;53888583;53072791;53502750;53718250;54115291;54236916;53805292;53345291;53739916;53774542;53722333;53698917;53716792;53250167;53731375;53877333;53765209;53838500;53773875;53747958;53707417;53550000;53956416;54156083;54119166
657;60721709;61236958;61214166;60807000;61199541;61236583;61270292;61243292;61656375;61331417;60550417;63187500;62683333;61367625;61843375;61735083;61413750;61478708;61303625;61397375;60622583;60888500;61162250;61240125;61456917
659;51332000;51263750;50871958;51150625;51185417;51216042;51400792;51586833;51267167;50451458;51366250;51340250;51372333;51403292;51446583;51083125;51420459;51344791;51423459;51548250;51338042;51286917;51343125;50300584;51148791
659;51403541;51519292;51534750;51329708;50899042;51314500;51283167;51333750;51301292;51320125;50561917;51301875;51518834;51687375;51412708;51351584;52027334;51456209;51231791;50764250;52497417;52347417;51513417;51459375;52247959
661;62151792;61960542;62184000;62253875;62333250;62051792;62541167;62253792;64981875;69046041;66569167;63749375;63113375;62833375;63521083;63958500;63611000;62704541;65233375;62829792;62839583;62641708;63395625;63443375;62437750
661;55742250;55373583;56214833;55841625;56770958;55746084;55595916;55358416;55094958;55214417;55239458;55373084;55353042;55310583;55947084;55669000;55253458;55399917;55368084;55134416;55549583;55869000;56147542;55475958;55317000
663;46149166;46099375;46889875;46180792;46008667;45823917;45749958;45861583;45513042;46131708;45934000;46141291;46045292;45964750;45826208;45789042;45828417;46126292;46332708;46208083;45762500;45992333;46076750;46003500;45729583
663;61542833;61470875;61755708;61383208;61627416;61587250;61382334;61006708;61363834;61474292;61517875;61894542;61476584;61327833;61429084;61425084;61396083;61318958;61368250;61249166;60801167;61595291;61585708;61438334;61301958
665;39824833;39912250;39823416;39880416;40560917;40049375;39891958;39484625;39867292;39902458;39923167;39879583;39876333;39880250;39942209;39886083;39894000;39903958;40059417;39423250;39829583;39721417;39838167;39741250;39900834
665;64189500;64408458;64209541;64547542;64451500;64431167;64250542;64371833;64433500;63865209;64338750;64649958;64555583;64283334;64123541;64301208;64551667;64580708;64517792;64526792;64648458;64620042;64545166;64604459;64977042
667;43716750;43609625;43605500;43657167;43614125;43639958;43548500;43603125;43032667;43320834;43759208;43680917;43872833;43813834;43322792;43721083;43597084;43514833;43498875;43424167;43495083;43495792;43605541;43655083;43510167
667;48127792;48708416;48599000;48600625;48857500;48689917;48486416;48918875;48827125;48122125;49049791;48787125;48422125;48536916;48651583;48484542;48454875;48578125;48174500;48639625;48788209;49007625;48794333;48053333;48566125
669;53876875;53589958;54116250;53631250;53843750;54477500;53875042;53814125;53648334;53642958;53701833;53814834;53487625;53581875;53769083;53889334;53675459;53407250;53656375;53839917;53784708;54013459;53249542;53901750;53956625
669;56013792;55858000;56053958;56300208;56297833;56130541;56287916;56201000;56442167;56263833;56174250;56194542;56220917;56505250;56130709;56751458;56995417;56692667;56315083;56199834;56142208;56183375;56104833;56456125;56242917
671;51485334;51553417;51857625;51758333;51682917;51634458;51990708;52578333;51688041;51332667;51823791;51736750;51347500;51697792;51528083;51254417;51537792;51211667;51835209;51323333;51454417;51550708;51542500;52687875;51908958
671;56440375;56660250;56453125;56690958;56473459;56123291;57822834;57398167;56964458;57267959;56874542;56248458;56084834;56246875;56381542;56212041;56108333;56292000;56490708;56155000;56214125;56422083;56645417;56452875;56677708
673;57330500;57872250;57723292;57658542;57463042;57516042;57562041;57841291;57433875;57169084;57216542;57488916;57388125;57870125;58635334;57119208;56824791;57217292;57231167;57336500;57312375;57014292;57499333;57799875;57343833
673;62734250;62163834;62597708;63227042;62154500;62143458;62897875;62735875;62413667;62093167;62719750;63022875;62852791;62034958;62295583;62746375;62634750;62470500;62070041;62294542;62269625;62095417;62450833;62174834;61710792
675;56718250;56643250;56627334;56664250;56667625;56266375;56688917;56595791;56350083;56386042;56455250;56862667;56667958;56615834;56846583;56863875;56758708;56342500;56602291;56626750;56576459;56467125;56397667;56369542;56652416
675;39485917;39459500;39515375;39321375;39623333;39754791;39638166;39628500;39622416;39649291;40022291;39826208;39681833;39680500;39695916;39417875;39484042;39517000;39532750;39551791;39530750;39309417;39463042;39537250;39740500
677;68608083;68734083;68220625;69098333;68736625;68681917;69284209;68765125;68677709;68575667;68498583;68544000;68649541;68234917;69143333;68721500;68807209;68839459;68890292;68813750;69005708;68899583;68629333;68621625;68393625
677;40986875;41092958;41112041;41094625;41144750;40949833;41252167;41114750;41057042;41201417;41125333;41239167;41302208;40839333;41169416;41179666;41189084;41595000;41346458;41186209;41222833;41212417;41173667;41168583;40840209
679;44650375;44575959;44662458;44697917;44781958;44411084;44656334;44621542;44610917;44660291;44825917;44618500;44145250;44481458;44540333;44724500;44802750;44558375;44580458;44591042;44562458;44589250;44631042;44469167;44605375
679;44215291;44180583;44517625;44148208;44028083;44308208;44295791;44351500;44383417;44332125;44251000;44133500;44270291;44713625;44354875;44288042;44324666;44302833;44304333;44239083;44267334;43773166;44157625;44230542;44321917
681;53407333;53183291;53207667;53091167;53403042;53168250;53284750;53238667;52983583;53529209;53381458;53392042;53345625;53421375;53387417;53399458;52859666;53093583;53350833;53276500;53203958;52800042;53240709;53628208;53313166
681;47627000;47432458;47466209;47441666;47324959;47296125;47281959;47455583;47432666;47490459;47384500;47490167;47327625;47451042;47544000;47379875;47438000;47362458;47432125;47641333;47548917;47521458;47588250;47675041;47801334
683;61978541;61832875;61808083;61893292;61802542;61676291;61738500;61222459;61676792;61571834;61600000;61818917;61783834;61779083;61782375;62215542;61588792;61211542;61804041;61801916;61856417;61902167;61862584;61915750;61482792
683;42927375;42967375;43034084;43169792;42564541;42993625;42884417;42994708;42903500;43378875;43141833;43016291;42614791;42975875;42989458;42950500;43127708;42967916;43071000;43061583;43031500;43220708;42850250;42930291;43028750
685;58125250;58398458;57841417;58048417;58073500;57967542;58731167;58137208;57667750;58128250;58118708;58115583;58641958;58202500;58362542;58297792;57712291;58108250;58367291;58178750;57856041;58084917;58103167;58999416;58451625
685;54885917;54223375;54600916;54717250;54797541;54665583;54745042;55129958;54841833;54435958;54680292;55030458;54779917;54672459;54367750;54764292;55167750;55016125;54891000;54802833;54851041;54817416;54726958;54873792;54885834
687;54923333;54588041;54465667;53968708;54705958;54406167;54428708;54430000;54264875;54362708;54729000;54574834;54550958;54516417;54205500;54253333;54482459;54421333;54571125;54635583;54473875;54441375;54370417;54475166;54502708
687;45297375;45182250;45252792;45098417;45379709;45300250;45173000;45214167;45249042;45233958;45119541;45347542;45376958;45366917;45613166;45474292;45414125;45330000;45460083;45489333;44621000;45134916;45115167;45122500;45156625
689;51372375;50715750;51022625;51133917;51192291;51208875;51202250;51029750;50785375;50993416;51260042;51074250;51190459;51193333;51235083;51174958;50826666;51639500;52110250;51883625;51931708;53199292;51455417;51009792;50981041
689;67080542;67368208;67104875;67207791;69868125;68238125;67866416;67451542;66927750;66742750;66935750;67547750;67143041;69238417;67216458;67097708;67373833;67421625;67324375;67300417;67293708;67606709;67301250;67145625;67238208
691;49956292;51331375;50154209;49830292;49579208;49410416;49595000;49635917;49514500;49610708;49570709;49854125;49726625;49364459;49750750;49778000;49690459;49637083;49594875;49591959;49588875;49724458;49800208;49583958;49569958
691;45769667;45795125;45786208;45769333;45483542;45915166;46008292;46270875;45995541;45733083;45964583;45955459;45859250;45822416;45833417;45845833;45751542;45757000;46248125;46092458;45975209;45987666;46044417;45950625;45900334
693;61703791;61695625;61779833;61846583;61343792;61961750;61718333;61554083;61566041;61521334;61213583;61880125;61579875;61584833;61579375;61209250;61481959;61515041;61565667;61966709;61724833;61420834;61871500;61613750;61619500
693;66222209;66240000;66485458;66854208;66870792;66379625;66297667;65753875;65926875;66403375;66588375;66271750;66395250;66510167;66362167;66136334;66205666;67201209;66200000;66623750;66392417;66160875;65909375;66102292;66380375
695;41129167;38672750;38412250;38216792;38157042;37984875;37890584;37883000;37904041;37917625;37889416;37919084;38395208;37803000;37830000;41608583;39171208;38202917;37883958;37724375;37700416;37718958;37768250;37930125;37890625
695;65451750;64501042;65617083;65557500;65028583;64979042;64659208;64720209;65533083;64757209;64680708;64625875;64558667;64683750;64757917;64938583;64894291;64734375;64985583;64809666;64819959;64604542;64528208;64842667;64868333
697;48228583;48742875;48716917;48597458;48703625;48414500;48709750;48768250;49089667;49143042;49092417;48667625;48908208;48963500;48938500;49589291;51072500;49205333;49210291;49127625;48877500;48592917;48752750;48696458;48630667
697;75490958;75371208;75832041;75376750;75850708;75531458;75420792;75417167;75018500;75978375;75227166;75273125;75203334;75081958;75053834;75443292;75032458;75764333;75167042;75186709;75271958;75340792;75663250;75533458;75384750
699;55449708;55548667;55723333;55727750;55541042;55938750;55541334;56136000;55685375;55605500;55533166;55279042;55583209;55719791;56165542;55826709;55649625;55624625;55580875;55627375;55614084;55659917;55703458;55853875;55567125
699;47306208;47103083;47062125;47045125;47031041;46990041;46786875;47002541;47153625;47473125;47232667;46928334;47049500;47064875;47079875;47050417;47117667;47063125;47109000;46973875;47140459;47322833;47186792;47069292;47059875
701;55518292;56121666;55292125;55421041;55777250;55775208;55357959;55460584;56027292;55933917;55613541;55654417;55781291;55584834;55425459;55738291;55579750;55431500;55479125;55543958;55316333;55388667;55569125;55515875;55618792
701;55491625;55553708;55400750;55438500;55381666;55550708;55688167;55689667;55503334;55389792;55185375;55415208;55569625;55453292;55408667;55840375;55662875;55573250;55487959;55544125;55075958;55329875;55385208;55428792;55482083
703;60339167;60143875;59904750;59925667;59876958;59855834;59960917;60183042;59860083;59730250;59789084;59966750;59857958;59822666;59735458;60095959;60258125;60414792;60018750;59675125;60019375;60111000;60102250;60016958;60345834
703;54463167;54254084;54190708;54199166;54228959;54313417;53663125;54127875;54620750;54508333;54485958;54257375;54069750;54023958;54098708;54081209;54085167;54167167;54366041;53924000;54221125;54340292;54363708;54253625;54245167
705;47994417;48266791;48251791;48202375;48037375;47964500;47959416;48030792;47475959;47997959;48006667;47951000;47989500;48136833;47997208;47856375;47827792;47798250;47862042;47847250;47867750;47863959;47677792;48123792;48312708
705;45086875;45088917;45496041;45518875;45608458;46628875;46747666;46383958;46069250;46888375;47224542;46316583;45562375;46090916;45739583;45273334;45561375;45400167;45328708;45623875;45442375;45411000;45330042;45310292;45131875
707;55974000;56444458;56346125;56312417;56221542;56806916;56382583;56289959;56349250;55988916;56262458;56120833;56130000;56555917;56674542;56373375;56320084;56325084;55952750;56298625;56267416;56326250;57087958;56362625;56319709
707;55023458;55557000;54947625;55289500;55250833;55342916;55676416;55032708;55205542;55245375;55226667;54902208;55203667;55246333;55238667;55307000;55695542;55336833;55301125;55285584;55199833;55223042;55189709;55264500;55599334
709;47749125;47198041;47603750;47612833;47600625;47642209;47495125;47451625;47476625;47526250;47774458;47639292;47623542;47527208;47487458;47559625;47556500;47235792;47499334;47639167;48044750;47835583;47547958;47146166;47542042
709;62738834;62823625;62860542;62847625;62942125;62816583;62823166;62645042;62704958;62766167;62783375;62836875;63409625;63260250;63053042;63092958;62560000;62709708;62703542;62728250;62773916;63066542;62814125;62705458;62775959
711;49566792;49486000;49340583;49829792;50160750;49362875;49754958;49702375;49674583;49624500;49502875;49540458;49642834;49641833;49571458;49938958;49769917;49348792;49548916;49689667;49567042;49524667;49597333;49608417;50145708
711;53906250;53240750;53561917;53571459;53522958;53575208;53277250;53511459;53527875;53922750;53843958;53752792;53228875;53408667;53407875;53432083;53449250;53599708;54235208;53704666;53485958;53603625;53607500;53587167;53532209
713;48338500;48734666;48734166;48991041;48884792;48767083;48818875;48733708;48723750;48740083;48761375;48795500;49176875;49193459;48783375;48748500;48460542;48600208;48829916;48905250;48784583;48767208;48640916;48619125;49014917
713;75921125;75464791;75646125;75849834;75738000;76789709;76050500;76001542;76006625;75899041;75961416;75642667;76096375;75990291;76076250;76064792;75732750;75787375;76701417;76129042;75841292;75907875;75587125;75859000;76010750
715;63661833;64285709;63962292;63685834;63702000;63509125;63769333;64105625;64264875;63703708;63870750;63622167;63793958;63814791;63792208;63787209;63791709;64294375;63893458;63765209;63734292;63726083;63646959;64279625;63991542
715;60036292;60170625;60152791;60223834;59984083;59976125;60062209;60184875;60747833;60292208;59924750;60216417;60303500;60252250;60376667;60536167;60186458;60372459;60295000;60320000;60325333;59922625;60084709;60184208;60252416
717;68731625;68013708;67386209;67573708;67818583;67962708;68641708;68217125;68197542;68180000;68220167;67842167;67838917;67846750;68320167;68039500;68179750;68213667;68195500;68229834;69016208;67931709;67854125;67979042;67967000
717;78629833;78418750;79111750;79772042;79362667;78623167;78890584;79022167;79804584;79215750;79221042;79322334;79272041;79203709;78983667;78855209;79589041;78928209;78675667;79013291;79071541;80017791;79278958;78441042;78848584
719;79147708;79036500;79034666;79946583;79944958;79687208;78908125;79106250;79636625;79902458;79390167;79188542;79372875;79485708;79309750;79524167;79019291;79373209;79236625;79060708;79441958;80504250;80006459;79746833;79214666
719;74604292;74450959;74341000;74581083;74951542;74997625;74702708;74891458;74612000;75697084;75343625;74905333;75171333;75027833;74879084;74960750;75044416;75250458;74718750;74563084;74616625;74663459;75074333;75526584;74798708
721;59162667;58826125;58708667;58503083;58569458;58648459;58397333;58671625;58839416;58673917;58494166;58649958;58543458;58670667;58440375;58423958;58318625;58543166;58954667;58891125;58696167;58178542;58122125;58352292;59047458
721;76099042;75876459;76061500;75622458;75078667;75248917;74830833;74531791;74707458;74094125;74338833;74288083;74248333;74739375;74392500;74488125;74419500;74652500;75071708;74560334;75567000;75433958;74846917;74956584;74516250
723;60222958;60423542;60039875;59800875;59800459;59784667;59592458;59975917;60554250;60363834;60373959;61050667;61242292;61244292;61111625;60910250;61277166;67505500;61221459;59867833;59344708;59293375;59549709;59557292;59690083
723;67483125;67103333;67221292;67316959;67307125;67372291;67381791;67369375;70922375;74960500;72392375;69087750;68490125;68694542;69477834;69893792;70066083;68325708;67891625;67158916;67368584;69207958;69822333;70439584;69644625
725;56219542;55799084;55554875;56385542;55996541;56782334;55811542;55612209;55755584;55987208;55644417;55650792;56253042;56236708;55636208;55816708;56192458;55794125;55848292;55859583;55975333;56043792;56142750;55827000;56645209
725;45362250;44518209;44622375;44771375;44684875;44494209;44299000;44705583;44924125;44924125;45062458;45115166;44878667;44740458;45063291;45047292;45111750;44940750;44537459;44507042;46080708;44816917;44578542;44963875;44899166
727;57472417;58017542;58010792;58297625;58107292;58394583;57847584;58504667;58192084;57588958;57451333;58289625;58069875;58263000;58231958;58338375;57790041;57652541;57397000;57298125;57107750;57353833;58636875;58088459;58092209
727;48725167;49180708;48709250;48663792;49268208;49182958;49258750;49018875;49223250;49438833;48675417;48986666;48640875;48658708;49566791;49925333;49505375;49847291;50352667;49813333;49039459;48703083;48979000;49347750;49055834
729;59003958;59258417;58873583;58923083;59090125;59030708;59014250;59025667;58880208;58904584;59032916;59482250;59186625;58996958;59016583;58933625;59406000;59353875;59737291;59447167;59536416;59710417;60153834;59271542;59091625
729;80359625;80716917;80857875;81134583;80794084;81053958;81399125;80982542;80589500;80860916;80694083;80432625;80564583;80656500;80870292;81358750;81066750;81008792;81320375;81331333;80671375;80690834;80620417;80592000;80690125
731;66469250;66709166;66743792;67307708;66682709;66716834;66757875;66667584;66664667;66603458;66555583;66628250;66433916;66493583;66442667;66627792;66804916;66665625;67202750;66838208;66733208;66758584;66892000;66740584;66462875
731;69465417;69600750;69458542;69411959;69500917;69565875;69562209;69735041;69802250;70243041;69952709;70012375;70011750;70091792;69952916;69621250;69593250;69554167;69679708;69606916;69811875;69895584;70482250;69863292;69989334
733;68784708;68764041;68990750;68932750;68919875;68791250;68631209;68691959;68442500;68443583;68512000;68405167;69133375;68821375;68731416;69124750;68903084;69117250;68799333;68688167;68710250;68459458;68427750;68526459;68546000
733;57348417;57619209;57605458;57332417;57385750;57750125;57585208;57598666;57635583;57522542;58255708;57594459;57540875;57563875;57545833;57451416;57526292;57544750;57502000;58081333;57715000;57213250;57550375;57517292;57564459
735;71825584;71545292;71570833;71690709;71502958;71560375;71535292;71740958;71730041;72420542;71918125;72854000;73378083;71917792;71654500;71614958;71497042;71201375;71365709;71518166;71418875;71282583;71291000;71698292;71523250
735;56470209;56512333;56380500;56556250;56490500;56412791;56449791;56321041;56236125;56437458;56424083;56302875;56809250;56474500;56471375;56708500;56419542;56223708;56243833;56358292;56296500;56513459;56280292;56285500;56267000
737;76491459;76537625;76458083;76103041;76480875;76528042;76634417;76496958;76764917;76570500;76700750;76651875;76623167;76626833;76442209;76324333;76315625;76183375;76205958;76789209;76375250;76413708;76362291;76551291;76344250
737;70274166;70323375;70502334;70443250;70423417;70666542;70590500;70539083;71036250;70500625;70766875;70484250;70679250;70599458;70489375;70297333;70366583;70399833;70375959;70524417;70432125;70442541;70875750;70671458;70510584
739;66205791;66351708;66193375;66137959;66139875;66121750;66282209;66368833;66407333;66386083;66165750;66115417;66724125;66409500;66326750;66518875;66489083;66761708;66452083;66443167;66316708;66137417;66097458;66384583;66350709
739;49029459;49128166;49274250;49271625;49077625;48814167;48908167;48773208;48829875;48986625;48844791;48831791;48857708;48862750;48689542;48804375;48847666;48951000;48927583;48748417;48825833;48971083;48894500;48877959;49326292
741;70394542;70411209;70163416;70480708;70410125;70401625;70310583;69901417;70050916;70051250;69988958;70218458;70226458;70474500;70315583;70057208;69983042;70210583;70346042;70143166;70219375;70157625;70151417;70117958;70185917
741;84771583;84896709;85205917;85275375;85232666;85250875;85288458;84774750;84901625;84760125;84761416;85037208;85056917;84868916;85161042;85293458;84948000;84946916;84963584;84801208;85037875;84994167;84946708;84666833;84932458
743;63257458;63498041;63305459;63298542;63428667;63455917;63387250;63362416;63615375;63270959;63126375;63299792;63251084;63345917;63213375;63484208;63648375;63560667;63710958;63124416;63233917;63516417;63401709;63377000;63342250
743;61373417;61355417;61224792;61396875;61606083;61451250;61535125;61401417;61911916;61869166;61637250;61595334;61697666;61599458;61192458;61273167;61478375;61474833;61523625;61484958;61298833;61453084;61494750;61445667;61157958
745;50394416;50349250;50095375;50210792;50257417;50439917;50262500;50101542;50436792;50359500;50303292;50269333;50370583;50444417;50460000;50260542;50220375;50233000;50314334;50626083;50323709;50232375;50249125;50312875;50513708
745;88086416;87665250;88212667;87911125;88027584;87911125;87750042;88060208;89089750;88266167;88024791;88741083;88148958;87843667;87886041;87821833;88570667;88184000;87839541;88405792;88657625;87717250;88101708;88117083;88067292
747;80165125;80409084;80454041;80529500;80367167;80381834;80622416;80935084;80265417;80394542;80493250;80378041;80222416;80275958;80073958;80117709;80082083;80121042;80115667;81444625;80550834;80425958;80842666;80444791;80361416
747;80251459;79888041;80125750;80141209;80295458;80185375;80711750;80756291;80522000;80443583;80119084;80172542;80159667;80175708;80182041;79899167;80309042;80299542;80241542;80770792;80411083;80491750;80481875;80193542;80194375
749;54981916;54946958;54886208;54838333;55026375;55184375;55108459;54838125;54930500;55472458;55292334;55200792;55117125;55275959;54997125;54939792;54963208;54900000;54947500;54935666;54907750;54768583;55063209;55118917;54996083
749;60825042;60713375;61177500;60660584;60638375;60564333;60747542;60559459;60790583;60705000;60674666;60615875;60743125;60777208;60330083;60487541;60461333;60444458;60961625;60765833;60697667;60686292;60856334;60832625;60693666
751;68986792;69046875;69030125;69134125;69170291;69077916;68856208;68950459;69403625;69495417;69248500;69324833;69490000;69472958;69268625;69226833;69344250;69266667;69295209;69315375;68921791;68882875;69007458;69755958;69185834
751;81340666;81641458;81663167;81225291;81473292;81618666;82491083;83237667;83185708;84490250;82660333;82841833;82535958;83727500;82740125;82637500;82974125;83400583;83417833;83046125;83940292;82170334;82045459;82646625;81856000
753;56113625;56292875;56137792;56148666;56108125;56149959;56272167;56196958;56270292;56428625;56521791;56652750;56411875;56210625;56246833;56589250;56349584;56289291;56235959;56556541;56027584;56161791;56201000;56009375;56001208
753;58045709;58073250;57922208;57932625;57852291;57970166;58384000;58825958;58102208;57923084;58024208;58269625;58384459;58165959;57998917;58026667;57837250;57929834;58073000;57939333;58064167;57861042;58022042;58265833;58575667
755;82098667;81784042;82953291;82720458;82564833;82821500;81739000;82113458;82015083;82008042;82038792;82551833;82336084;81977958;81924375;81881209;82048959;82153792;81729917;82527125;82400708;82292209;82321334;82599000;82665250
755;48799584;48968459;48841292;49190333;49149875;49890417;51391583;49227375;49108208;48926416;48980750;49225750;49076791;49338083;49128542;48899875;49775084;49478875;49007125;49120125;48842250;48985208;48953792;49073458;48998750
757;85220916;84897125;85033042;85381500;86539792;86318917;85395750;86343166;86221791;85073333;84837417;85131292;85035084;85351084;85501458;85375083;85130625;85298458;85175417;88832208;86167542;85358000;85038000;85045333;85054708
757;77024625;76224667;76484834;76115125;75871291;76179000;76544666;78054542;76827708;76283916;76301916;75923958;75809958;75590958;75970958;75748250;75798500;75709416;75950000;76470334;76197041;75872000;75687917;75744583;75799167
759;55432125;55677208;55952875;55960000;56237625;55884250;55960375;56211917;56104084;56296875;57596375;56696041;56262875;57595542;56113375;56702542;55843125;55762792;55749875;55773917;55400959;55368584;55472042;55547250;55469042
759;57190584;57094875;57380458;57481667;57172625;57642709;57342125;57505625;57547833;57534667;57614041;57588167;57431208;57446584;57193000;57111291;57248792;57156542;57324417;56968167;60690375;59023583;59079375;58485500;57711625
761;61684916;61385458;61162125;61386334;61305333;61280084;61297959;61368375;61399792;61348083;61453167;61554750;61395250;62179709;61691625;61631292;62599084;62355375;61515750;61788667;62691792;61495875;61503417;61379958;61429209
761;87139917;86916625;87009334;87296125;87107125;87111167;87236583;86857042;86720959;87050959;86714417;86835750;86646250;86802875;86697583;87398125;87050375;87189792;87135292;87124833;86979083;87049541;87220000;87435375;87160583
763;83875417;84720709;84426125;84127250;84268208;84176333;83982333;84243708;84088709;84941042;84538458;84765083;84631959;86049584;84447167;84680084;85817708;85352667;84524417;84185666;84184584;84150291;84247333;84890334;84551667
763;90240708;90027792;90462500;89825792;89795792;89538292;90127584;89818916;89810416;90152958;90159125;89989291;90535125;89978459;89936291;89834375;89900000;89819083;89923209;89720416;90227292;89652750;89905625;89864333;89887125
765;83687167;83548708;83657958;83620125;83507042;83531291;83580042;83959666;83602209;83949791;83558125;83584042;83416500;83394958;83437167;83625500;83549083;83714709;83696125;84058291;83603791;84170334;83616916;83770083;83582708
765;85179042;85009833;84826125;85082083;85291791;85640625;85388459;85219042;86086792;85602958;85664208;85740292;85712125;85540125;85366166;85415167;85608500;85386167;85253375;85155333;85852083;85540834;85474291;84944958;85372000
767;62417250;62474334;62453958;62439833;62279250;62485667;62230833;62187333;62394208;62577917;62394250;62273042;62621542;62307625;61971750;62056792;61986875;62361083;62380209;62217666;62304334;62130792;62203000;62082958;61988375
767;93885792;93551292;93574500;93184959;92951125;93055458;93069791;93265208;93527916;93263542;93016541;93883708;93470334;93268875;93336750;93276834;93158666;93296708;93485792;93478791;93061708;93100750;93439917;93638333;93383958
769;68710167;68614625;68494750;69080583;69466250;69441750;69700917;69634166;69934291;70197583;69756458;69264958;69353208;69483542;69563292;69342542;68863583;68890584;68770250;68629625;68667875;74132125;72077292;85657542;72244500
769;73713750;73930041;72918042;74169333;74917666;74194959;73249708;73453209;72671750;73221500;73502083;73959625;74287083;73052167;72386416;72848208;72246709;72140917;72369500;72344084;72378833;72542792;72928084;73098042;72616083
771;61479209;61689292;62283875;61764667;61765125;61758125;61539083;61432792;61734917;61722667;61727125;61791333;61625833;61867167;61697417;61556125;61575541;61360625;62048584;61546791;61670542;61738208;61601250;61731958;61881708
771;91186417;91083625;91392458;91777667;91185542;91051500;91549875;91442250;91051625;90905666;91046667;91121500;91151042;91485583;94440042;94134292;92295041;91698458;91323083;91332791;91150208;90612292;91014958;90923542;91234416
773;82322875;82058541;81764458;82144000;82456042;82581875;82094125;82143417;81929458;81988459;81790875;81912875;82190458;81851708;81899000;82215750;82168542;82553875;82248750;81911458;81940958;81945709;82000291;82289416;82565709
773;91109791;90526875;90570667;91319875;91178084;90547458;90393959;90587792;90834667;90875250;91114250;90702875;90819375;90613917;91314000;91352292;90902000;90907083;90942666;91012417;90810417;91355583;90915291;90751750;90621208
775;63592250;63645000;63338125;63517167;63486875;63365916;63231708;63645208;63508458;63586416;64051084;63688125;63567959;63805500;63782625;63966291;63595833;63733375;64338000;64254542;63402375;64034792;63821959;63590500;63227917
775;80009625;79598250;79282250;80871375;80687667;80497584;80979292;80508833;80446250;80476375;82528500;80354125;80335958;80669750;81570959;81433125;82644334;82641208;82686542;82201958;89129584;80874291;79949792;79782208;79740791
777;65830167;67067333;66152166;66180083;66129583;66082083;65798250;66129916;65903583;67076125;66031208;65600500;65237459;65443583;65484250;65749834;65453000;65490000;65612667;65717792;65546666;66005375;65569125;67841834;65446500
777;83208458;82985375;83008625;83345875;85386959;86248334;84766666;83335583;83581625;83948791;83615167;83260000;83264333;82925875;83081541;82893875;86887250;86800083;87222875;85872875;85998791;86138833;86222917;91182667;88264958
779;79890083;80584333;80483875;80015083;79939125;79144583;77028833;77218292;77612125;77247250;76890792;77775000;78019167;77366042;78469333;79182000;79155416;79074041;79311958;79260042;80200750;77031000;76786750;76610417;76970917
779;91232292;90670292;91273959;91286583;91280958;91005666;90618333;91174333;91184167;90683500;90736750;90703041;90656750;90924708;90920875;90678209;90627583;91295708;91456167;91841000;91141708;90868167;90880667;90533500;90762375
781;92650250;92617791;93315625;93352958;92986042;93053333;93120333;93454542;92712250;92837875;93116250;93195292;93243458;93185500;93059292;93293667;93311458;93001875;92649583;92593000;92399750;92893166;92592458;92670334;92781958
781;75200791;75608583;75685334;75350667;75401292;75315041;75187833;75097666;75024583;74788917;74765500;74818375;74900209;74900458;75329125;75391333;75243792;74848542;74800667;74869167;75014292;75110792;75083917;75056917;75322250
783;73377917;73353709;73471416;73632875;73458625;73329167;73342125;73118917;72956208;73161208;73279834;73062667;73070125;73023709;73068750;73083500;73120208;73758542;73378917;73383000;73329875;73387416;73253042;73669083;73593375
783;56613375;56658750;56425667;56253458;56447709;56454583;56419167;56828500;56499750;56486000;56381542;56420375;56458042;56426500;56728459;56611875;56726167;56551125;56637708;56588916;56627625;56304500;56193875;56409459;56598000
785;53858541;53994791;53846958;53893709;53979000;53941625;53848750;53918000;53560500;53644833;53582417;53545875;53679667;53592000;53597875;53613417;53471459;53556542;53939042;53854375;53749042;53767625;53848333;53950458;53821042
785;74557083;75014250;74958250;74912250;74909291;74875542;74855167;74490333;74784042;74955042;74596000;74419334;74631917;74450416;74485666;74906500;74790833;75005375;75220917;75155250;75044750;74642833;75007417;74809292;74858666
787;81269792;81064291;80923250;81820416;80825958;80824958;80845542;80816459;80674500;81463500;82013666;81375333;80898542;80787417;80818333;81133917;81236042;81211916;81100792;81222750;83953667;83149291;83166542;82804500;81873666
787;62168041;62206875;62141875;63301250;62481709;61995875;61932750;61945625;61789042;61668500;61657375;61618333;62276000;61950959;61835875;61815250;61793916;61943292;62027042;62018334;62193625;61885625;61821208;61716416;61915458
789;78379375;78277292;78492917;78858000;78327917;78177208;78022750;77938833;78533959;78216042;77937792;77988375;77906750;77983833;78128250;78803250;78762750;78428583;78127459;77810000;77871042;78669041;78329792;78301875;78083334
789;79405416;79827875;79516375;80104333;79761000;79688209;79420625;79204500;79652250;79863083;79711584;79664167;79753875;79681375;79571834;79990917;80513958;79877000;79732708;79259417;79224667;82680458;80025250;79701500;79364708
791;70428459;70620583;70515833;70759000;71467708;70750208;70619208;70836750;70842542;71342916;71380334;70912625;70495584;70576417;70832333;70935166;70946500;70750875;71654250;71176542;71167542;71525208;72017208;71788625;71327875
791;56540208;56469708;56553958;56643083;56543042;56515667;56974792;59807750;57528333;57045542;56770167;56796042;56827708;59975583;58154500;56799917;56501917;56288208;56582292;56585208;56577625;56641291;56585166;56538625;56477291
793;87226291;86941125;86263791;86245167;86034625;86771542;86103709;86111250;86744792;86499041;86467458;86617833;87586125;87031542;86596333;86635000;86473500;86637042;86366417;86535834;86644625;86521375;86914417;88421125;89211542
793;101006083;100461125;107437375;102140750;99827542;99355541;99620084;99682542;99503542;100514541;99794250;98920250;99328459;101018459;101067750;100378334;102081541;102216875;101660000;100906709;99453792;99751291;100343709;99626208;99307250
795;86706541;86616500;86755250;86921792;87124708;86820250;89770125;88599334;88583875;89993583;87990458;88325917;87873959;87540958;86546208;86629083;87762417;88877333;89472417;87956083;87288375;86669708;86619083;86758500;87685333
795;81969583;84887334;88899917;83802875;82920250;82032584;82101625;82654000;82087750;81617833;81452875;81485667;81418250;81529042;82079500;81978459;81589042;88411333;92168333;85154750;83191292;81599959;81630166;81825292;87031083
797;100726625;100575917;100310917;99745208;100704167;100463916;100259542;100248166;100235750;99891292;99842750;100829000;99946250;99645250;100877958;101532208;100466666;100483250;99759625;101314875;107206375;103457583;102317625;103588625;102423875
797;100522541;98063917;97832333;99045542;97741334;97542042;98496542;97740125;99127750;100106416;101344417;100096208;99344917;101357750;102094958;100224125;102149334;101429000;101426292;100743875;101413416;101552167;101181542;100424333;98559708
799;65094000;66158167;64935500;64744834;64455917;64653417;64856250;64800750;64415167;64346417;65222208;65128042;64587167;64554917;64498416;64558333;65378916;65792208;64733042;64549250;64477084;64512333;64725542;64652083;64544750
799;92952084;92938333;92767708;92994375;93112125;93983208;93341042;93337000;93676000;93229458;93145584;93154375;92897584;92791583;93099042;92751833;94041500;93143708;93072459;93719000;93617000;93293292;93022708;93006583;92960042
801;77547667;77376458;78252875;77651584;78334291;80677167;80766334;79874042;81069792;82120084;81481625;81660000;79842000;79066083;79437333;78694708;77846708;77756416;77635542;77478125;77480334;79394125;79383667;80501250;80615541
801;100232750;98594834;102096000;100181709;99070833;99541916;97466958;98871708;97278834;97028292;96551458;96625625;97870542;97013666;96889417;96874708;96502334;96392167;96297375;96442917;96683084;96408750;96965958;97164875;96830584
803;78022125;77280083;77059375;77388375;77144542;77334375;77140125;76977125;76836209;77456333;77405625;77033167;77030500;77462292;77230458;77063250;77574666;77374084;77302791;77383875;76838375;76968625;77518917;77433625;76909708
803;76463041;76693000;76537333;76401125;76385708;76509959;76442791;76416750;76048625;75942042;76479458;76735000;76210208;76144792;76633625;76370542;76433667;76443833;76456292;76341042;76329416;76066459;76019333;76464250;76758834
805;79281834;79471459;79383084;79132750;79164916;79255334;79150458;79213291;79465542;79121417;79003417;79848583;79534500;78821792;79341625;79200542;78769292;78814625;78781250;78878208;78939292;78911667;78715750;78749584;79715083
805;85821458;85637834;86187666;85595625;85681917;85597584;85436458;85088125;85417416;85357917;85663833;86431375;85750834;85760417;87295584;87500459;88143042;87786958;88066166;86822125;85632250;85577375;86238875;85819125;85662375
807;64551833;64144917;63979666;64191625;64084791;64123292;63885208;64394416;64259125;64394084;64274416;64022625;64810666;64598375;64165500;64561292;64308208;64346375;64064458;64266083;64228167;64199708;64105458;64228625;64138958
807;81617708;81855083;82421458;82216375;82331000;82294542;82191666;81958000;82081292;82140417;82304458;82091666;81982917;81631500;82415792;82018125;82175334;81907750;81696625;81524875;81763041;81871667;82432875;81861750;82021125
809;74875625;75952125;75901292;75312917;75612750;75616875;75525584;75383541;75256792;75201458;75134333;75256292;75174625;75201709;75446125;75998084;75382750;75376583;75501875;75050500;75521459;77064250;76794583;75770375;75254958
809;79932292;79865083;80363500;81329209;81938750;81633209;80929875;80636333;80387125;80069833;81106708;81732792;81428917;80330750;80250458;81068583;80626542;80456875;80500833;80073458;79699000;79808083;80008875;79980083;79777292
811;81530417;83101250;81460792;81478292;80763208;80776917;80576667;82340250;82876833;82549666;80726917;80754000;80329875;80622417;80755500;81367834;80893167;81052375;80432084;80301750;80362250;82416166;82532500;83058583;81608584
811;68751542;68439042;68598750;68425000;68362250;68415000;70779792;69891542;70477833;70332000;70617541;69914500;69933209;69111584;68787833;69763708;71017750;72207958;71701375;70920917;70605791;71633958;71654500;70845125;70291708
813;70795667;74147083;69951042;70914208;71355083;71315791;71284833;71326000;70643375;70144708;70058166;68735375;70301417;69009916;69172625;70217792;69597542;68791083;67708708;67476875;68226042;72232416;72907250;73991542;70774000
813;89199791;87536875;87340709;85853209;86107250;85519500;85539917;85775584;86161833;85640708;86363958;86946125;85193292;84951667;86341250;85821666;86637375;85988333;86232500;85324375;86104375;85988292;85487500;86657958;85517209
815;62458375;63353958;63035459;62666292;62517292;63421500;62646792;62446500;62783708;63493500;63135000;63033625;62849375;63483500;63282167;63797667;62841667;62581333;63537500;62529917;62461709;63006000;63522375;62922000;63221708
815;72623750;72904125;72637000;72892208;72681333;73129459;72702125;72063750;72170292;72293250;72186292;72169708;72083083;72175417;72663250;72277791;71914458;72152792;72115375;72174625;72196125;72165917;72067417;71816125;71825500
817;92680375;93381667;94018875;93464208;92942583;92694833;92516375;92372375;92481583;92528958;92451417;92858458;93410084;97268625;95307875;93619250;95507167;95261875;94289167;93193584;93260208;93200333;93268625;93732916;93453125
817;68641459;68763917;68717458;69433916;70382333;69987875;70300917;70285375;70123166;68932666;69613709;70576583;70906750;70413375;70483666;70545334;70256500;70292583;70218708;70152375;69510625;69577292;70635209;70221459;69230958
819;73564833;73965875;74053125;73671125;73491500;73558958;73277167;73195416;75074833;74305584;74379958;75202958;75215750;75371791;74160792;73994333;73790791;73855000;73588000;73596583;73263041;73660958;73648584;73599042;73366625
819;80249875;79523125;79750667;81244459;81933709;81337167;81284125;80346709;79641459;79436625;79743083;79930667;79854958;81480000;81695167;80537875;82197958;80144500;79891584;79858417;80130209;79983000;79970000;79837709;79650208
821;57161708;55901625;55685125;57379667;57187417;57555791;57394958;57312375;57180041;57079958;57275916;57338125;57308125;57447500;57471875;57202917;56970000;57178667;56995333;56199750;56139916;56220167;56717541;56402417;56454333
821;75578542;75620708;74368542;73408667;74603083;74238583;73669375;73542209;73404417;73500375;73787084;74093250;73859500;73753833;73522541;73082292;74351416;73957667;73707042;73266208;73065541;73153333;73200417;73662083;74125709
823;56901000;56426708;56067084;55407333;55432500;55593875;56290375;56433875;55777625;55743250;55589458;55577291;56605916;56121542;55750875;55765541;55963708;56011959;56231875;55700625;55286000;55790875;55655667;55331792;55332292
823;69289750;69226875;69215583;69223625;69183917;69463209;69973000;69851875;69938958;70073042;69752166;69348292;69237667;69191750;69281958;69196459;69260917;69499500;69557083;69396375;69341542;69570166;69729625;69969417;69801167
825;63938125;64018875;63881000;64024375;63985000;63892667;63885416;63816834;63861875;63884875;64035167;63956250;64190250;64498750;64358042;64069584;63914083;63799459;63852542;63905250;63717375;63793875;63913042;63964125;63965917
825;61297875;61463458;61495666;61528042;61886875;61556417;61423459;61004708;60862875;60867541;60911083;61177958;61187583;61179500;61252417;61204000;61382250;61368959;61295917;61732500;61794292;61731000;61576791;61505083;61080500
827;59234709;59286292;59255792;59229750;59305125;59174792;59325500;59265416;59297042;59376041;59494875;59616459;59896292;59606083;59470292;59413250;59372167;59205250;59387583;59382709;59494708;59202334;59252791;59172917;59182166
827;83930542;84393708;84364250;84494333;83853958;83904542;83767625;83788792;83937833;84022417;83920750;84049459;84180375;84406542;84769500;84827334;84267292;84099708;84176666;83832542;83893083;83808666;83604625;83625583;83825500
829;99660792;99688000;99526500;99233875;99234833;99331166;99478083;99190000;99088083;99115375;99675417;99695792;99806750;99418250;99382583;99034292;99418542;100657166;99708292;99511792;99789667;99612250;100201291;99764541;99721417
829;100087625;99919334;99702792;99556125;99486625;100147125;100288542;100181458;99474583;99248583;99592792;100094417;101559375;100126333;99939459;100449959;100035000;100056958;99811291;99941166;99595417;100224250;99999792;99719125;99384875
831;63204917;63944958;63494458;63595083;63315625;63285959;63224083;63198458;63108166;63333500;63126000;63091500;63731291;63133958;62972917;63245042;63356041;63745000;63070958;63433708;63246084;63120542;63111875;63054166;63100417
831;59837083;59631166;59523583;59439209;59547916;59418583;59435375;59392125;60007958;59506792;59810458;59632375;59378750;59337791;59412583;59265958;59239291;59352500;59481083;59410917;59460791;59462750;59534208;59483709;59621833
833;91270792;91714208;91168167;91143125;91122375;91036334;90964291;91072875;91251458;91048834;91588292;91629708;91815500;91581791;91499167;91294125;91242625;91301625;91208167;91035125;91346042;91146583;91228708;91628750;91129042
833;92146000;92035708;91848375;91909042;92179958;92165041;92363541;92920250;92584291;93157083;92310625;92135291;92002125;92160000;92082000;92186708;92052000;91984000;92717166;92579416;92936834;92730792;92281750;92264792;92427333
835;75435334;75375083;75232584;75143334;75101084;75940084;75476375;75698791;75611667;75334083;75102625;75107625;75102000;75127250;74869792;74982708;75216834;75253292;75850125;75683792;74985833;75644167;75226875;75406833;75182750
835;89121583;88611958;88610542;88873000;88497750;88992791;88996167;89024292;89427959;88910000;88515375;88462792;88489334;88442958;88533958;88541041;88649084;89160833;88662917;89422791;88914041;88819500;88741916;88698875;88705541
837;89697625;89540500;89504791;89838750;89141667;90246417;89598666;89408000;89558750;89518084;89557583;89444584;89454541;89452833;92088458;91017750;89701958;89284917;89140542;89095042;89517583;90604583;89611292;89860125;89655625
837;85406667;84905667;85062917;85020541;84718209;84572166;84604667;84624000;84324625;84837750;85229708;84876459;85300292;84897167;85219875;85113250;84555750;84803000;84766416;84650625;84696916;84647000;84378541;84653666;85153375
839;72400667;72872750;72964917;72452875;72383542;72539000;72606541;72490125;72655417;72533750;72605000;72578916;73402375;73123750;72802084;73274000;72992084;72477833;72544958;72469458;72368250;72250083;72405584;72357084;72418458
839;90676958;90787125;90331000;90596583;90090750;90064625;90247292;90364875;90331916;90132167;90093958;90225583;90710459;90400333;90766084;90557916;90336083;90276084;90183917;90154458;90467750;90459083;90616584;90758584;90664500
841;109950166;109260667;109763583;110080416;109746333;109780042;109888542;110857625;110027375;110420875;109834833;109572084;109757167;109619750;109685000;109876834;110444625;110288500;110110000;110449000;109715167;109846750;109549583;109848542;109801417
841;62199542;62330500;62021500;61876917;61899875;63233792;62128667;62485292;63816167;62695250;62218541;62196625;62046125;62006625;61925542;61722333;62115292;62191209;62091166;61907666;61934333;62481833;62266291;61930459;62007000
843;70323708;70562000;70494584;70595459;70698666;70535334;70734375;71021417;70869000;70393208;70626916;70787875;70660791;70170042;70904500;70470542;70246208;70210250;70091917;70298625;70574459;70675875;70761333;70478541;70412375
843;74256291;74118958;73889042;73731292;73599542;73642791;73887833;73986000;74016292;74514666;74459625;74014834;73860084;74314333;74287625;74089458;74201542;74169583;74221083;74227125;74009917;73878250;73944792;74151209;74269500
845;73998958;74013708;74232250;74118375;73946959;74033083;74081834;73876792;74095333;73934666;74100375;74504917;74127084;73934125;73881000;74137375;74300250;74115625;74022541;73902500;73750500;73798500;73950000;73844083;74111167
845;73930500;74111500;73889041;73800250;74425250;74053250;73589375;74008583;73867250;73666167;73478583;73496583;73485125;74186000;74244334;73918500;73736792;73956042;74166250;73819709;73752042;73866458;73778417;73681458;73778833
847;74836416;75128041;74735834;75014500;74622958;75283083;75503042;74888417;74826167;74679083;74487875;74424791;74657750;74488250;74742000;74788416;75086208;74764042;75143125;76900167;77544625;75957750;75251958;76743833;75666250
847;99895083;99304792;100623125;101640583;102180666;99529541;102394958;102123417;102083958;99595250;99483875;99083666;99666042;99550041;100532750;99853208;98950166;99336333;100077708;99507792;99048084;99246042;99762875;100295625;99653792
849;90784792;91655875;91654416;91284584;91100917;91058000;91102625;91403666;91344167;91516500;91216083;91057084;91771875;91089708;91080500;91116292;90826958;90939916;91286708;91246667;91364500;91227625;90994584;91762167;91209333
849;67359500;67430958;67302750;67310750;67226667;67230458;67709791;67431250;67477167;67246167;67226208;67127333;68051500;67423875;67153958;67225667;66830292;67258833;68055792;67605666;67506750;67660084;67320958;67543875;67307334
851;57019458;57179125;57450458;57108333;56917292;56942708;56877500;56887750;56999333;56896291;57003375;56770291;56885708;57167792;56971292;57157583;57031292;57011125;57025917;57089750;57269667;57014000;57108375;56794458;56982750
851;104343000;104478166;104522833;104920167;105100459;104346000;104793750;104421792;104379166;104245625;104216333;104262541;104924750;104734542;104546375;104190333;105061750;104424291;104540667;104193958;103893458;104177041;104179125;104549750;104369958
853;72497708;72557292;72700917;72452708;72241959;72040708;72205000;72195333;72066709;72488083;72065000;72868958;72563917;72153583;72413667;72663875;72355667;72391250;72261625;72112709;73152625;72556542;72313334;72779125;72235459
853;86326875;86100167;86007375;86303750;86272375;86094625;85930583;85842500;85701917;86007666;87655750;87257875;87255208;86223958;86026375;86438167;86186917;86284042;86090417;85996584;86117417;86320084;86131167;86098584;86132000
855;80268208;80766500;80689958;80417500;80625833;80599000;80563084;80567958;80901333;80666791;80463583;80814875;80533083;80145875;81180708;80616042;80382458;80351750;80238667;80338459;80234500;80529417;81640250;83852375;82409583
855;72746333;72386500;71931084;71922542;72740958;72197958;71294250;70983250;70867333;71226334;70928542;70740917;71062250;70777625;70938750;70606791;71475000;71094458;70786625;70886958;70591834;70763708;70795084;71233542;70832167
857;93825083;93822500;93665083;93808792;94111666;93635584;93725750;93507375;93350625;93944583;93565000;94212000;93792208;93473667;95248875;95406791;94961125;94051500;93378042;97698625;96777958;95135666;94016333;93097166;93253500
857;103272584;102631417;103263667;103175583;103204750;103121042;102965625;102749667;102575875;102920500;103030041;102781125;102896750;102924417;104622583;104820208;107587917;105482500;105910334;108432500;106404708;105579500;104064042;102718459;102589000
859;88645959;89317375;89261917;88657417;90278583;91530541;91208541;90261917;90292167;89335833;89075125;88787208;89211042;89070667;89248583;88747708;89274709;89132583;89070792;92649875;91216416;89906000;92141250;90689958;89250250
859;94919583;94356166;95868166;96528458;96315709;94781542;93653459;93362959;93278541;93478833;92739041;92356042;93700500;93551250;93317750;93209584;93277709;93654125;93217500;93370750;93552333;93376916;93251750;94103208;93137333
861;95639875;95929958;95925208;96105916;95531959;95498959;95243167;95596250;95940750;95961709;95650083;95854125;95574959;96138083;95751375;95766667;95994208;95538625;95649125;96552084;95510500;95589708;95622958;95718875;95773250
861;86966167;89657166;88583500;88231542;87721625;88294375;87584500;87461750;99349583;89052167;87555708;87387250;87532375;87063500;86992292;87286083;87591792;87625375;87495167;87358417;87738334;87405917;86736750;86757625;89344667
863;63760208;62889375;62795792;62758000;63035041;62864625;62810541;63323584;63094458;62870709;62935208;62784458;62727750;62806708;62660208;62573583;62804625;62569000;62551750;62592625;62914417;62608625;62644792;62499333;62493208
863;70671083;76020625;70161000;69641250;69349500;69318917;69030958;69216458;71595166;70374667;69970417;69482125;69274875;69396375;69190375;70294042;71610291;69811583;69598708;69842375;69498709;69184792;69566792;69304583;69017375
865;88384625;87801875;87475750;87939458;87920166;87763625;87652875;87453583;87610500;87615167;87496667;87656542;87429250;87679833;87063209;87700209;87190791;87237333;87781042;88354417;89660167;90550500;90672250;90102250;90115417
865;90765917;83181834;82837417;82586166;82424333;82312792;82302333;82256000;82747416;82991083;82602375;82201041;82410958;85212708;82860458;82259167;82331750;82246750;82764041;82748833;82712250;83095917;82588291;82449167;86725583
867;131414208;112044458;110795291;110219292;111813500;111358166;109874167;123441083;104850917;104553459;105125500;104183083;103659833;103397250;103185458;104519333;103247167;103729125;104313708;103818125;103547750;103375083;102990542;108907625;107086459
867;90686375;89935542;89440750;89401791;88422416;87948875;87663250;87688583;87726417;87709541;87409917;88292834;87537625;87293250;87608000;89667542;102903167;95556125;92661791;89485042;88815625;89041792;91302542;90915500;89154666
869;74372458;74338416;73521917;74187042;74251291;73719084;73418750;73395042;74473917;73523291;73752000;73329042;73251208;74520542;74422666;73409833;74087667;73693250;73241000;73367708;73035166;73190625;73112542;74242958;73368584
869;104151459;104378584;103583333;103512375;104259750;103876667;103587917;103378500;103998209;103709666;104114291;103944875;103349375;103117875;102931625;102925167;102994375;103695875;104352875;103536208;102893500;103335875;102754750;103043458;103106833
871;102778459;102638125;102803625;103012375;102264167;102540000;102421625;102389792;102276000;102506334;102307084;102476667;102156750;102950667;102235958;102556958;102304333;102537917;102293833;102481833;102086917;102177792;102518834;102554292;102635208
871;65306042;65259792;65012542;65138083;65021708;64966500;65255167;65162416;64900625;64839458;64887333;64833417;65247875;64918625;65591208;64974875;65032667;64933917;65108084;65026667;65033625;65155791;64963042;64958042;65082000
873;82252375;82515458;82509708;82016875;82357042;82409875;82090125;81925417;81726167;82017000;81884916;82052708;82114500;82147250;82685292;82402250;82273917;82455875;82268333;82146917;82032375;82194291;82181084;82028167;81866000
873;71134834;71627750;71314167;71210458;71336584;71337000;71256875;71424584;71357208;71446750;71489667;71263708;71338042;71372333;71318250;71499916;71383042;71186625;71380542;71137625;71215291;71125917;71206208;71132750;71426792
875;104585000;104597083;104543250;105169208;104424709;104893542;104377000;103861084;103638292;103888333;103717459;103814791;104047833;104505292;104540042;104501542;104601958;103984542;104188500;104321833;104244625;104138709;104635375;104286542;103941083
875;101526791;101662958;102999000;104676375;103481166;102286750;101883916;102480166;103222750;107375209;103708334;102087208;102161416;101766834;101783459;101743916;101616542;102225208;101984042;101908750;101589417;101652792;102029333;101767791;101583334
877;64254917;64142792;64016625;64312042;64149917;64324917;64035167;64026458;63767334;63945209;63939375;63745959;64088375;64029125;64098666;64180917;64239000;64195000;64350208;64156584;64125833;63999084;64027750;63936291;64050750
877;81925792;81939584;82228708;82265333;82346416;82359375;82317167;82781125;82545833;82305875;82492917;82294333;82159250;82337541;82540083;82350125;82382333;82605250;82502875;82779834;82178084;82567375;82240834;82291208;82241209
879;89396709;90040958;89721125;89400834;89520542;89692208;90517250;90321750;89660875;89422791;89486833;89324875;89549208;89105292;89149708;89440792;89400250;89950458;89898125;89642417;89671625;89685666;89323000;89503250;89468041
879;67450250;67711542;67467000;67526500;67969042;67619000;67490834;67322875;67322542;67262541;67259125;67242208;67394167;67246000;67389542;67350500;67448292;67529834;67383542;67848042;67736500;67472458;67439083;67493500;67472125
881;92578041;92921375;93027500;92745791;92451292;92795125;93198041;93391167;92861958;92834500;92719375;93131042;92684708;92742125;92655250;92788708;92895500;93082500;93277834;92667708;92780250;92579709;92733958;92975541;92973292
881;77051416;77031292;77231417;77261916;78104250;77555750;77286584;77149250;77168458;77229417;77064791;77268334;77074167;76926291;76934500;76877291;76890125;77796166;77355625;77097625;77278875;77171167;77138375;77301709;77440167
883;73188583;73049375;73102625;73195583;73092125;73777792;73730125;73241416;73222375;72969459;73123417;73102541;73894417;73708792;73398875;73117375;73287709;73068250;73114041;73864459;73453500;73187916;73041708;73171750;73224417
883;81521584;82023958;81973333;81653416;81555042;81460500;81912417;82031250;81570250;81416834;81589042;81374458;81328917;81560833;81458958;81444792;81417916;81657708;81404250;82262084;82100291;81599541;81425667;81374125;81425833
885;109155584;108896500;108862667;109155583;108893416;109988500;109122292;108996666;108913500;109327250;109019584;109071459;109194417;109331333;110176666;108998292;108955500;108764792;109306833;109513750;109344250;109570333;109212458;110114709;109485375
885;62252167;62149458;62109917;62170541;62172000;62281333;62317417;61994792;62145625;62052500;62116250;62092833;62316375;62941916;62498917;62422083;62355209;62385250;62339333;61998625;62082500;62204375;62272042;62124708;62160416
887;77579459;77754542;77750083;78375375;77519667;77576875;77432833;77532167;77590542;78117208;77983667;77436584;77358042;77418000;77894292;77684500;78036916;77620250;77481416;77611583;77639209;77704417;77870625;77947666;77726000
887;62125958;61928125;61860292;61988750;62545750;62560375;62187916;62062583;61957292;61996375;61932208;61894959;62081000;62211458;62152875;62209917;62197750;62202958;62010875;62238625;62320041;62506417;62572500;62321125;61873791
889;115590458;115964084;117080125;116737417;116093834;115942292;116867916;116500375;116288166;115970917;116366500;116101791;115835167;116128500;116213958;116980125;116284792;115963375;115759458;116286333;116629209;116122042;115980375;116298708;116557041
889;78953833;79209917;79138667;79408708;79541083;79379250;79302125;79238625;79372042;79152084;79745750;79435167;79089834;79043791;79105000;78908500;78974750;79290750;79036959;79021041;79211542;79294375;79575500;79633208;79595375
891;126081042;126368959;125586042;126457542;125798208;125679833;126014792;126153583;125703417;125666625;126090250;125597333;125759084;125314500;125996167;126646584;125616708;125856833;125433333;125416541;125363625;125172875;126052750;126357083;125881917
891;97600375;97483458;98195583;97920208;97834000;97987458;98132167;98451209;98132375;97743833;97533542;97427208;97664834;97781834;97908541;97601625;97746542;97982500;98477875;98137917;97945583;98228125;98320958;98357333;98335000
893;125043416;125524584;125524459;125427750;124374250;124204250;124741458;124962334;125057583;125271625;125128833;125185208;124943375;124969541;125393125;125312625;125014125;127154834;125611417;124835750;124694958;124588417;124924625;124434791;124472375
893;65440958;65521334;65305666;65909917;65532625;65478208;65467834;65369333;65183916;65255750;65537833;65305708;65306959;65371750;65251125;65429125;65548667;65383083;65588750;65631917;65275709;65238208;65311875;65417708;65293250
895;82571333;82234792;81969375;81873541;81750833;81804541;81550416;81826333;81681042;81586875;81588625;81674584;81940250;81869750;81684417;81732417;81656666;82045375;81538000;82069375;81904292;81464500;81606417;81520500;81618750
895;69459875;69224542;69163333;69205167;69252583;69534833;69274708;69539834;69819417;69446542;69375708;69385959;69335583;69218542;69325958;69088958;69139250;69221500;69323917;69509875;69362750;69347416;69737750;69598542;69330125
897;84870042;84503208;84534834;84691666;84585750;84491000;84403333;84657542;84439750;84720416;84774000;84374750;84566167;84566666;84654208;84785125;84824291;84585625;84623667;84491875;84213084;84844292;84666167;84518042;84436208
897;79899333;80139500;79695959;79764959;79745542;79658250;79954084;79680166;80436041;80329459;79922292;79718292;79601375;79618333;79901875;79708125;79709167;79819875;80024000;79731291;79615417;80051459;80119000;79918958;79857583
899;99815125;100066291;99425500;99195291;99407542;99508375;99196667;100127417;99708667;99625875;99317542;99658166;99282208;99265708;99443792;99416000;99176000;99638042;99559042;99349500;99442666;99657833;99609666;99497625;99479833
899;76186583;75993542;75794125;76539292;75884416;75831875;75898292;75953084;76184250;76070500;75977958;75958416;76258584;76041667;76013833;76079084;76619083;76384291;76287333;76324500;76171958;75998916;75965209;76045084;75989958
901;101026209;100802458;100339667;101194833;100589333;100580833;100569250;100907417;100284250;100919708;100952416;100824750;100818917;101388750;100618875;100258208;100250209;100714084;100337292;100468333;100504375;100252709;100076375;100863542;100723291
901;116507625;116430750;117165167;117045250;117041958;116455291;116595625;117643208;117059333;116847333;117506709;116992333;116842458;116870042;116403541;116814875;117061583;116561625;116558833;116910667;116763791;116800875;116526833;116466875;117619208
903;108491500;108297125;108376417;108435292;107886791;108262583;108271750;108259625;108300459;108374292;108217833;108426416;108221833;108086041;108186958;108313750;108282084;108557292;108931417;108348500;108368125;108531791;108339250;108232666;108293791
903;92115334;92103833;92616375;91908208;91473750;91621375;91782167;91731583;91728000;91875000;91800792;91736500;91429917;92300583;92324584;91971958;92135334;92216333;91823709;91464000;91834000;91746833;91695667;91636125;92214917
905;113158458;112940208;112968625;112879834;112654708;113315166;112920291;112812041;113136667;113310833;112306542;112754167;112361916;112435542;113224334;112757084;112298042;113122250;112888625;112934791;113159583;113061917;113389416;112947875;112687666
905;106920042;107747250;107483166;106891625;107556375;107144375;107166958;107781541;107226042;107311125;107531333;107713500;107016750;106941583;107031500;106872583;107407500;107314750;107330541;106811292;107743833;106912084;107214500;107469250;107232833
907;117344084;117274958;116996584;116964084;117780125;117152875;117226583;116995250;116754375;117230000;116944875;116576625;117011917;117584625;117079958;117592292;117325583;117475917;117344167;116839208;116800458;117389459;116921708;116734625;117126333
907;68843750;69353416;69189167;69104708;69089917;69060041;68938375;69013709;69635333;69178125;68904167;68821542;68878791;68853125;69058667;69040458;69171000;68852333;68893000;69000500;68900667;68875333;69149375;68945459;68836959
909;92674750;92809542;93160500;93083000;93204875;92909625;92909125;92805875;92924959;93496917;92787167;92634208;93052750;92662000;92629000;92992500;92972250;92694084;92691125;92610292;93536667;92976417;92847625;93422333;92842000
909;124032458;123734459;123657500;123444375;124517458;124312041;124154583;124144209;124197917;124132917;123807125;123461583;124306083;123802333;123985250;123911541;123941250;123557875;123607958;123459959;124158666;124271625;124091209;124222125;124028333
911;83661458;83540209;83390667;83453708;83234417;84159375;83794542;83462625;83750167;83639458;83523333;84016750;83646833;83731875;83680166;83560667;83310250;83896875;83909917;83455041;83893625;83567334;83540750;83818333;83456500
911;107462333;107597000;107207208;107699208;107587625;107544750;107223542;107127458;107129583;106898042;106745792;106876041;106988459;107383375;106884291;107512250;107114167;107483666;107204959;107267833;106988084;106980291;107695625;107273958;107096083
913;85732125;85836417;85882250;85859208;85880083;85880083;85855292;85926417;86432250;86033875;85860042;85796916;86216834;86009417;85636875;85515666;85636500;85517459;85696750;85882958;86324666;85973750;85983125;85936542;86017334
913;84567834;84315959;84038666;84356666;84387542;84502042;84462375;84561084;84161167;84472875;84389834;84531125;84637542;84324416;84358791;84403000;84346792;84393875;84721625;84432292;84199375;84391958;84204083;84247250;84241333
915;107805375;108136000;107789333;107679959;108472458;107651416;107694834;107669459;107766000;107488083;107742709;107579500;107787875;108155833;107921917;107854333;107533750;107907042;107682625;107386417;107550500;107520459;107579459;108351500;108036958
915;104441750;104133292;103481708;103527042;103656208;103645584;103521833;104077167;103379500;103466125;103497000;104049708;103673750;103734292;103548875;103405333;103490416;103901125;103862750;103700042;103569125;103558333;103379917;103733417;104086625
917;113925042;113662708;113376250;113947709;113754541;114529167;115302000;113638166;113063250;113464208;114079666;114260459;113988375;113662375;113698000;113600666;113207291;112997084;112875917;113134959;112919417;113804917;113523708;112945000;112968792
917;60063541;60254125;60135083;60175334;60253042;60366500;60650875;60464125;60347875;60553375;60182084;60331584;60396708;60053542;60071708;60053084;60058000;59967791;59932375;60050250;60110459;60090167;60124291;60414250;60219792
919;129371917;132250042;129395833;129016125;129011458;128986334;128889542;128980458;128862500;129150417;128710375;128421375;128295542;128482666;129185583;129092208;129101666;128466208;128540833;128829459;128524334;128562250;129085666;129142000;129244375
919;84334875;84066375;83974833;83809917;84035541;84086875;83952334;84396583;84482500;84026667;84189250;84236292;83907833;83883625;83780792;84228208;84189916;84194334;84089166;84053958;84510708;84070875;83984208;84128250;84125125
921;131132250;130880000;130514292;130630416;131424292;131286916;130979375;130725000;130329792;130610209;130443459;130758458;131721833;130769208;130871667;130650625;130390792;130441875;130611583;131307875;131572792;131267458;130910292;130582625;130255333
921;83289417;83430708;83088291;83711125;83443333;83321708;83217209;83361750;83222583;83184042;83220208;83093625;83141542;83074708;82916458;83115542;83598417;83145708;83344625;83183541;83146208;83185958;83285625;82984542;83176625
923;98665917;98414875;98911583;98881792;98898542;98130709;97975959;98092791;98076250;98081209;98345125;98190167;98438917;98486459;98852666;98648583;98559250;98380458;98338083;98126667;98015917;98179166;97938416;98485375;98531500
923;105862625;105854208;105603334;105637750;105442333;105360500;105574208;106055959;105808958;105970333;105482042;105365500;105529167;105414208;105385667;105339750;105654750;106135958;106321917;105889583;105703084;105248209;105432250;105575750;105487542
925;98813417;99260167;99224958;99105084;98853292;98689542;99067250;98869542;98810792;98957792;98718916;99043166;99414917;99396666;98837833;98754917;98741750;98437667;98492708;98654125;98781959;98964083;99896625;100147917;99155375
925;115839375;115397833;115052541;115116708;114867500;115222917;116151125;116221375;115430000;115493375;115488625;115587750;115539875;114998500;114857833;116081708;115377459;114898208;114984291;115064542;115337791;115901167;114991709;115309250;115843292
927;109651584;109310875;109558875;109400417;109136083;109063292;109197083;109415833;111589709;109965541;109580125;109428459;109610125;109441666;109261250;109299000;109473916;109824250;109308292;109228125;109192584;109027542;109106250;109258625;108933083
927;133554333;134487917;133803458;133610083;133042833;133205333;133161584;132862917;133780333;134595042;133400625;133439000;133215833;133422541;133125042;133328667;133799167;133355500;133419292;133341916;133114667;133202916;132487083;133036792;133714167
929;102229125;101838875;101822500;101987291;101664166;101757792;101867292;102101667;103068042;102374292;102367292;102385792;102300917;101860833;101897291;101700667;101808667;102111375;102811833;102127208;102240042;102070583;101962292;102114625;101841875
929;106791875;106409666;107506334;106699208;106264667;106287708;106168084;106225958;106387000;106338917;106417000;106888625;107518000;106515542;106558500;106411917;106097834;106329916;106101208;106255917;106051167;107358833;106949000;106838292;111533917
931;141596500;122139541;119643209;118231625;117322458;118817291;117562042;116975625;117004375;117115042;116897958;116651500;117002750;117934584;117280625;116844208;117777625;116709792;116276750;116400208;116558417;116546750;118259375;116728458;117227334
931;87598167;87462625;87888875;87742208;87689667;87517375;87699125;88652083;87751375;87574208;87567125;87652000;87427875;87724125;87729042;87784291;87892542;87613542;88186583;87969750;87487042;87487542;87594084;87664541;88318542
933;116464334;116205583;116868125;117342542;117096166;116116334;116452083;116411042;116269375;116055416;116071375;115979625;117697708;117986667;872695437625;126201458;124998916;123926333;123889875;127944792;122878375;123400167;119518167;118649084;115150750
933;97430791;97411291;95488250;120607125;127019417;134014084;107052875;104559500;98764792;102338000;103759500;104316041;104507125;102909541;103790083;103288792;103734084;103682000;103669667;106373500;102988000;102729167;101988334;103618792;103511667
935;111540333;105112750;107505000;104332667;117843875;108311375;111714791;106723083;106892583;104296166;103400417;105214250;108640209;102246708;99612167;99045917;100351833;102191875;100376792;100077083;99378834;100148208;99857083;97679375;97691208
935;135362708;134430333;134529083;134502792;136107709;134506125;134180167;134446834;135848625;140707125;136923750;153100791;147099000;137659458;135370875;136715791;135879875;135639375;136415000;136335375;134323083;136142500;137345584;135499250;136486167
937;97303000;97816166;96031667;98219083;97476834;97317625;97648042;97157041;97660417;97674333;96274209;96868000;96699292;96608416;97854750;96779083;97178125;98041792;97162125;96015250;96800792;96339291;95733750;96540125;96702542
937;119662750;120251084;120724458;120118958;120108750;120048250;120286750;120575208;120584416;119423917;121109458;120921959;119100583;120156209;119228292;119757958;120013125;119737417;122207083;121765417;120232792;119200625;119501083;119230292;120454583
939;99744542;100959459;100912959;101000625;100614083;100369542;101193500;100199417;100604458;100764250;100676209;101064875;101188792;101761250;101318917;103148250;101962000;102102959;102658959;103016375;103314459;102863375;103538209;103259542;102897917
939;113827458;113907459;114627167;113240791;113954416;113925458;115189583;113456416;112334375;111699042;111557875;110700083;111097291;110906458;111185750;111937875;111268333;110534375;111065000;111120416;111392250;111176250;110487333;111145875;112533625
941;109668833;109419541;109580333;109702792;108657708;109594958;109112209;109923083;111028167;110245250;109762500;108114416;109097375;108944792;109415000;109395084;108782458;110159833;109740458;109474958;109313208;109479083;109818250;108460375;109359250
941;108630791;109149166;109558709;108911833;108451792;108138542;108670709;108145042;108317834;108998083;107806750;109077791;108816209;108816375;108424667;108718042;108956959;107652917;108546792;108030625;109550541;109132083;108837833;108815375;107680833
943;76567500;76737375;76347500;76940042;76799834;75859375;77199083;77027500;76704666;76730417;76648792;76766875;76035042;76377791;76541000;75849042;76195833;76638542;76568167;77376875;76926000;76874875;76783500;76773250;76805083
943;74967666;75478333;75570125;74619125;74808750;75575000;75527208;76551000;75920875;74981917;75688792;75366667;75637542;75649167;75648125;75731708;75669166;74491208;75448375;75478458;76131750;75314875;75498958;75554458;75564084
945;116935000;116789209;116603083;116701875;116875791;117562084;116234458;116405000;116144709;116535125;116444625;116285875;116078583;116713458;117713250;116011584;116086166;115867625;116070708;116367750;116436875;115568417;116148542;117010542;116157916
945;70874166;71865958;71610083;71751750;71737375;70469958;71035417;71548958;71465500;71364250;71008833;71752292;71456250;71410958;71360416;70289208;71232542;71419834;71421500;71454333;70911667;71547333;71580458;71587333;71042333
947;91294417;91357167;90995750;90472750;91439041;91603333;91591083;90978584;91427208;91449209;91570792;91815125;91711166;91703584;90759542;91015625;91676875;91701916;90876000;91557375;91679083;91155042;91371334;91336000;91385083
947;85900958;86089375;85964792;85801458;85665042;86002208;85969500;84764167;86385792;85986583;85492167;85911000;85927292;85821125;85870208;85878959;85437417;85741042;85881875;85948500;86452167;86224667;85913959;85885541;86023500
949;117373250;116933125;117614250;117717125;117247458;117711250;117304250;117518167;117335167;117569583;117728209;116697833;117389625;118587833;117758375;116581125;117062583;117513167;117203750;117330417;116723959;118238041;117984875;117505916;116614291
949;120441916;120894125;121183042;120484917;121245167;121803042;121131084;121073000;120288708;120691459;120514791;120724709;120480459;122145583;121329542;121072250;119951834;120683041;120484458;120859334;120558750;120621792;121613541;120849458;121365292
951;103380625;103651042;102078833;103202166;102979084;103569375;102900625;103035208;102403125;102647542;103056334;102759083;102556042;103142875;103071583;103608291;102159500;102744916;102457084;102744708;103048625;102803542;102110333;102606083;102847667
951;114063375;112378041;112424250;111868459;112233833;112544000;112340833;112567250;112540875;113600792;111624042;112237125;112389792;112667667;112427708;112700584;112048375;112544209;113414250;112232375;112230625;112213750;111888083;112166458;112677542
953;114725792;116072250;116222542;114642917;114802041;114545042;114447625;115173500;115232375;114624750;115387250;115273125;114675041;114157208;114695875;114365292;114871084;114710166;114168625;115835708;115134083;114840250;114010292;114478041;114007750
953;114383208;113910083;113488500;115045500;113965792;113756250;113765875;114023583;112867208;113938791;113821667;113670750;114597584;113847292;113861208;113155166;114085708;113998250;113954583;113884625;112973333;114274125;113527417;113626166;113311334
955;91905416;91703208;91448333;91900167;91891209;92236000;92241000;92017959;91816917;91906375;91187750;91512292;91806625;91348417;91531834;91695084;91630334;92073250;91767959;91852583;91807750;91082500;91527125;91752875;91348667
955;133732792;134472250;133256583;136102541;133253375;132743333;133969750;132542583;133418083;134131458;133758917;133625417;133600958;133668667;133564875;133051208;134237958;134152667;133930709;133465625;132855042;133560916;133687000;133846250;135040167
957;139066250;139872458;139411500;139528792;140009541;138565458;140810291;139624667;139882042;139923917;139223625;139270625;138863541;140037000;140362334;138809083;139205167;139237084;139369416;138670083;139954166;140663292;139582542;139436416;139700459
957;81156584;81702875;81486791;81303708;81813584;81704667;81620667;81608458;81122084;81495041;81640167;81642792;81774625;81447750;81705208;81538250;81008333;81837917;81698167;81668042;81174500;81508458;81567834;81333042;81597875
959;90381000;91108250;91108125;91265334;91820875;91426250;90977666;90533000;90742542;90877166;91207084;90815125;90560041;90906208;90985708;91077833;90781417;90927208;90775792;90711583;91035209;91146333;91145042;90390667;90591291
959;99015167;99382459;99082583;98167041;98631000;98608000;98320000;98655958;98482709;98433959;98545417;99859833;99292459;99271666;98637916;98638334;98907375;97867000;98201792;98488792;98566583;99030459;98991958;98619500;98298375
961;129121416;129274959;128708333;128932292;128911166;128956291;128224417;127936291;128071458;128866334;127720500;127842291;129354208;129279875;128658209;127984500;128131291;128450041;128010667;128100958;128761875;128976291;128504042;128258000;128181708
961;118112042;118519875;118182542;118658209;118728417;118697083;117943583;117943625;118173125;117642625;117455917;117934333;118316542;118599583;120640208;123088792;118194875;117877667;117593042;117525542;118057417;117789250;117806125;117387667;118383208
963;129970917;129370209;128819084;130711292;129796041;129927792;130187208;129703334;129671625;129517917;129325958;130471750;129703375;129272875;129428833;129572500;130133166;129880500;129746500;130309334;129838417;129496458;129809542;129698250;128630375
963;131211916;131659250;132376500;131434625;130553500;131198542;131199042;130635625;131126958;132187667;131865083;130379417;130676250;131559125;130770375;130542542;131257542;131684542;131765167;131013625;131566625;131300917;130934167;130295917;131447166
965;102593958;102690459;101583500;101926833;102205916;102028458;101856541;101695416;102234875;102219500;102024750;102148208;101403458;101942625;102513542;102199458;102124708;102046875;102143167;102536125;101657750;101393333;101591084;101676667;101680750
965;113247667;113394625;113563292;114281584;113098375;113429125;113553541;113287709;113285000;113222375;113232666;113229625;114069667;113566166;113328083;113426958;113033125;113213750;113320250;113399208;113186958;113735167;113562166;113452583;113652916
967;119818375;119655625;118900375;118978209;118914375;119750625;118653000;118726833;118579792;119085541;119037542;119116458;118606916;119259459;118696625;118781541;119039708;118532209;118782333;118936583;119279750;118709875;119550416;118557625;118677458
967;110629250;110721167;110213042;110398625;109936750;110697167;110591625;110135333;110246792;109982500;110126666;110191333;110053459;110293833;110524041;110593625;109829000;109949834;110540416;110293000;110341209;110154792;109811416;110703583;110390458
969;146736625;146425750;146722667;146610208;146639542;147754083;147174333;147236208;147360417;147396875;147258917;147505625;147252500;147300125;146794375;146878209;147235583;146825166;146925417;147268333;147444541;146918667;146850875;146906459;146822000
969;133949417;134600125;134614834;134260792;134934958;134043042;133987500;134118375;134696916;135024000;134189875;134198000;134325042;134587333;134509917;134703666;135060292;133903875;133902125;134056833;133818000;133704250;133485708;134776167;135163166
971;140644958;140723417;139871334;139700750;139973958;140118333;140662500;139546250;139884291;140443792;139959333;139761417;139785625;140290041;139740292;139415875;139651750;139029458;138932167;139552208;139636917;139854500;139717250;139769125;139396083
971;87362375;87275750;87537708;87556917;87640791;87517792;87144958;87263959;87447125;86892208;87218417;87112167;87312000;87205666;87569000;87555083;87328458;87078417;87329708;87271042;87344166;86874292;86792542;87004208;86959666
973;93173042;92861584;93460375;93075834;92806958;92868833;92750917;92369209;92660084;92637666;92145209;92520000;92216791;92648375;92684208;92767459;93123459;92887667;92350875;92428709;92155375;92505625;92988166;92783541;92629167
973;118358292;118635500;117941041;118446167;118029166;118141375;118678375;118939708;119487167;119032125;118189542;118144375;117890041;118347875;118781833;118199916;118938042;118424959;118529416;118013208;118328083;118676958;118218833;118997750;118394250
975;118610666;118413417;117877625;117776959;117455459;117309459;118142542;118083584;118374125;118056500;118200583;117981708;117234000;117700208;117540041;118146458;118109959;118098041;117930250;117840334;117655000;117489583;117653125;117777625;117789500
975;88525917;88259584;88248541;88077167;88011959;87902667;87748000;87738125;87909541;87783667;87681666;87937208;88047541;87886959;88017958;87835041;87712083;87466125;87660250;87517458;90053000;89149584;88406417;87982125;87943375
977;138024958;137438208;137143125;137288542;137272792;137614709;137771125;137861417;137498291;137370583;137114250;137349083;136582166;137782833;137853208;137737834;137570375;136482583;136605708;137816083;138335167;137308166;137274625;136870833;136902042
977;146518834;146979000;146895542;146582500;146295625;146332583;145816875;145778000;145919291;146193292;146544833;146082750;145590375;145765625;145963834;146046875;146551750;146550542;145910042;145801458;145666875;145712875;146059500;146737667;146968250
979;95982792;96447750;95949917;95859250;95859084;96013708;96079250;96513000;96711083;96393916;96260959;96030291;96118875;95524375;95763208;96062916;96288375;95786250;96517083;96163167;96205000;96163833;96220917;96156333;95481250
979;144445750;144827542;144878750;145187000;144568667;144661167;143824000;144116750;144306666;145046291;145378416;144812791;145006750;144525750;144519167;143965458;144824625;144691333;144036250;144586875;144679459;145339500;145378542;145040667;145413541
981;117711250;117777625;117279500;117692875;117677125;117822084;118616292;118654458;118375292;118109417;118091958;118064375;118106375;117730542;117813208;118702625;118260375;117908042;117990875;117985917;117986875;118362834;118039209;118737125;117970291
981;109547334;109683792;109191500;109241125;109373917;110038958;109355333;110103917;110244750;109412791;109402042;109145875;109118209;109292792;109892084;109034292;109455750;109393833;108889292;108965708;108872958;109052416;109173333;109440125;109143083
983;155594208;155316875;155287625;154836208;154325250;155324125;155025583;156424833;154843333;154501542;154273917;154938458;154685375;155311083;155382416;154765541;154955959;154358250;154965875;154819084;155617209;154225625;154637750;154750333;155081416
983;112199125;112363209;112417250;111722625;111680667;116504875;139381792;117354833;113465208;113666958;113127459;112283041;112388792;111992208;112090500;112132083;111893833;112070250;111763750;111699083;112177416;111597000;111903042;112857375;112236666
985;99208834;99813667;99301458;99281041;99457375;98836750;99041083;101231667;101669708;99893750;99371667;99433541;99316416;99008542;99454791;98920333;99111750;98899250;99059834;99244209;99043333;99231292;99067584;99287833;100294500
985;137039667;135955750;136450291;137768917;137101750;137359667;137920791;137543541;137700042;137105500;137077292;136260583;136801750;136756333;137747917;37165303166;160627333;150708792;149147959;143239375;143187500;143196416;139419333;136497208;136895917
987;146844833;143760917;146555167;156996125;154648708;150420500;152155500;155687041;157661209;169691250;167592042;161968208;167436208;155895041;162023500;157180583;163698917;163098208;161249917;163950292;163659958;162541458;157689667;150858500;145771958
987;125934000;126556542;127113708;141028084;143698334;172219791;146474750;157005291;133223208;134487791;130223250;127544375;125717250;125645666;125076375;125884708;125846917;126043750;125487875;125654084;125148834;125672875;125049125;125639542;125601625
989;163288333;161864208;161023083;162184916;161722084;162302625;164928334;163495333;163944792;163559417;167046709;163398750;162892000;162670917;161454791;161985292;162526208;162668625;163206834;163651042;162234833;161435875;161480500;175729333;169424625
989;120344459;120316791;121156334;119504708;119619375;119617625;119622667;119840792;119729417;119429542;119233459;119046500;119050791;119022750;119635000;119686750;119557834;119325166;119321334;119720041;119252375;119362208;120228917;119229625;119724291
991;131686792;129347500;128278042;127857583;128424625;128169625;128176208;128541458;127916791;127541583;128014000;128434291;127490916;127489125;127264083;128168375;129262000;127767000;129106000;127431334;126815000;127429042;127818042;127501583;126673166
991;99515791;99385542;99324292;99409667;99459958;99251083;99610000;99927833;99724792;99274167;99284708;99167625;99666583;99514583;100924250;100995958;101830667;100561458;100848708;102577958;101319375;100242084;100237958;99926250;99861083
993;129510250;129773500;129483916;129330625;129081583;129053291;129257750;128852416;129475333;129520458;129475459;129092958;129291500;128801333;128885833;129032666;129340292;129697458;129727000;129130709;128783000;128628125;128832916;129355917;129290583
993;97466250;97313792;96842208;96488875;96649959;96734417;96513125;96305542;97373458;96847709;97020542;97347584;97204042;96885875;96403000;96512416;96581542;96497458;96783750;97115000;96949334;96910417;96684000;96538000;96593417
995;138753209;139012500;138295542;139061208;138579500;138201334;137882584;138158625;138214875;138334125;138343625;138313333;138787083;138178417;138323917;137593167;138227000;138256125;139046791;139630208;138671000;138655292;138424291;138364958;138298875
995;138800042;138877834;138212791;137422750;137484584;137629208;137866500;138156500;138921291;137725875;137581208;137768833;137488500;137367000;137652375;138391834;138197625;137669042;137585625;137330125;140406750;137847667;137663959;138400209;137754959
997;106529625;106782375;106517709;106550208;106791708;106535417;106485375;106355000;106511542;106348375;106163792;106399208;106348334;106274000;107416709;107123500;106942166;106767375;106096583;106624209;106305750;106273625;106024667;106431291;106596084
997;99392041;99451917;99286250;99284375;99221416;98987291;98882542;98853000;99217417;98955042;98997875;99036375;98889250;98939250;99268083;99034916;99132625;98823375;99468416;98783250;98831708;98752125;98883292;98735042;98796625
999;105684583;105692041;105152500;106564667;105948042;106160916;105750583;105665583;105627375;105303792;105315833;105516333;105700166;105771875;105747250;105466625;105523542;105367167;105518500;105346792;105419375;105593459;106045666;105454709;105682875
999;72885500;72893333;72618625;72672708;72541333;72361583;72710708;72743167;72523958;73009875;72989167;72650333;72577708;72957667;72716083;72699417;72420959;72571667;72560584;72591542;72697166;72714208;72749375;73097875;72442625
1001;106072083;106616208;105803375;105830458;105726417;105645292;105902208;105317291;106011333;105828750;106336458;106374292;106094958;105816875;105904625;105907417;105758917;106373583;106327542;105822625;106072041;105880416;105521084;106160584;105970584
1001;116443541;116942500;116799958;116337708;117054792;116992083;116694333;115799500;116306333;116302291;116931750;116974959;116442708;117047250;116591458;116284250;116526000;116566875;116387333;117332125;116786208;116565833;116754834;116443792;116212458
1003;151904166;151751375;151411375;150982833;151294833;151210292;151146541;150703667;151428167;151619792;151708834;151525542;151092167;150892834;151125125;152339417;151091334;151370584;150798666;151013292;150589375;150907750;151010792;150947667;152008125
1003;116017458;116176500;116029875;115821875;116411083;116372666;115682083;116263834;116128500;115838916;115986291;115907917;115467875;116369500;115969084;115923208;116443958;116094916;115403584;115487334;115788209;115964166;116060708;115676959;115946584
1005;87001166;87245834;86727834;87014666;87005000;87084750;86944458;87346542;86983709;87082667;87189625;87269459;87090375;87104875;87048417;86673000;86716875;86890250;87299208;87028458;86772417;87003042;87433458;87216000;86923458
1005;106595833;106621041;105688334;106286625;106917708;106781500;106480541;107249292;106939791;106633334;106665000;106424625;106695333;107100042;106366125;106260333;106512417;106499833;106081000;106330333;106449333;106620750;106423833;106848708;106478917
1007;122515959;123826750;123237291;123226833;123044042;122759959;123058083;122983125;123287417;123505792;122975000;122927291;122805666;122608625;123238833;122657042;122331583;123548625;123183375;123031667;122650250;122611583;123207875;122852584;122458833
1007;116729375;116402125;116297250;116091875;116086958;116404333;116470625;116068125;116021500;116429666;115972125;115991042;115756875;115774292;117054917;116196875;115594208;116142917;116330375;116277375;116100625;115550166;115563208;116210750;116338042
1009;87649125;87620500;87813584;87729875;87589958;87351542;87387917;86960125;87430291;87891375;87710583;87632542;87604042;87804792;87381083;87277834;87353417;87186375;87292292;87592459;87716000;87389333;87276458;87285916;87522375
1009;129525542;129184625;129379250;128936959;129413375;129024042;129183416;129882542;129483709;129220833;129113542;128934958;129482041;128867792;128582375;130048750;129254917;128938500;129071750;128900542;129713292;129075792;128920958;129692709;129081500
1011;106661459;106827917;106944750;106839041;106564583;106389666;106543666;106713792;106547875;106407333;106579625;106410708;106298292;106588375;106370167;106182209;106730125;106464333;106497333;106154958;106124458;106399000;106496625;106135959;106069083
1011;166903250;166736042;166440416;166758000;167239083;166309625;166446250;166588791;166119291;166427750;167001542;166509334;166918750;166173958;166094917;166101583;166385125;166249375;166935708;167274125;166856167;166741250;166563709;166279250;166239125
1013;125339167;125308625;124999166;126143417;126204292;125718375;125680667;126082459;125234417;125419083;125421875;125648458;125706875;125252291;125015541;126126834;125543958;125337708;125449417;125496292;125622333;125366375;125374041;126126167;125308334
1013;104443917;104700833;104768666;104690959;104578125;104297917;104373167;105206292;104695666;104271208;104470500;104288792;104889958;104310208;104115542;104321875;103956000;104681875;104200750;104448250;104296958;104671166;104639875;104466291;104241958
1015;106529333;106993375;106700666;106309083;106110500;106191875;106661708;106716125;106241917;106039000;105817458;106614292;106286167;106284916;106050917;106310208;106415334;106596042;106114416;105977083;106610375;106425292;106171041;106281042;106233833
1015;120964500;121731667;120633958;120609250;121508791;121038834;120957166;120836292;120668875;121199542;120906750;120657500;121095375;121113917;120857125;120704625;121219792;120917042;121242000;120641292;120739291;121032042;120818250;120594209;120734875
1017;91059292;91627125;91126083;90996084;91040000;91395000;91108459;91019833;91277667;91225500;91406000;90997500;91214500;90925875;90995208;91055666;91562625;90990583;90972834;91100333;91001375;91519542;91069167;91478625;91279625
1017;138298417;137809209;140289375;137523333;137242833;137260958;137836584;136821417;137077459;137850292;137289167;137165708;137217708;137315417;136981000;136961708;137967291;137188667;137052041;137187125;137478167;137355292;137114625;137286000;137379500
1019;124820167;125202792;125223209;125219833;124894667;124781834;125847875;125382708;125057458;124763000;125164083;125140958;124859834;124674625;125504958;125452125;124796583;125008500;125087875;125178667;124797500;124758791;125358417;125095584;124592583
1019;152296125;152425500;152475000;151787291;152651417;152209833;151657375;151995750;152174584;151362458;151723542;152081667;151651417;151786709;152323750;152301709;151380208;152115584;152297792;151639750;152344959;152390792;152573500;151937833;152849292
1021;152438917;152728458;152429791;152917792;152200708;152379916;152777750;152142625;152621916;152300500;152277709;151899125;152915666;152474583;152333375;152366625;152724625;152079417;151911750;152670958;151812125;152115459;152367083;152521542;151976417
1021;73825250;74179708;73954750;73792875;73661167;73843375;73764917;73734375;73694500;73871750;73746750;73563042;73660083;73691625;74064167;74034042;73754375;73745542;73827709;73968292;73764666;73693084;73718667;73645875;73611375
1023;116112500;116530958;116659125;116338334;116274750;116266833;116334292;116277792;115866166;115874500;116305792;116675375;116053084;116453167;116249417;116474042;116200667;116024709;116059875;116584833;116421042;116330291;116354042;116340875;116537292
1023;102257250;102077333;101558833;102542875;102231750;101862000;102206666;102001042;102054625;102079416;102014625;102120458;101977667;102496458;101954125;101830209;102178083;101739500;102125458;102054500;101831959;101829834;101849875;102178584;101656166
1025;74596458;73612458;73185000;72964250;73237250;73249292;72634375;72670625;72764292;72823375;73030208;72899458;72791083;72838417;72985417;72872709;72733458;72878541;72968084;72761750;72676333;72666500;72966000;72996875;72909084
1025;113030750;112315209;112696083;112254167;112419208;112374458;112057209;112110542;112434459;112536916;112424583;112665250;112314583;112649834;112549542;112234916;111891708;112562375;112683000;112278292;112435208;111929458;112247458;112218375;112620709
1027;124634000;125655125;124927666;124567000;124548375;124528000;124364917;124480250;124328041;124635667;124541750;124344750;124208500;124682917;124337875;124215791;124257458;125003084;124919000;124434334;124288125;124443666;124224333;124839625;124492791
1027;125114416;124782584;124856875;124667667;124643708;124794750;123993500;123894666;124610708;124466625;124327583;124108250;124572792;124927250;124230833;124214333;124348417;124466458;124561416;124720208;124000167;124530250;124162958;123854792;124484250
1029;114141042;114358750;113513541;113594291;113927916;113578000;113223834;112841500;113607084;113671500;113506167;115217292;114077000;113616542;113377333;113164625;113584833;114194166;114689500;115464250;114125333;113666625;113502792;113400208;113560166
1029;166456708;165810792;165949459;165628375;165632917;166048666;166273083;165887667;165125417;165336917;165328959;166105417;165338417;166298291;165216125;165283625;165064334;164854958;165032500;166389708;165454458;165169417;165512709;164753459;165229458
1031;88556500;88671667;88157208;87973125;88230791;88086541;88241333;88223917;88323833;88249583;88274792;88211250;87989833;88130125;88163375;87712292;87816542;88046583;87924542;87698167;87618667;87839583;87900458;88279042;88168875
1031;163135083;164057459;163613917;162988709;163194583;163539625;163319791;163739042;163733375;162950666;163417292;164180666;163764708;163205250;163911833;163343750;164047875;164635208;163719792;163593667;163394000;163433334;162860458;163848625;163955042
1033;135189833;135330833;134381041;134026083;134056125;134883834;134726792;134438958;134050708;134769541;134372000;134800917;135533541;135657500;135311500;134740042;135202958;136337500;134810750;134469583;135431958;135276916;134770916;135108833;134890125
1033;109281000;109365792;109266250;109906250;109657708;109349833;109007500;109349167;109195083;109011000;108877750;109071167;109183959;109546125;109190875;108913417;109061291;108850916;108658875;109052833;109051000;109121542;109059459;108938333;108833708
1035;120838667;121188667;120477083;120577459;120201750;121044250;120543125;119852000;119936750;120438708;120233000;119937250;119945833;120624125;120920125;120214667;120093833;119925500;119861791;119704750;119973250;120092708;120831083;120168833;120073709
1035;79255625;79887958;79680083;79380416;79266166;79214458;79169500;79223000;79667500;79328791;79324167;79265584;79379959;79223000;79166208;79030875;79044750;79218542;79174416;78974917;79455333;79608292;79348250;79461459;79375500
1037;124835917;125444083;125278375;125199875;124521166;125832500;125177208;124379750;124988750;124837250;124625708;128466542;148062667;130184375;127303334;126579166;125625709;125662625;125253667;124820667;125312666;125623917;125125667;124771709;125512917
1037;130548583;133829333;131293042;132094416;131759208;131003875;130896542;130638875;130021791;130696791;130588167;131026666;130123750;130071250;131009708;130363834;129895667;130291334;130043417;131045583;130403333;130085791;130150625;130180375;129959917
1039;103225459;103824416;104671750;103229125;103013916;103351333;103115375;103410583;102507083;102919875;102773667;103212375;103447584;102979875;102880333;102528417;103383750;104082292;204766443042;113268250;111397166;105506791;104001958;106335708;107692166
1039;135489833;130785875;128976375;128945000;128523459;129559709;129396292;131062958;137891334;137869500;135693833;139520542;138216125;138100584;141839333;140962209;144060917;141874417;154037583;144172083;140124958;144972625;143089416;145944792;144839458
1041;119453292;111736250;111736583;111386958;111096792;106811834;121347958;111917000;111172667;103176292;103375958;101697834;101940459;101884959;101211458;100555166;100890000;100665791;100445416;100298083;99875792;100504958;100335416;100938417;100938833
1041;106513667;107832583;107107625;107964167;107991584;107249083;106846250;108208958;107937542;107042167;107582625;107880833;108977125;108173875;106994250;107523666;107776333;107571000;107666750;107662875;107497750;106637959;107898500;107858041;107864917
1043;109983209;110030792;109279875;109827875;109978541;109741333;110730000;110552834;109506708;109653833;109764625;109762542;109389708;109759791;110202916;111056667;110803500;109437292;109821417;109795500;110298292;110029917;109332708;109934000;109242458
1043;157284708;156847917;158723375;162165667;158391458;158670583;158109750;156902292;157997042;157427458;157784417;157261334;158614875;158162834;157474625;156748250;158056208;158454417;158788292;157943625;159832250;159363125;159339209;159244625;157814208
1045;155190666;154938791;155830875;155339333;155060208;155538709;156366833;153992084;155098167;156139834;155148959;155033834;156628875;154632583;154781792;155642500;155322375;155131416;156166042;155209959;154986166;154364917;155758667;155264375;153290083
1045;175478792;175832459;174705416;176397333;175433000;174608667;175607625;175121709;174493166;175664500;175180250;175228458;175657667;175228375;174297792;175490084;173693250;175312209;175571250;175495667;174972833;175266958;174999166;175325292;175578375
1047;102712500;103037834;102348375;102817916;103098958;101531167;103392834;102509042;102398250;102699542;102709667;102701416;103438625;103124250;103062542;103513125;103629250;101800875;102853708;103078917;102667583;102425625;102650583;102666500;101868167
1047;159857209;159891792;159353542;159334166;158461459;159027291;159215041;159938375;158065666;158643250;159066166;158996667;159094292;159250167;158594208;159106875;159400792;158448375;158771000;159381208;160090292;158331917;158486375;160216417;159188875
1049;135880083;134372875;134032959;133562084;133879959;134799209;133611584;134350167;134720458;133262792;133728125;133537500;135164500;134717709;133936041;134871584;134150875;134029167;134187833;133805333;134516833;133781042;134648208;134679750;133649167
1049;132718583;132983208;133993833;133623625;132042250;134233167;133015917;132976458;132641292;132870042;133345000;133389833;133275292;133672791;132309375;132722041;132493041;133687208;133416250;132570375;133748750;133048416;133281584;132939042;132370167
1051;157106875;156845292;157650583;156426291;156447708;155657750;157439417;157215750;156884792;156740292;156494083;156894041;155762625;156881125;157510708;156560917;156320875;156656333;155735916;157716250;157259083;157082417;156371750;156743667;156374834
1051;129582416;129495125;128769167;130414000;129555000;129764291;129804958;129146708;129620375;129351500;129522375;129874625;129209083;129189667;129212667;129125208;129695583;129296208;130221583;128966083;128899541;129320209;128726583;128675583;129944167
1053;147834041;148706042;147901666;148972584;147012917;147144041;147525167;147999875;147642792;147770333;148143625;147326292;148120958;147002292;147861334;147826125;147285209;148019542;146749084;148391583;147965833;148143667;147091083;147310583;147732875
1053;155257375;156381834;155666875;156399375;155663125;156302875;154866291;155863333;155693834;155919917;155536500;155505208;156649625;156063375;156447708;155782625;155935958;155527375;156266125;155166292;155996167;156118542;156518125;155825542;155305583
1055;108182875;108314208;108637416;108388041;108576584;108609250;108486917;107983542;108446750;108410750;108047208;108625291;107856916;107971666;109042333;108361500;108079167;108613666;108444583;108260750;108400417;109076750;108796708;109131667;108876750
1055;128101917;128649833;128374042;127911709;128979917;128311292;128781792;128823334;127724209;128554291;128127125;127491791;128743834;128769041;128193500;128221166;127966542;128699167;128721334;128107875;128726458;128539209;128583083;128282167;128214083
1057;136740750;136555000;136762958;137339042;137998041;138984750;136826625;137814875;136821125;136963333;136918292;136851833;138158375;136086417;136661667;136640375;136145459;136911333;137176375;136719125;136569834;136811917;136681291;136323000;137693458
1057;112997083;113338833;112127458;111848833;111580875;112498834;111934333;112189166;113372583;112575209;113407542;113060583;111747792;112072541;112138000;112049042;111969000;113455583;112663166;112494833;112061542;111935625;112789334;112461750;112105167
1059;94092792;94919916;94234542;94600167;94274083;93995500;93583375;94241375;94467791;93889041;93923625;94356750;94589375;94744625;94098958;94081750;93940375;93720000;94518459;93905042;93726750;93837250;94546708;94070334;94779625
1059;97875000;97526333;96416000;97638166;97612916;96922250;97144333;97608000;97807458;98217167;97685542;97236458;97117000;97169792;97711458;97246541;97098791;97573792;98037958;97967709;98314583;97865834;97344459;97407291;97228833
1061;158106584;157748166;158139750;158983625;157565708;157971458;158369666;157122542;158935917;159374875;158592750;157498792;157706292;157443375;157849416;158170166;157959625;157915166;158131875;158181500;157465125;158999625;158460833;157755166;157792583
1061;142457333;141868750;142411459;143024333;142992834;141514833;142209375;142469125;141312916;142367750;142637750;142408542;141620917;142164875;142835250;141831083;142719000;142865833;142539042;141584750;141802833;142589959;141581000;142225167;143117084
1063;142892959;142202833;142287667;142465334;141646458;142082500;143058792;142746250;145058500;141884208;141899167;141813625;142461916;143287042;142525875;141581375;141953208;141872667;141702667;141674125;142984083;142855917;142250583;142282000;142344583
1063;156720000;157258209;157625667;156973417;156025833;156349750;156716500;156713958;157382541;157210041;156118833;156660166;156604708;155959375;156909125;157298584;156479833;156336750;156851667;156325250;156402834;157675083;156923708;156168167;156525458
1065;155735250;156105709;157423083;156372958;154974917;155881292;156579875;155189500;155562083;157127875;155661875;154919042;155406083;155679125;155084334;156724667;156298250;155429083;155754750;155953042;155568875;155884875;156658375;155356375;155252375
1065;155030834;154264584;154316958;155804791;155211916;154163250;153995291;154718542;153670334;154768542;155007625;154324208;154359958;154122500;153995792;154207458;155361083;154854208;153878542;154204083;154336000;154071458;155306083;155230791;154489834
1067;105010500;105395375;105555625;104716959;105382208;105544041;105808250;105252708;104955083;105018250;104913792;104412042;104688917;104686125;104576667;106030041;105504458;104810959;104811209;104820583;104853292;105377291;105000667;105092125;104824875
1067;99779916;99161167;98621917;98744209;98820750;98573666;99140334;98731333;98964334;98966708;100065084;99417917;98893833;98936041;99326875;99127042;98983250;98573500;98766375;98826667;100041291;99552416;98625084;98928458;99244583
1069;161143833;161762083;161356958;162704958;161632166;160551750;161087792;162137958;161626250;162796791;161588834;160817083;161072875;160729750;161046625;161928208;161854875;161033791;161055417;161042125;160888750;161625792;162354875;161468208;161545125
1069;127580333;127708916;127208833;128273500;127882375;127050375;127028292;127428167;127676416;127334250;127380125;128515709;127810584;126913792;127407125;127310583;126941083;126681875;126840000;128486250;127720416;127081667;127214750;127264208;127734125
1071;174912167;175886042;174840875;173818750;174307625;174939958;174461625;175979833;174830917;174366041;174228583;174060625;174037125;175729125;174374625;174503875;174908709;174560500;174944917;175731625;174428542;174177333;174573958;174619708;175031667
1071;121149917;120902041;121165417;121007125;121055125;121042125;121274583;122698375;121885625;121466208;121787333;120847542;120871000;120989084;120923000;121724834;122056250;121575750;121175083;121313292;120969750;121755000;121597792;121660083;121828000
1073;104300667;104609125;104450000;104474250;104030500;104315167;104269958;104423459;105270958;105057250;104383167;104526792;104331583;104502000;104502084;104405458;104436959;105371916;104939750;104568458;104867375;104426875;104347750;104519917;104557375
1073;137117833;137913459;137830708;136825250;136157375;136158792;136857333;136906583;137040250;138071625;136887833;136344333;136581708;136418333;137508958;136678000;138341625;137420792;136826250;136645667;136116750;136783791;136512750;137718875;137725583
1075;188239667;188259625;188482000;189155833;190562000;188435334;188572791;188156458;189177000;190224417;189378000;188892292;188675458;189070542;188999791;189684292;188786125;188639250;189118833;189111542;190151833;188799042;189374292;188961291;189133125
1075;140255375;140184834;139022625;139064084;139009542;140471792;140256042;140679167;140485500;138875250;139208917;139036084;138481250;139491958;140217167;140198458;138968667;138924000;138623292;138520167;140167292;140143250;140256834;139268542;138993709
1077;137385667;137596916;138185625;137919125;138631083;137868208;136998625;137374334;137038959;137384041;137971917;138562083;137863000;137090500;136945375;137161125;137836208;137774500;138479709;138348792;137508333;136917625;137044667;136842584;137625000
1077;105699208;105790792;104899916;104207083;104535208;104705834;104648000;104781250;105499208;104660625;105389042;105601416;104884792;104512542;104518250;104425792;104681167;104969084;105178708;105239416;105554917;105253458;104745375;104820000;104812250
1079;162665459;163373916;165548084;164420875;163234167;163401917;162420167;163445541;163738292;163806709;163484417;163381500;162879000;163205167;163655792;163930791;163431667;163891375;162670375;163026667;163526125;164060167;163690542;163214041;162899500
1079;175286250;175403458;175914083;174693833;175366125;174702833;174976208;175862166;179483708;177142250;175075792;174857292;175717834;175621750;176494250;175410417;174974250;176053000;176010708;176417583;175774042;175546250;175650792;175690791;175803125
1081;128228125;128055000;127676500;127203625;127187667;127368667;127499667;128112875;128452459;127630792;127779167;127357625;127107709;127426792;127741417;127879583;127720625;127388750;127362125;127265959;126936083;127417583;128149167;127963292;128163000
1081;125029334;125499041;125446875;125396084;125113709;125380500;125267833;124957208;125028792;124860917;124851667;124662625;124836083;125115542;125102333;125483833;125587875;125200083;124835000;124711584;124953125;125161791;125010250;125532584;125193917
1083;152345625;152463333;152954833;153757417;153465209;153210292;153909000;154216375;153918542;162218667;153389667;153035542;152569125;152595417;152522583;152667833;153098042;152576917;152518417;151916417;151465209;151343042;152165000;152903167;152806125
1083;195345000;194380125;194179875;195827958;195461458;194658583;193754167;193839084;195474125;196293625;196152333;195632625;195728208;196712875;196323125;195732125;195175500;195182291;196356750;195700625;195816167;195909834;196059417;195597208;195213917
1085;188880167;189523500;189414583;189092959;190251125;190779958;190035375;189560583;189068666;189577000;189174458;189416250;189262708;189124250;190034167;189716667;189412417;188487959;189314625;189568916;190189625;189915708;190809291;189548334;189586125
1085;170089500;168380042;167714792;167625708;167347542;167052166;168677417;169255208;170691167;167709292;174541625;168189084;168285625;168261375;167521916;167272167;186026083;179442041;170939083;172518000;168315000;167262666;171955375;171275208;167605959
1087;145401208;145043042;148537167;150709583;148926292;147032958;146181625;148306417;145595792;147207708;146407000;146080625;146845792;146254459;145756167;146098167;146013125;146007667;145689083;146489917;146165125;145532000;145183875;145696542;148918459
1087;164710875;167483833;166692292;163890459;163652375;166461875;165910084;164908625;166011125;165598792;164142833;163438750;164479333;164702959;163846000;164120291;163963708;163262083;163697167;165239500;164640333;164371584;163493334;163022291;163397333
1089;128288792;127457291;127257875;127373667;126436000;125905083;126175458;126782083;127849542;127447000;127687333;127288875;126107292;125669625;125886375;126706833;127345042;126080292;126793583;126623750;126283125;125934375;126606417;127194417;127255458
1089;124821792;124996500;124390209;123992958;123823000;124075750;125127917;125145083;123815208;124773125;124588292;123725375;123408000;123895459;124946041;125641333;124397208;124827833;124526666;123615000;123356583;123671042;124052000;124601167;124212167
1091;176726166;176715917;175496500;175705209;176528959;176379542;176601250;175929708;175285709;175940083;177151667;176905875;176847375;176157459;175542333;176667959;176261333;177033292;176346625;176269125;176323334;177280833;176391042;176438958;176030542
1091;194657125;196559458;196241916;196202541;195384958;194741916;195536375;196275125;196443209;195667041;194817458;195911583;196335125;195666500;195136292;195183958;195420250;196636375;196146333;196003917;194840458;195160292;195772083;195760208;195848000
1093;156663875;156226750;156963958;156978250;156408792;156682417;155769167;155281375;156774334;156830000;156168708;156767750;156168084;155268208;155670875;156165333;156465375;156445125;156202542;155769042;155069625;155848916;156393166;155962958;156553791
1093;164231208;164181583;164741875;165359125;164395792;164456084;163884041;164274583;165029459;164942750;163868917;165313375;164239000;163495291;164160791;165265375;164673041;165078250;163749541;163900500;164321000;164792875;164345083;164781750;164248834
1095;138534417;138889709;139462209;139168416;138977042;140396875;139127625;138106291;138702542;139394459;142139167;139386250;140158708;139311708;137999250;138531917;138950459;139180000;139091459;139614375;139510375;138083292;138537750;138986083;139248834
1095;158927625;159104208;158462625;157610584;158023833;159192917;158341083;158228708;158394625;158171375;158465209;159148292;159065000;158404292;159507541;158238000;157766958;158827833;158841209;159202125;159123625;159194917;157788041;157820125;159000875
1097;186736917;187611000;186353417;186343875;187058583;187657000;187148583;187632667;187174292;186650209;187018125;187106834;187324917;186761333;186560458;187116041;186037500;186537333;186107375;185496500;186863458;186848500;186799041;187423000;185704542
1097;165501417;165850875;165635042;166272041;165986292;165294625;165862291;166061583;165201750;165968333;165730458;164703125;165533416;166445833;165830292;166700625;166501541;165602792;165597625;166648167;165473625;165787459;166290375;165185541;165213417
1099;120108250;120451333;120338583;120356875;120398667;119669875;119725458;119020459;120060792;119850750;119275500;120113292;120527875;120105500;119854209;119971959;120371125;120321292;119491250;120290583;120383750;119972750;119523791;119577667;120086875
1099;182716875;182418083;182571833;181903416;182206750;183070250;181650375;182327583;183093417;182172750;183135791;182295375;181665209;182794542;182025292;181558208;182655708;182383209;182562875;182808209;181424375;182300541;182183458;181700208;182985458
1101;174156583;174267375;175243292;174278833;174741166;175378000;174048708;173665917;174538250;174341917;174659625;174893334;174003250;174266791;175200542;174594333;174775167;174709667;174248791;174508333;174039334;174093959;175071750;174083250;173580500
1101;137797083;137651542;136699292;137739208;137620625;136883250;136923084;137995583;137360500;136409083;137511584;137829334;137339208;137166416;137776000;137941000;136817875;137276625;137262042;137624000;137103333;137336500;137680542;137063667;136908916
1103;186197958;186404042;185836250;187002125;186471250;186879625;186869083;185762375;186552375;191550459;189351042;198590167;187983958;186687292;188061375;186789125;187064375;187568042;187823667;190521875;189322375;187544917;186927292;186114875;186134333
1103;146362292;146674583;145697083;145669625;145579916;145392750;145705750;145649000;145168625;145655625;145733042;145508667;145158125;145617750;145477500;145482792;145283542;145105292;145802083;147353708;147176667;147184875;155906458;146347167;146011666
1105;179373958;179900708;180216917;180026916;181080125;180006583;179952958;180463292;179340625;181193167;180549084;179789708;179695792;180213417;180226375;179811709;179553708;179883125;179726917;180038000;180523459;180354417;180024541;179759125;179931875
1105;109152583;109893792;109662041;109006334;108928791;109098292;109275375;109226625;108765584;108730083;109380542;109448792;109140459;108916334;108988916;108804458;108847208;108707208;108606458;108547208;109140541;109176542;108783000;108582375;109161792
1107;161395667;160825083;160664209;161065041;160689792;160744417;161348667;160762542;160617042;161523916;161424709;160924875;161205000;161759667;160696459;161326833;161049208;160318458;160414500;160591625;160577417;161304417;161704625;161211667;161184000
1107;157766667;158236666;157639209;158796500;158407209;158068167;157956750;157802500;157548500;158632709;158052500;158382625;158905542;158131417;157952500;158554167;159253000;158279292;157992250;158396959;158352917;158070250;158312334;158030625;158750917
1109;89706334;89758667;89144916;89271417;89416792;89733125;90007916;89625958;89550084;89445458;89300750;89143750;89392250;89294125;89195792;89288208;89655750;89655833;89365667;89190042;89163750;89808084;89524375;89603333;89671416
1109;136936208;137290000;138231500;137934833;137868000;137382042;137439459;137356791;137242625;138228959;137811084;137905667;137763917;137388083;137269583;137329375;137556292;137605584;137096250;137275500;137316166;137213792;137243167;136945375;137667958
1111;147219458;146942541;146127375;146242292;146029791;146700167;146951333;146715958;146808833;146344750;146255833;145881167;146698208;146583750;146264167;146513750;146604875;146246208;145994042;146833500;147285000;146700167;146302459;146255709;146315625
1111;174234792;175322959;174379083;174869792;174564500;174662500;174255125;175166291;174496250;174681416;174615500;174425584;174331042;174751291;174880375;174654541;174472625;174623542;174921917;174399208;174738083;174772042;174986875;175009042;175406791
1113;120699250;120731083;120291708;120420125;120272542;120597208;120750875;121044625;120479625;120324459;119935542;120158542;120370584;120346834;120515542;121524583;120820292;120811291;120075541;120074417;119762875;119813917;119997958;120446334;120893500
1113;184931375;185097416;184970958;184646875;185273834;184818625;185423042;184359625;184413292;184531875;185682500;184720292;184463375;184926167;184518042;185340625;185215667;184817459;184234792;183531500;183974917;187158750;187355542;186092834;188132875
1115;146273542;146076875;145601958;145973167;146114000;146112875;146758875;146183708;146522791;145932583;145954708;145746041;145087375;145794709;145547417;145807250;145616292;145303584;145617833;145839625;145671167;145163625;146188458;145607125;145980709
1115;183338375;183553042;190637167;194960167;192467959;184999833;184836167;184772209;184636750;183988208;184303208;182879542;187192583;184494084;182239417;182606000;183148917;183868459;182198375;186658083;183026583;182979666;184397417;183309541;184579500
1117;198373625;197770666;199146291;198731834;201203333;202741709;205960958;204442584;197937042;197533042;198587000;197599125;197478833;197980209;197461583;198554917;197381958;197348916;197192291;197362542;198871708;197160584;196560708;197413625;197011125
1117;158643958;158972250;157826916;157740916;157280750;157213250;158568292;158532166;157555208;157444208;157277667;157632000;158101875;159529458;158867250;157648167;157595208;157890583;157393458;158912500;158002292;157525500;157079167;157366667;157882792
1119;147807000;147317333;147143500;146986791;146854542;146536959;148768166;148208209;148013917;147008584;146108084;146599084;146253583;146210750;147538750;146907250;146731208;147020500;147053000;146402958;146532084;147969334;146439459;146182416;146675042
1119;132538250;132708834;132313166;133329958;132760250;132149250;132124292;131584542;131843250;131933958;132418375;132980875;132319417;132469208;132260708;132032750;131527375;131898667;132661208;132333208;132037333;131943708;132208875;132025417;131950750
1121;139816000;140814375;140087083;139493792;139526500;139408750;139381375;140137375;140893583;139571583;139735000;139260500;139408167;139309792;139845333;140613750;140462834;139953000;139838000;139445083;139415584;139424459;140458250;140307208;139877708
1121;128860625;128934375;128201542;128773000;128867833;129711666;128377833;128210459;128246375;128195959;128528500;128091167;128758417;129157542;128468041;128202000;127988166;127745583;127940125;128621292;129492875;128989917;128545333;128142042;128231917
1123;199910833;199695625;200429541;199787583;199061792;198494500;199119500;201010334;200309500;199572959;199596834;199058459;200460250;200129917;199731958;199107583;199371208;199843625;199687583;199389625;199392875;199757041;200942375;199391833;199024458
1123;183143875;183780209;185314000;184343416;183235791;183722042;183449708;183981875;184936792;183293708;183232417;183325583;183032458;184908750;183899666;182842459;183095042;183242666;183890334;184330000;182873084;182616167;182696125;182717334;184490334
1125;115383167;115475792;114906375;114984750;114744167;114537583;114285209;115395209;115422250;115308959;114692875;114523791;114654333;114601750;114705875;114753041;115572708;114967334;114291875;114681250;114550042;114567833;114618917;114670917;114824375
1125;176053583;175344792;174331542;174254250;173716166;175284083;175488292;175238750;174647542;174033125;173777625;175557583;174817833;174850250;174728083;174682208;174829041;175527166;174444334;174720917;174889250;174633250;174358209;175872958;175210875
1127;193849000;193004958;192502458;193444958;192626458;192285625;192657584;192753833;193367750;193019542;192671791;192546125;192412500;192849250;192613250;192120667;192698958;192667292;192900750;193317750;192868250;192405000;192265250;192440333;193947583
1127;138678708;139100667;138341417;138613625;138040167;138883667;138850917;138501125;137959125;138249625;138303959;138104208;138733375;138685292;138254250;138038416;138036666;137974750;138394666;138205250;138687291;138369917;137754500;137909084;137780417
1129;121455750;121952834;122580542;122384875;121994333;121476000;121436000;121482583;121339541;121261125;121670125;122018250;121415042;121027958;121318583;120947541;121425959;121632833;121458083;121909791;121777500;121169000;121319208;121174875;121355917
1129;103744541;103914125;104239791;104488459;104474416;104120500;104017542;104069000;103539208;103539458;103589500;104015333;104044166;104459625;104294167;103798042;104099667;103972083;104072625;104003083;103849250;103572750;103613833;103871583;103706708
1131;143898458;143946833;143564709;143785292;144325250;144824458;144310291;144167166;143846625;143403041;143605709;143943375;147376250;144705541;143358584;143558417;143680917;143696459;143818791;144749333;143672708;143652458;144148375;143351167;143649542
1131;166733625;167033083;165895125;165700125;166747875;166441708;166361625;166728792;166142458;166251750;165934084;166596791;167200625;167006250;166373291;165880416;166227958;166529958;167526584;168075125;167312875;166541875;166443792;166273667;166979708
1133;144514542;143378792;142966750;142363625;142747917;143197083;143724000;143975041;143425667;143209875;143316875;143074667;143026791;143330458;143751667;143131834;143286292;143287916;143160459;143101333;143409167;144151416;143190208;143078541;142896791
1133;157000166;158152959;157691417;157736584;157152791;157012583;157310125;157790625;157291042;158069167;157099708;156922458;156980792;157033417;156809000;157342917;157048125;156697792;156878417;156646292;156317917;156659875;156899250;156891666;156938500
1135;141843292;142237667;143024291;142177458;142612500;142288375;141916875;142168542;141829541;141846375;142098708;141903292;141614792;141239208;140809750;141549250;141807375;142020042;141849250;141656541;141513959;141249500;141217042;141528791;141667417
1135;200874875;200878083;200736708;201065083;200892375;200838625;200514875;200220750;201708042;201337208;201245000;200260583;199808375;200997625;201259667;201539708;200159959;199617042;200749792;201026542;200659667;199974125;200513375;200829250;200690834
1137;128892166;128903875;128296250;128480000;128833417;129202875;129222791;129855125;129469583;128740250;128326792;128491667;128651167;128589750;129011250;129303459;128771041;128828709;128407375;128397250;128224667;128833167;128464917;129250417;128813417
1137;144013875;144092208;143610250;143341917;143479084;143975833;143534875;143279583;143026250;143793584;143538125;143475959;143513333;144060375;143452750;142829291;143227250;143053917;143752500;143948333;143769083;143565333;142791916;142974250;143145584
1139;185417459;189205667;189557084;190711750;186623041;186312750;187018375;186422208;186398334;185940916;185966125;186135250;185923083;186783708;190715167;185158667;185825250;186961125;185765708;185449875;185427583;186026334;185823125;185831542;185948333
1139;150704416;150086959;150668250;149465083;149538000;149479875;149429208;149921500;149197833;149426416;150050916;149659833;149355583;148997666;149232083;149267750;149207709;149857625;149086083;149324625;149900750;149710541;150521500;150160709;149706208
1141;180570208;181373459;180610250;181540750;181280666;180632417;179900541;180469000;180470625;180349875;181026417;180964625;180629375;180934125;180986333;180605250;179924333;180328041;180455750;181173375;180689167;181151750;180425666;179946667;180183583
1141;161329708;161037833;161023208;161081000;159979875;160264292;160440625;160523583;161083875;159803459;160152625;160592542;160358708;160497042;160652833;160726083;160199541;160543458;159617625;160534125;160667000;160746792;159832792;160662833;160234291
1143;179837542;179979458;179538500;179412709;179958417;179922875;179771042;179934750;179189541;178747292;179056750;179327875;179732000;179463917;179378709;178926458;178818625;179692958;179142875;179468667;178939917;179599833;179658958;179982959;180210875
1143;161323125;162269833;161265291;161362959;161004625;162796833;161439333;160909708;161034459;161730584;162081750;161999291;161349875;160807417;161197250;160753167;161473959;161667583;161576833;160772917;160962792;161629875;164454833;161897542;162148416
1145;168776959;169239375;168723541;168670584;168955167;169260834;169001125;168818542;168682708;169082709;168925833;168993792;169109750;169273667;168432167;168729417;168972875;168775667;168885250;169272167;168838291;168899834;169421458;169055958;168556709
1145;166637958;166472500;165923083;166282500;166652375;165962333;165963125;166149792;166261458;166028750;166222875;166000250;165985708;165438083;165864125;166100333;167619208;166512875;166143042;165484583;165806167;165707375;165674375;166140917;166336833
1147;200760625;200181584;200683292;200654292;200148250;200408750;200188959;201105750;200571459;200724542;200182333;199907375;200835084;200890083;200876084;200277083;201670583;200616792;199975917;200505792;200906542;200453833;200823750;199893583;200083208
1147;149550583;150363041;149556750;150381209;149887250;149759417;149198458;149912625;149653666;149561584;149762250;149605125;149353625;149333916;149624584;149888917;150001125;149900416;149794750;149116041;148913334;149911333;149569250;150285208;149890042
1149;200646792;200213334;200523709;200187834;200132625;200070417;199614667;199958209;200118333;201013500;200505375;199548167;199857750;199795375;200739125;200377042;199911916;200121792;199915292;200067625;199776459;199304459;199943834;200168500;200736291
1149;158967416;158953083;158839709;158555000;158283833;158559834;158950917;158436834;158655417;158398958;158428542;158998500;159166000;157949167;158108084;158764500;158234333;160274584;159771917;159604792;159122417;159364666;158963541;159205584;158846875
1151;184165041;183963291;184271042;183602375;184225667;184158583;183920458;183697375;183890042;184345834;184465250;183664959;184385750;184365750;183728584;184260583;184420750;184167042;183551833;183759917;184526500;184215958;184360542;183582459;184094625
1151;137613375;138319875;138067208;137964084;137931250;137545625;138169500;137779625;137998083;138251250;137543917;137269292;136861083;137029333;137491042;137170542;138114333;137676292;137229916;137328334;137190750;137440333;136948375;137405542;137643458
1153;207666375;208391250;208227958;207835584;208210541;207532292;207172542;207847000;208018459;208243042;208501459;208250875;208290833;209133542;208938250;208255667;208220291;207712083;208315750;207930417;207737291;207979875;207440500;208587333;208005917
1153;172722333;173264333;172775083;173091708;173188708;172975375;173000459;172945250;172834041;172887625;173102042;172921125;172966000;172499833;172345417;173547125;173500708;172833416;173302416;172887000;173232083;173019208;172827792;172517750;173529167
1155;167038292;167188083;167369125;166313000;165697583;166572792;165765458;166864625;167288667;167201166;167069166;167419125;166555416;166959125;167091250;167334625;167247250;167376875;167026917;166506208;167559500;167158708;167010750;167915125;167287500
1155;177454792;177972792;177045916;176639459;177463750;177171458;177801792;176743916;177370042;177117083;176996542;176395375;178464208;177462209;175958000;176417875;176196458;176626791;177327000;179198625;178192750;177185208;176634333;177278333;176838250
1157;132084416;131758084;131630500;130972209;131361917;131949458;131263125;131187458;130939750;131287042;131100459;131066458;130843875;131767917;131306125;130881959;130736541;131072250;131110625;130847084;131560125;131572834;131088000;131427500;131016083
1157;192891500;193013792;193726334;193094459;191970916;192792500;192738959;193282958;193141875;192012458;192770084;192068125;193501542;193831250;192771459;193201292;193259000;193739084;192874166;192887000;192832375;192588458;192889709;193448833;192937750
1159;150621125;150893000;149721458;149520541;151429000;150195583;149976375;149713083;150265833;149800542;150876750;150424334;149343083;149579959;149832792;149943916;149395459;150875000;150221583;149830792;149486459;150059916;149663000;150108000;151023417
1159;198748375;199629750;199107333;198705500;200006875;199422166;198489542;198942667;198443583;199706958;198917000;198685709;199071917;199134792;199319292;198947792;198527042;198498292;198521000;199764209;199276041;198521792;198423083;198440250;199296459
1161;206839667;206875625;206442333;206322458;208027833;206489625;206105375;207306583;205891334;207120459;206897709;206808792;206254500;206482083;207362833;205778667;205834167;206432625;206640750;207756333;206733833;206048291;206034625;206200041;206976000
1161;120018792;120259500;119953667;119815709;119400541;119579625;120231417;119817250;119357000;119139917;119605125;119409916;119942042;119980500;120647791;120385417;120159500;120118833;119878291;119884083;120095167;119826958;120363666;120631959;120025042
1163;162310541;163152792;162480416;162108333;162889209;162821125;162681625;162743958;162669625;162795125;163483875;163384875;162487125;162408875;163063708;162564042;162694875;163770625;163174958;166242125;167175208;163781458;164318417;166031208;163731458
1163;183251292;183389875;183140875;185744458;183985459;192709792;183532667;203956834;195427750;185554833;186714417;182626084;183984917;182965958;183457375;182461709;182414583;183115041;182705167;182267833;182658084;182330667;183079417;183016542;182978959
1165;165924625;165689834;165575541;165073125;165069375;165149916;165104875;165518959;165207333;164938959;164843083;165312334;166174916;167417250;165751041;167362875;167654292;165047167;165498041;165452750;164551375;165205375;166014541;165488959;165050500
1165;125386916;125400625;124904292;124448500;124458583;124652583;124869500;125401417;124862709;124784125;124529833;125103292;125084208;124879792;124688584;124936167;125279750;124809958;124942667;124929708;124694541;124668333;125378375;125120458;125491959
1167;195465583;196929959;197539458;197011334;197081708;196852500;197255333;196436917;197709917;197391916;196445917;196227917;196571084;196922167;197288084;197187625;196831959;196946833;196368208;197204709;196984333;196222125;196569208;196716333;197579875
1167;152852750;152414500;151940750;151678000;151608792;151273333;152388000;152000833;151625916;152123166;152082792;151372958;151926375;152240334;152164084;151483833;151273625;151271791;151700875;152491166;151978792;151669500;151789375;151813625;152142750
1169;209168458;209284458;208975541;208828875;208845042;209870542;209653708;209505084;209799125;209020417;209130875;209022917;208773583;209128750;211310292;210625583;209519375;209330875;209587167;209009333;209010000;208928708;209915667;209534083;209041333
1169;203617250;203300083;203784208;204117167;203993541;203781709;203586917;204368042;203869709;203808959;203589042;203449917;204020042;203697125;203863292;203888000;203960375;204215167;203172167;204177792;204512167;203648750;203176875;203019750;204309292
1171;159497875;159269208;158842042;159751875;158795000;158928541;158827833;158393833;159121458;159059542;159108500;159306500;159304334;158813875;158327542;158867875;158502333;158497083;159517334;158919458;159108958;159211291;158351542;157947666;159240000
1171;135469708;135198667;135958750;135569084;135909834;135742208;136222083;134722042;134333833;135285500;135077167;135718042;135524042;135389166;135924250;135566333;135225458;135256083;135823375;135720333;134685917;135563042;135319125;135068833;135549667
1173;129945667;130089917;129470250;129242084;129307833;128913916;129174542;129558125;129699375;129348125;129344083;129389416;129773959;129085250;129009584;129189250;129375250;129399292;129248000;129415500;129414834;129411750;129659292;129025292;129340000
1173;202506791;204876417;204028708;203905000;203709458;203323917;204262375;203753875;203803666;204762375;202865125;202964666;202691209;203485708;203776000;203357500;203947542;203276625;203490625;203651125;203553333;204041292;203274500;203578167;203597000
1175;119253167;119203583;119250250;119283375;119105709;119258458;119475083;119113167;119234459;118460917;119470875;119337375;118985083;119262000;119021792;118726625;119004958;118640375;119206041;119109583;118677333;119065083;119218917;119297916;118761417
1175;145154417;145370083;145355667;144814750;145493125;145756250;145305334;145001875;145662708;145358667;144474916;145085084;145259417;145223709;145141250;145458500;145762458;144806333;145950000;145803166;144680250;145031375;145932708;144983708;144635416
1177;156840917;157180875;156054792;156255500;155780583;155734500;156117625;155864208;155641917;155681334;156473250;155579500;155638458;155837166;156052667;155685916;156274125;156025667;155757250;156093084;155620333;155751083;155680958;156671583;156174209
1177;161375625;160855000;160040958;160399166;160865375;161042958;160862083;161421459;161027875;160922916;160821208;160606125;160226750;160747708;160571417;160547750;160873500;161259292;160993375;161028875;160812750;160517125;160396708;161361875;161022209
1179;174387834;173674292;173445500;173653792;173793834;173227708;174863625;174577459;174009958;174283458;174087875;174324959;173446750;173605541;173839584;174317542;173675542;174002708;173726125;173803583;173028916;174382916;174179250;174184083;173834375
1179;145698459;145744667;146481833;145558208;145435916;146513959;145961250;145860250;145677417;146281917;145462042;145494000;146053791;145442750;145659000;145554417;146291167;145920041;146014625;145600542;145483917;144928500;145431208;146061375;146098208
1181;156173041;155569834;155164958;155075083;155556041;155067125;155064542;155854083;155228666;155009750;154350500;155699042;155244167;155954541;154939917;154503542;154744333;155254208;155457917;155666584;155863417;156118291;155106166;155060708;155612375
1181;223708084;224335792;224004542;223851875;223367000;224593125;223715458;223487334;224742333;223967084;223394000;223396792;224027125;223787792;224477542;223053125;223653833;224298584;223861833;224145709;226466584;223645625;223534125;225157750;224152500
1183;166198792;166822750;166358958;166658500;165930917;165819917;165836792;165889500;165987166;166276208;166466208;165864875;165781459;165556958;166867291;166617958;165843833;166012208;165794083;166111833;166250250;165982167;165860500;165714750;165721416
1183;183824083;183945917;184291000;183666250;183221791;182672042;183265666;183278750;183986584;183503416;183794125;184040375;183894250;184258583;183219500;183420334;184070584;184565416;183784084;184402666;184301625;184047334;183815750;183697541;184914541
1185;154741542;154374958;153745416;154566667;154047541;154746458;154474166;153814917;153948000;153826917;154871250;154625666;153662959;153779750;153311167;153561084;154429458;154341958;154688375;154931709;154569875;154878542;154360917;154673917;164887166
1185;185257167;177710416;180398542;176951541;176424625;176395875;175898041;176700625;176963167;177681542;176799750;177183417;177016042;177589416;175985875;176803875;176394583;175606042;176329542;176435917;175795334;175978250;177138291;175537208;175419250
1187;131045000;130228833;130790459;130091917;130651417;130480459;130565833;130061625;130206000;129874375;129988583;130256542;130550958;129936667;129864292;129571750;129670000;130771334;130407833;131026750;130134792;129705750;129789209;130058708;129831625
1187;167067333;167215416;167355083;167148625;166296541;166805834;167337459;167942708;167157208;166654250;167231083;167025959;167216125;166672917;167001416;166640750;166374083;166007208;167306292;167509125;167510834;166709416;166318000;166281708;167434125
1189;170065500;169389584;169651167;169042000;169367417;170488042;169629792;169341542;168896042;168417000;169350000;169421417;171886458;172079875;170885875;169986792;170153875;170320625;170055458;169465000;169659500;168841833;169544125;170328333;169524375
1189;217491583;218206791;218590458;219229792;223727333;220284041;225645167;223263584;219236209;221168875;219336458;220680833;220163541;220807042;222976333;219679959;219928625;219764500;219292708;219603083;218916708;226814959;219592167;218924875;219748750
1191;174044542;174197709;174627666;173904709;173465084;174282792;174982417;175284083;174324625;176472292;174236833;174270167;174825000;175340542;175590375;174822667;174237375;174018541;174436292;174475500;174951792;174499000;179769583;175021750;174766458
1191;154565542;155239250;156012333;155540500;155359208;156001333;155516042;155405334;154637916;154464417;159210208;156929167;160231250;157087959;155703458;163308875;155236542;155361833;155863375;155999959;154884709;186803250;191719875;157972042;154547084
1193;228903041;226029417;226852125;225895583;226934333;225184584;225105083;224945541;227296417;225984666;226246000;225571917;226101416;229691958;227529834;246304791;254514500;259116583;256327167;248450958;245302125;271195834;226856250;228116125;226425875
1193;201160917;200353375;202168542;200373458;200764458;200015584;200337083;199729750;198640208;202842708;200769167;200621167;201210708;201734458;203862791;202508625;201560875;200838542;203115500;200391125;200617291;201717541;203211834;203391209;204518417
1195;165539417;164868250;163951750;166058208;164774417;164767417;164185958;163745125;164205500;164282875;164653917;164503500;164789792;164455000;164025000;163230834;163796958;163751750;164251208;164440417;163772375;163686541;163971042;163581458;163967958
1195;201413583;203195584;203111750;202679000;203157709;203259333;201976875;202258250;203094500;211211042;249246916;217406042;203509166;204077750;203698125;203949000;203435750;202834292;203307083;203278125;203660292;203336250;203783000;205040042;201765709
1197;224644667;223694542;225228291;225008750;226530083;224681708;229162084;226020250;224644458;224314500;223932583;227217500;227780667;234830791;231110416;224023083;224244417;244279292;229117209;224268875;225392708;226542125;223974333;224869916;225308625
1197;139636375;140330917;139981958;146073958;147448958;140307834;140119625;142308708;140464292;140206625;140007833;140492917;140686000;140816084;140417791;139726250;140414750;140367875;139868375;139645834;142742083;140412375;140968792;140110083;140057750
1199;160174458;161496250;161289042;161530000;161495916;160781042;176486000;171815333;168906084;161803375;160843209;161040834;160456958;160140750;161480041;161566291;162561125;161461000;160330833;160534541;160973791;160510459;161455583;161358250;160278209
1199;205842250;206944459;206682917;207262833;206896750;206345833;207475583;207275417;207334000;205726375;205713125;206389917;207219250;207099334;205509791;206563000;205433709;205971667;206166542;205872459;205861875;206177709;206996625;206576250;205671959
1201;219604250;221427625;221420875;221312083;221721333;222320333;221547791;221292792;220661709;221114791;221976208;221784209;221837583;221469083;221195500;221930333;221396834;221189833;220895375;221363375;221743875;219560667;221121458;220270833;221216666
1201;215677958;216726542;216211000;219999250;216988333;215523417;215624709;216329917;218338500;220490125;223421250;217039541;216211167;220916292;217295791;216727458;216731417;216496375;218739084;216611708;215808125;216774041;216569917;216123333;216179167
1203;218209083;223688375;220412375;221286667;218565458;218581458;218624250;218052625;217301084;218516958;217093625;219008958;218944833;219188250;217723291;220157583;219920458;218661708;220543166;218660542;218820542;217926042;217213791;217171916;221021542
1203;238030334;237961208;237587125;255795834;243794833;237996042;237657083;239989250;244379750;238017625;237613292;237194500;238754583;237852708;237659167;238710458;237829208;237535750;242609125;242359208;238036417;238344291;238611750;246141166;238106042
1205;199345000;198489500;197552292;198734209;198439417;199021917;197436666;197828041;198332166;198898541;199476583;198684666;197621708;198445334;197660500;198107209;199354459;198208125;198874750;198871292;198800833;197999125;198189375;198599500;197758333
1205;179904459;178627791;177661875;178506375;177812291;177344917;177926167;177658166;176851875;178063875;178000958;178392833;178133958;177417417;176792375;177348917;176747875;177543125;176781333;179355125;178950125;177370417;176994333;177491458;176716333
1207;227462083;228513333;228722333;228316500;228102125;228523167;229028208;229526375;229013166;229184708;229309083;228881208;228378166;228537500;228520292;228996125;229325291;228320541;229049875;228532250;229326292;228956375;228234208;229129792;229659292
1207;202160458;202715000;203166125;202739500;202817000;202838500;202924375;203062000;202594292;206282917;202509083;202040125;203011291;203289334;203870583;203092750;202412250;202580958;202543375;203537834;203014791;202295958;203209292;202681792;203401959
1209;138006292;138558792;138179041;138674042;138743958;138432416;139058125;139165917;138648083;138234750;138729667;138315083;138501875;138685708;138988833;138777875;138237958;138561083;138333917;138220209;138848334;139223292;138661084;140303959;141598125
1209;244818292;244678792;245435625;244111791;243801334;239932750;239229208;238997917;245269375;245595709;244860708;245065125;245213208;244086917;245745583;244078917;244594542;239984167;239754792;239353500;242204875;239662917;241613709;242073625;244180125
1211;199587458;198398917;198527667;197732542;198321000;198469417;199658417;199481334;197859917;198277917;197688500;201579583;200137375;204398792;198327875;211385084;229139584;204691250;201871125;198865583;198614709;198411000;199200541;198927042;198699083
1211;188423292;188755333;188450083;187881209;187645125;191897500;190110958;214743500;192714959;193179875;191957083;192493791;189360750;188939458;189498083;188285458;188132958;188269625;188252458;188612958;188396750;188764250;188014125;188785208;188776500
1213;164327334;165098958;164572959;167925667;166306542;169026208;168003583;163813083;167692541;169445500;163557500;165386875;164153334;164291083;163960417;164241458;164539291;164170667;164804959;166865208;164957417;164370167;165975125;164299792;166641292
1213;154620625;159062750;155304000;154313250;152647375;153128375;153200959;153302625;153005542;152780709;153484375;159869916;156058166;152982625;157023250;156200417;158916333;155088541;152833042;152770584;153011417;153211417;153689083;156894000;164352125
1215;240051208;244759208;239268792;239207375;239364833;240062666;238975000;239441583;239179542;238976041;239095292;238602459;240149125;239540875;238712834;238871541;238725458;239522834;239582958;240084833;238526125;238044541;238613291;238690292;241029750
1215;153329792;153210125;153524875;152743833;154136833;157581917;159526875;160313834;157734000;157014250;157635500;154017458;153265125;152770334;152674792;152205875;153221667;154355458;153112667;152903333;153091708;152875709;153115500;153000625;158398625
1217;206738208;205416375;202580042;200715041;200709125;199692541;200187334;200466458;200629833;201272209;199897459;199377084;199297917;201178458;200499667;199640250;199540500;200462666;200660042;201468875;200586833;200083667;198726208;198462666;200271792
1217;95362834;95727167;95472833;95294084;95397583;95303000;95529708;95398375;96104792;95922917;96005792;95716000;95238166;95504250;95268000;94604333;94821125;94790875;94426833;95053875;95132750;95206959;95262334;95285000;95186250
1219;182452125;182858167;183898875;183142500;183229250;182721167;181958042;182016958;182533000;182652833;183197875;182611000;181787292;183445750;183663209;182778041;182037667;182464083;183073542;183465041;183536792;183280458;182483125;181727208;183242625
1219;216539250;216722875;216032542;216529042;217519125;217619833;215845833;215535292;216695250;216789792;217404834;218241500;216831708;217300875;219237541;217259542;219650208;217928750;218113916;217112750;217733750;216480334;217539875;216690875;217925000
1221;188641083;189419333;195064542;189990833;188860291;188896000;191697042;196174541;189615667;190496833;191430250;188990208;189884542;189925292;189492542;188668625;188834083;189284917;189176542;189576250;189515708;189075291;188838875;189094417;189828416
1221;185402375;186577375;186451708;185911209;185325750;184871541;185321375;185910834;190069834;186029917;185994209;185222583;185489458;185775292;186300375;185570541;185561459;185541959;185438292;185727709;186721875;185710291;185016208;189732209;185862834
1223;176084042;174955834;173967500;174505750;175172333;174832875;175488625;175225209;174573709;174770125;174476041;175239292;175570000;174743208;173700167;175037292;174762583;174983125;174404458;174089125;174496125;174806541;175378167;175691208;174938250
1223;207892667;208100375;208168500;208288417;208370459;208339333;207449750;208295667;209124000;208237542;207341667;208890541;207719792;207999375;207936208;207493250;208140292;208824292;208707417;208295583;208591166;208836916;215374875;209959625;210043833
1225;218312459;210408416;210585542;209145583;214256417;209611542;210463875;211371333;210659916;209369000;209455083;209303667;211237125;209737584;209663667;210016708;212062416;209408084;209945292;209922000;209895167;211071667;209850291;209179958;209348125
1225;165703250;167178750;166009666;166084709;168363833;166733292;165947708;166835084;166049792;188253791;177028792;169487667;167123250;166989833;166327625;166221334;176681375;172970583;166652916;166658792;175412042;166414709;165896250;165543583;165631625
1227;231286167;230028458;235602084;229691125;240302959;246058709;232105667;229587458;237236375;229406959;231861667;242239667;252084958;251136375;232512542;238621500;247791375;242645292;255192375;230952334;230348500;230888000;229646417;230066834;229110375
1227;184027333;184491333;183848291;184466583;184935709;184294792;189524916;184194083;184596625;187303292;184729875;185274500;184846583;184727291;183903917;189285458;184694208;185021042;184897917;186462792;184875500;184544458;198587417;191328750;187308084
1229;221889500;222808042;221232916;220632417;220757292;220286167;223896666;220268542;219549583;222315583;220856000;237470583;233994166;221333709;220929209;221249292;220352291;223090792;222969500;221633583;221062833;220555625;220348750;220997334;221157250
1229;156365333;155874500;156816625;156056250;156289625;156506458;156972583;156676083;156046250;155801083;156540958;156776291;158752500;156485292;156149375;156319292;156609500;156403833;156757083;159578709;156924208;156122625;164205375;161636375;167123542
1231;203245459;198256292;197057917;197242583;198673791;198226375;197047125;197491042;197074542;198131917;199071959;197387125;196741334;197071791;197682334;198282750;197746000;219488542;207874166;198493916;197659958;197779416;200893333;198246833;197994250
1231;157754167;157318291;157547375;158388917;158211667;157785875;171540584;166313000;158583375;157241291;157569708;157867709;173166334;163534959;158018791;158050542;157394583;157972167;157697667;158084292;157343042;157175500;157049500;156874000;164226750
1233;170840375;170017792;169934041;170057334;169972292;170442875;170722833;170782125;170469792;170596917;170319000;170409875;170259375;170693583;170359084;170748291;170410417;170416833;170342875;170570833;169855459;170099792;170617083;170263417;170761958
1233;222683958;222537166;223231458;223666042;226145500;223176208;222478125;223492417;223578541;222608667;223554250;223451917;222954375;223777292;223580084;222693709;223118875;223163834;223318958;223220458;223472750;223332750;222736375;222668750;223246041
1235;179545000;180108458;179773459;178811958;179302792;179178625;179763375;180299625;179680542;179995083;179277625;179548667;179707625;179867083;179288625;179318541;179257375;179819500;180126708;179884750;178871125;179472458;183494250;180199208;179641208
1235;173744833;173739625;173371583;174061542;174713208;174429666;174035167;173666000;174184084;174509333;174276667;180271667;175129458;174407083;174629083;174604833;174612333;174252917;208232708;180710500;180846625;175132875;174516417;174958625;174127375
1237;202381209;227820125;212484042;203150125;213302542;205407625;202511208;202192958;201459209;201941583;201693417;202621291;201765833;202901542;206991708;201974541;201843583;202426625;201687334;202395875;201234542;207496000;208101250;205057542;206359459
1237;194162458;194838917;194135209;194763833;195648375;195293417;201770167;194984834;194088583;193978291;194251000;195042834;198995917;216361500;196531375;195066083;195529500;195528375;195266917;195385916;206722000;226227417;236442958;209769916;199062167
1239;215827209;213738458;213761375;213126917;214494458;214240333;214464541;213629958;213450083;214615208;214485459;213791125;214306250;213839125;214243125;215586834;214426709;237751917;225083291;222504084;226776459;214922084;212973792;213786875;218544583
1239;233265625;226798500;226710417;226121084;236546166;225221625;225990375;224788125;226533708;226447958;226597375;225902167;226781292;231075625;226695875;226461291;225834416;226744167;225739875;225671083;225358792;227788000;226454042;226319209;226176542
1241;147270333;147889584;147463917;147776542;147192333;147334083;147749500;147647125;148028833;147439541;147590208;147462541;147092458;147599667;147419875;148237292;147643209;147547542;147219750;147516500;147274834;147150250;148145000;147758708;147755417
1241;231663750;229879292;230000042;228946666;229780458;229570292;230307500;229530917;229753292;230120917;229315291;229477875;229358750;229192917;230014916;229987916;229750917;230137000;230037041;229786667;229496083;228778250;228917500;230250417;235749458
1243;196197875;195121708;195066292;195290541;196121459;195451375;194873500;194894750;196089625;195575208;194822125;195171167;195289666;195808125;195769667;195921833;195108042;194980458;194557333;195671333;195272834;195632583;195145583;195049416;197691459
1243;143086875;142746292;141866416;146115333;141463083;141212208;141354292;141456542;141478375;141309583;140437000;140703625;140447791;140425041;141800875;141643542;141932333;140817834;140696917;140584291;140702750;141954459;141439000;140782375;140625833
1245;181096166;182847583;182065542;181899375;181496875;181386250;181280542;181527583;182464042;181352792;182467791;182191167;181388875;181842542;182274166;181539542;181741875;181864708;181247250;182103375;181324542;181278750;181089875;181767334;182158458
1245;252780209;252725333;251787459;252337417;252406500;252397958;252005167;251804750;252287250;251961958;251772833;252279917;252830625;252848667;252285166;251585791;251976708;251765959;252049375;251886000;252276750;252278416;252156583;252035500;252626083
1247;255783750;256788917;255771208;256210250;255814834;256654792;257045250;256173750;254998833;255556709;256485458;256618500;255986167;255957709;256845958;255922083;255288166;255778625;256794875;256801292;256354541;256278625;256311042;256112333;255460708
1247;168326958;169049459;168940375;168246792;167302541;167611084;167747541;167661791;168556167;168271750;167823167;168095542;168215666;168032958;168557500;167963375;168260000;167507459;167933458;167906000;168243959;167804875;168235375;167814542;167722833
1249;168911667;169119791;168066333;168137667;168197583;168314875;168831334;169030875;168242625;168495292;168147167;168264459;168553459;168435458;168373042;168230500;168096208;168277208;168846125;168277416;168084333;167793417;168404958;168166667;168853792
1249;236328334;236026584;235623292;235303750;236945041;235914250;236133209;236265458;236938709;235977166;235942666;236030083;237136583;236302584;235872458;235827250;236815125;236762417;236267583;236621958;236798792;236460583;236949583;236296792;235995541
1251;224775708;224721875;223359917;224224667;224288542;223556084;223990958;224377000;223557584;224126958;223862542;223796208;223712708;224693333;225005125;223855042;224289667;224025959;224444417;224270458;223485166;223246833;224450458;224098750;223861875
1251;240959292;241645792;242269417;241381375;240951291;241290583;244851875;245741542;241644541;240848792;241689875;240760042;241293667;241476334;242046167;241154875;240974417;241174500;241473125;241252958;240864750;241617583;240984084;244668917;242243542
1253;225047000;222640334;222164167;221857875;222340541;222402042;223277458;223813084;221823709;221941791;221764833;223250583;222037500;221943917;221232583;222792959;221406666;222087750;222668791;222473250;223756208;222875917;229009416;222363542;222240792
1253;179608875;179893459;180319250;179698791;180345667;179894458;179485292;179244291;179549917;180345125;181080458;180165625;179703125;181268916;182034625;180352250;180316583;179516916;179733709;179924292;179313666;180524500;180530625;180064125;180054042
1255;193907041;191172833;192061959;196006666;191631000;191061625;191389584;191119000;191097834;190675166;196646833;191567792;191402459;190793459;190928667;191068125;191548875;191041333;191794583;191601375;190527125;191268709;190852292;191879083;216780792
1255;211651083;208404084;203236416;202231917;202515417;203012625;202638875;202592958;202276708;202562875;202382500;202515791;203014292;202330500;202391125;203410083;202435875;202887458;208893708;201819958;202130041;207104958;202767625;202324292;201810583
1257;194710333;196121667;195185083;195478500;195223208;194650166;194752042;194310041;195265625;195141041;194937416;194914291;194363834;195585167;194513250;193712500;194210291;194282750;195345042;195095708;194770750;194938500;194845834;195583083;195113625
1257;169515458;169430083;168847708;169402083;169628458;169032250;168470583;168466166;169264167;169401333;169717625;169464667;168723167;167866291;168834959;168643625;169370833;168672917;168709166;169037875;168929125;170548333;169443917;169499500;169985458
1259;198421667;198331584;199911125;198672416;214216000;214594041;205109167;203971250;202272541;199521292;199263291;199538584;201152833;198711584;199541375;198511750;200062750;199914750;198263916;198776583;198005041;198761875;199379500;199262000;199241625
1259;224595042;224780958;225138916;224669833;224681334;224922292;224384208;225280708;225118625;224713792;224760083;225278709;224478084;224935042;224661792;225073625;224975958;225643208;230048333;225423708;224448125;226608292;225760958;225551000;230051334
1261;216389541;218471791;216823041;214097375;215553500;214630958;214945959;214565417;214767083;214966667;215307209;214967500;214832833;216996583;215101375;214438625;214474250;214129709;214762834;214024167;214607833;213946625;213934125;214563666;214209833
1261;237159292;237421833;238641917;237286416;236920792;236652125;237508458;237549750;237204375;237452958;237146125;237063916;237065125;237623500;237264958;236697625;237046250;237304917;237055084;238594625;237443125;237348375;236645083;237330625;237517833
1263;173690833;172963750;174766500;173517875;173464625;173154417;173473542;173714750;173355250;173970375;173164375;173027917;172828125;173756250;173279209;174622334;173996542;173249916;172998792;173399333;173194292;174308917;173451334;173703750;173449917
1263;208703792;209193167;208859875;209333625;208679542;209270917;209494167;208595000;209398208;208908667;209248500;209875000;209056917;208990250;208329459;208714000;208994209;209110792;209501167;208488292;208605000;208575416;208510542;209104042;209066208
1265;218027209;217587750;216936750;216771917;216803791;218205166;217572750;217557958;217083750;217108542;216845250;216858125;217138875;216968500;217106083;217118083;216434083;216180166;216622000;217610750;216900584;216713625;216434542;216920042;217032000
1265;170979500;171052708;170811958;171334166;171366458;171214084;170580125;170789083;170697375;171564083;172074709;171878167;170815167;170984125;170510833;170766083;171185083;171262667;171330333;170710750;170505417;170499291;170663792;170828708;171034291
1267;249092000;248961500;249129250;248626292;247750083;248977541;249489458;248924708;248302333;248095500;249460458;248612583;248349292;248107958;248232458;248807542;248767083;248421417;249337334;248907334;249762916;249274500;249192333;248811084;249455958
1267;242191333;242832166;242294667;241732833;241511000;249483708;242349250;242362125;241563667;241974792;241928833;242260708;241626708;242542833;242225834;242650500;241874625;242041750;243154750;247468250;243071041;243228834;243030500;242022750;242776167
1269;215850792;217905333;218451458;216962125;223657500;218802958;220428333;222297459;216550417;216693958;216780542;216244375;216982625;215461000;215720708;216738917;216784166;215903625;216759334;217659625;216457750;215884833;215965666;215508416;217154709
1269;186390666;185969750;186356041;185941291;186283500;186792250;186405541;186504625;186255375;186459333;187360667;186383334;185973625;185930625;186399416;189344875;190221208;187488667;186708458;187080833;186700542;186490208;186371042;185872334;186887458
1271;229697959;229108084;228330166;228577958;228942292;229873459;229062000;228906709;228066459;228783167;229384625;228451917;228940250;228036500;229592375;228174042;228292000;228356083;229689791;228953291;229266542;229006750;229212167;229167834;229108917
1271;229800375;229240125;229772750;229931000;229726167;229204416;229832291;229388958;229240667;229054417;229462417;230326417;230012959;228719167;229008625;230417916;230152750;229079541;228815709;228863667;228583208;228498625;229006000;229270083;229313833
1273;232200916;229849792;229117125;229705250;229840958;229070833;228447625;229450959;230407750;229485542;228754250;228687000;230149209;229975875;229445791;229614875;229963917;229784958;228956042;228510625;229053167;230019625;229208667;228952625;229207250
1273;238804500;239747542;238989042;238607042;239339250;239015917;238510917;239228583;239363292;239437666;238538209;238643708;238938792;239420500;238812875;238248042;238887458;239924416;238957250;238340584;238668709;239408958;238761875;238601459;238654250
1275;225232209;224813708;223877541;223106875;224483458;224684833;223848917;224453375;224032000;224358250;225029959;224211667;223203792;223549625;224841417;224447167;224200708;223993708;224616417;224274542;223575750;224119083;224389708;225107917;223511917
1275;178606291;178933458;179144500;179472083;179151625;178643125;179120500;178538958;179336208;179340708;178997542;179075833;179130250;179131917;180140042;178678125;178449250;178494583;178665000;178536125;179790166;178393667;178274791;178457625;178221625
1277;190809000;191243875;190436209;190303167;190707291;191210416;191309458;190696458;190815417;190761917;190843000;191235625;190553208;190379167;190603916;189838083;191402625;190811584;190479334;190122833;190578708;190873375;190547792;190171000;190316750
1277;216331417;216931500;217514500;216628500;215327875;216344333;217440416;216066542;216698750;216869959;216556083;217193708;216418417;216242250;216270250;217135959;217214583;217197792;215868625;215966875;218531750;234513958;221585250;218471084;218753334
1279;175199875;175151292;174687417;175015750;175456666;175683416;174444792;175151833;175111084;174644166;174662208;176039375;175193542;174770917;174416625;173734416;174366083;174159042;173726042;174094459;174113791;173409792;174735250;174854459;174046375
1279;168859541;168766000;168872708;169746792;169032292;167919209;168062625;168418459;169499625;169855000;169498250;169314042;169991708;169425625;170027917;169751375;169775042;169858083;169620291;169604583;169259667;170368375;169320375;168874125;169723250
1281;161258500;160993917;161559292;161405667;160759041;161166000;162109167;160881250;161377834;164454750;162166584;160952958;160502750;161206791;161260042;161305875;161703000;161084792;160840084;160704458;161160833;160952541;160829250;160621292;161306917
1281;243172625;244262375;244184833;245226875;246230333;248847709;243470041;243477458;243942417;243481917;243872333;243483833;243615750;244441084;242625042;242793375;243512833;244391541;243808042;243231042;242846500;242912250;244406250;243712375;243195959
1283;199991541;201333667;201172083;200788708;201690292;201254791;201687209;201032750;200842500;200724833;200740625;201665125;201152083;201739791;202256709;201503958;202463209;201153833;201292542;201073209;204544000;202655916;201231708;201519791;201282167
1283;247207375;249399750;248254417;247825209;249225292;249294375;248585917;249213500;248572209;248666917;249124083;248196833;247664625;248587333;248023750;248364750;247755333;248988666;248655417;248343875;247565125;248105583;247419291;248240125;248138958
1285;137242417;136462833;135759292;135721708;135911208;135887792;135712750;136081750;136450042;136650541;136192542;136316209;136003500;135855292;135384167;136420583;135928084;135630250;135763917;136057917;135753750;135456750;136278666;136258833;136249250
1285;173607417;174661750;174143375;173909125;174166875;173644417;173720958;173966250;173732791;173789916;174322167;173732458;174479583;173962667;173311208;174082875;173969708;174145000;173564334;173540291;173867417;174593917;173801583;173936083;173807083
1287;276604209;276522667;276189625;276774375;277087416;276654625;276376083;276156666;277237958;276741667;276854833;275952916;277056125;276706125;276560709;277078708;276258083;276404167;276247791;276709500;276250375;276402417;276562000;276720000;276657250
1287;175331167;175835292;175954959;175383334;175271333;174791917;175440750;174943083;175722750;176155708;176036708;175040000;175332000;174737000;175465625;175291959;175495875;175829209;176003041;175405209;176335000;175974917;175711458;175358042;176076458
1289;215937625;215671625;214813625;215010042;215477834;215478583;215671708;215554958;215069167;215623500;215491917;215521250;215624416;215567167;215454250;215187167;214916041;215445542;215132708;215304125;215520708;215136667;214119417;213628125;214458417
1289;222898416;223392375;223069542;223404666;222757417;222495459;223049625;223047291;223856792;222867417;222298708;222425042;223082791;223569250;222586542;222754584;222290125;223298542;223099000;222987458;222862333;223686417;223287959;222575666;222661667
1291;219342250;219465292;218584209;219192625;218890667;220508708;219504792;218224875;218622416;218966667;219599500;219251959;218571708;217709042;218697125;218734542;218834000;219022875;218560500;219782750;219345375;218360208;217227125;217418959;218384250
1291;210427791;210420042;210287292;210860125;211280500;210593708;210373292;209364084;210104459;210732667;210560375;210279208;210106750;211214166;210276791;209646792;209685625;210108458;211738000;210630416;209373875;209898333;210018583;209954458;210474541
1293;265017000;265613666;266850584;266637625;265862792;265543584;266069292;265779500;265940875;266031917;265653708;265336417;266492750;266275834;266202000;265114708;264944375;266929750;266102459;264864666;266211083;265946209;265635750;264929666;266160875
1293;170456583;170583167;169873125;169614208;170045166;170686333;169923833;169884667;170418333;169709250;169891375;170408125;170699959;172900792;170485500;170096625;170533250;170993416;170529959;170219333;170126000;170182333;169927958;170781084;170096000
1295;193439333;193987792;193903583;194377167;194007458;193802042;193258666;193012708;193463916;194208709;193396917;193552625;193508417;193451584;193759417;193482875;193083958;193859333;193060625;194137334;193464083;193205125;193621208;193201292;194612875
1295;213523500;213311334;213528000;213692958;214017833;213334208;213169417;213304167;213019416;213711459;213250791;212819125;213027292;213848625;213375875;212873583;212970583;213159125;213359875;213158166;213299167;213751875;213272792;213997459;213202458
1297;173528834;173734167;173794500;173889292;173838417;173296583;173439958;174449166;173757833;174092166;173633833;173057458;173391875;173466625;173740208;174337667;173861375;173500166;173634541;173355000;174028959;173490666;173017667;173530042;173693667
1297;194567750;195287083;194698166;194288916;193798667;194454917;195126875;194899500;194287375;194257458;194530667;195167208;195092458;194636417;194354166;194064041;195563875;195272625;194621417;194962125;194549459;195255417;195448917;194944792;194189041
1299;222772375;225112541;224377042;224340125;223461875;223462667;224400583;224035166;223496833;223119625;224066958;224406625;223669917;223013291;223894708;224296084;223530250;223409584;223691167;224538750;224458541;224084541;223430416;223336750;225625042
1299;233151625;233738792;233945834;234224209;233541417;233256875;234386459;233407083;234040750;233877666;233552375;234047875;235500333;234250250;233652958;233840834;234421792;233548417;234342542;234098250;233962209;234611458;233927083;233255875;233379000
1301;207937958;208428208;207682250;207525875;207308708;207589916;207485292;207134000;207357291;207718834;207547667;207366250;207181416;207146584;207817459;208110625;208196167;207997291;208384833;208684666;207886291;208722667;209438333;208050042;209184584
1301;217078917;217257167;217146792;218844917;218240166;217491334;217215708;216896208;217721208;217591084;217749792;218843750;218305167;217616250;217404166;217671167;217407125;218256834;217672959;217403292;217446625;217316667;217659333;216873250;217168042
1303;256245542;256767292;256265791;255828625;255826709;257014791;255024750;255459000;255220625;255453125;255791708;255835375;255531000;255311750;254664750;255377125;255982917;256852291;254781708;254854042;255016458;256214417;256103625;255572875;254727959
1303;270095709;270728958;270300958;269725542;270550459;270024833;270247042;270605833;270158167;269695166;272310041;270981875;269626667;270075083;270088250;271428333;269986792;270141875;269945208;271055292;269912917;268956750;270735000;269704375;270854250
1305;140377542;140568166;140658375;140575583;139732958;139755667;139937583;139967084;139608084;140530208;140697042;139342000;139010125;139718708;139696000;139625416;139913000;139863042;139659750;139951333;140262458;139561291;139802250;139307917;140119875
1305;174356292;174797208;175130333;174866166;174147667;174866916;173641166;173496000;173829083;174677375;174897541;174320458;174832750;174142042;174350500;174354334;175011292;174816375;174857875;174596459;174375375;174070416;174710042;174251625;174226792
1307;217468917;218152709;218324375;217859125;217352792;217446042;217404791;218135750;217571542;217458542;217656666;217476834;217465167;217643375;217782333;217655208;217962583;217348125;217231333;217381875;217315125;218279542;218385084;217652917;217039250
1307;263985625;264506750;264074667;264217917;265060625;264892958;264480209;263931375;264545375;264915875;264527625;264679416;264778708;264327917;264766250;264693875;264397792;264168125;264499416;267128459;264864042;264192209;263831209;265985041;264928208
1309;196524667;196698750;196536917;196213458;196758666;196625417;195910583;196258917;196090625;196211083;196782875;196421042;200197250;199286000;198006792;200852167;197595750;197970167;197506625;197797750;197198500;197305833;197714042;200336583;197856500
1309;186365334;186405792;186082833;186925833;185971250;186390375;185770958;184753666;185975125;185476541;185967500;187992750;186774458;186086083;186889333;186496500;192688084;186682000;201082125;199241333;194073875;189946000;186894792;185170292;186651666
1311;193359792;191064791;193250208;191720917;193386500;194413917;191264833;192509333;192048333;194997250;191452375;191777417;191127417;191909834;190873042;191091208;192409041;192845625;192165250;190852542;192166583;191742125;191460167;190929791;192355334
1311;251420333;250797791;251746458;250143041;253027208;254327250;253501541;251437667;254562000;250556042;251701458;252349291;253466500;252138583;252956250;251612208;251432042;250966833;250899875;251985708;253030375;252430458;252274709;250918541;251093708
1313;238858542;239676250;240616333;241002875;240513459;240711250;240388375;241049833;239613959;240344666;239668125;241288417;240975041;240316125;240247667;239830750;240846084;240712042;240774375;240387334;240340875;239982625;240518333;240472333;240130375
1313;229799250;229579833;229373125;229373500;229033125;228884292;229068541;229213792;229840458;231658125;229240125;228707250;229192042;229472542;229642209;229306000;228900250;229288208;228700834;229252875;229742375;230047666;228883541;228980750;228856250
1315;219720417;219525958;219212458;218919125;218726292;219720667;219307709;219010667;219101209;219344875;219499209;218649583;218616458;218769791;231071708;219445667;218803792;218180416;217616042;219864375;218587500;218630958;219189667;218828875;218411958
1315;259051625;259281375;259877250;259533416;259862792;259262750;259441000;259326792;259381708;260038208;260187875;259405542;258929083;259082459;259592916;259620416;259534625;259050250;259496042;259373083;259701625;259510792;260354667;259877375;261444292
1317;255748625;258887333;254690500;254516000;263432000;255261166;254618583;254075542;257982083;255349875;254976000;254734625;263463166;259387750;264496250;261161500;262996209;261530709;263198166;262106792;263178792;262816667;266004292;266360209;258539917
1317;265195042;263325167;262667292;263275542;262494292;261266917;261828208;262884292;264875709;262819667;266362166;262410209;262263084;269414500;263577291;263410792;262690000;262715000;263145208;262277041;270191583;270580208;264427958;263001417;262368833
1319;226733917;233595208;227448125;229613958;231348958;228699584;269830250;231706667;227857834;233736792;228327791;227459208;228006167;228042375;228333417;230498542;235572375;230658541;228817292;227658000;232552625;227593875;228748458;227719583;227396709
1319;201923459;202086000;202152875;202197750;201561834;202192000;201169500;201689625;202341209;201885125;201475791;201237084;202062208;201388791;200762916;201756500;202101208;201809541;201627875;201270125;200978459;200517250;201993000;201454375;200979583
1321;260175708;261081250;261620333;260054542;260463333;262780500;267767875;269553291;273045084;284337667;293968667;328109333;286179333;298107416;340636625;329008375;331319875;285304792;301015125;270239834;268879625;263032542;261596125;261302250;261854375
1321;224518416;225866208;226809750;225524542;225919834;225930875;225998750;224740542;225028000;224421292;225347708;225686208;225548834;225605208;225483292;225587458;224445583;224643291;224851917;224796208;225104000;225354625;224953666;224413042;225175083
1323;258587917;258772042;258718500;259121041;258457625;258879000;258167208;258745916;258694042;258741250;258247500;259208000;258535917;259489042;258127125;258990875;258158875;258786958;259182666;260218458;258746125;269546208;285237000;275321167;268476042
1323;247680125;242930333;241159500;241221042;240686292;241696917;239302125;243606542;245296667;247026083;249557208;248396292;249277209;249040709;248972875;248674875;252896750;254484958;249078334;249765875;248050291;244140708;240998584;240559625;243818042
1325;289134667;277614500;282409916;278281334;279497500;277994292;277303791;279263334;277391791;276558792;276352750;277113166;277016834;276064584;275660459;276731250;276209500;276629000;276796042;276805458;276121125;275763458;277347084;277070875;277071667
1325;179362083;182875542;183302416;183351458;179594334;179717708;181260250;182281583;181587125;180463291;180610875;179659375;180753833;180135625;179760375;186872292;318380375;360112583;180325542;180938542;180489709;179862125;180860125;180294917;181221959
1327;176456250;176221583;176723375;176960666;176726791;176386583;176352667;176125042;176909125;176696167;176634042;176192000;176167417;176726625;177361666;178131500;180739541;177073584;178707250;177401417;176356916;175435584;175804333;175194667;174427834
1327;253599583;253335750;253180209;254460125;254216584;254257667;254390166;253162209;255138625;254313166;253630209;260700333;256239750;257835041;254342000;286960209;263594166;263139042;254527709;253244042;268244583;256342959;255665334;255639208;253995542
1329;203298292;206601958;204980875;208166458;207173459;211308542;209986458;214905667;214834750;214324959;213835583;208253459;204866417;204679125;204447750;212212667;205958333;206593708;205631209;210839459;211484834;211280083;208032084;206346125;204823458
1329;228488250;226325167;225416167;225130458;226675125;225776125;228672584;227007917;230649417;235470375;235220083;231695125;234280125;231495792;226610959;231935625;227160833;225517083;225149250;227399041;225185208;225429458;228184166;226117833;227049959
1331;275740459;271569292;275234417;275677833;278050000;275886125;275448042;275200125;278582291;274553583;277575292;275101667;273461750;271806625;270433375;269665875;269540792;276104583;270710667;271301459;269472000;271076167;270972333;270319166;270117041
1331;192017167;190070958;191229958;191919292;190483458;190271000;191658417;194944875;189929875;190125792;190013041;189485625;189334459;189180333;189494875;190808167;190453791;190876500;189671542;190219333;194877541;193623250;190462583;189830917;190693292
1333;111405958;111755666;111350084;110570833;110982125;110706917;110535542;110248917;110576833;110683708;110639917;110992916;110969958;110436875;110510292;111047458;111331083;111428875;111293500;111252583;111479542;111475375;111209458;111278083;111271459
1333;188142292;188952708;189891209;189638709;189166292;189025125;189316250;189670917;189150958;189806959;189269041;189132834;189654084;189533792;189645417;189356458;189083208;189256416;189604042;189066917;189686375;189437083;189383917;189844708;189190333
1335;289004042;291818583;289431792;288097958;287825125;287898083;287838500;287688125;287183083;288471542;286846292;287458667;287906292;297353417;289544750;289457208;289654834;289463084;288397125;289622416;289595958;289440542;289424500;289927250;287874542
1335;221857417;223811041;222970709;222887833;222749625;222973959;223871208;223071750;226825375;222956917;223596167;225541417;223216750;236457958;236659625;223367042;228097875;225819042;225145000;223895083;225377417;223675917;222772666;221820833;223253541
1337;209576583;213219500;210826542;210502250;211380458;209339667;209860541;210056458;211616750;212156333;211114584;210722000;210470292;210619458;210025333;209528750;209094750;209259125;209229291;208963250;210120958;210278000;209732625;210262041;209392917
1337;222009625;222117334;223241667;222925167;223527333;224191000;222654292;223549667;223249958;223462875;223221834;222584792;223282500;223305875;223240542;223458667;223331666;222958333;223059708;223683875;227144125;223927292;223136459;230382709;224089334
1339;286492167;286272416;285639375;285888250;285289042;285961333;287346541;287703083;289118834;289979125;293670042;287830417;285849250;286165417;285642625;285018667;286104292;286654042;285490208;288314333;289615750;288728084;285691750;285604500;285971125
1339;225997500;225766375;225860625;225868459;225342000;225242417;225391334;225869542;228508708;229995500;229897875;229605833;230301416;228823625;225607167;225252084;225360583;226951875;225665833;226055875;225525667;225763625;225679333;225360167;225678083
1341;241769167;241732417;240445917;241105750;240771583;241893625;243425708;243995208;241435792;241539042;241432208;243789792;242668250;241719417;240972459;240586375;239565583;240547708;240605084;240162875;239948209;240672250;240701292;239633417;240143583
1341;178700333;179794917;179206625;179248000;179070334;179244459;179070250;179844041;179348125;179238166;178804375;179222458;179825416;179335208;179148875;179356166;179357542;178967667;179303875;179464542;179225916;178782667;179222292;179574667;180042000
1343;270035291;270939083;271239959;272013833;270911958;270798708;271840084;270989792;270963084;271231792;274049375;270573875;271188042;270797708;271887625;270989041;271297333;271235625;270911834;270813875;271335750;271313458;270929792;270936209;271050917
1343;222419000;222296750;222391750;221813792;222106250;222009458;222008750;221500250;222678042;222969417;222403625;222366625;221973334;222070958;222029959;221757292;222090541;222095125;221847458;221362584;221094458;220558667;221380334;222881708;222127458
1345;188742292;187744042;187287542;187544458;186635291;186718084;186783042;186000042;186367625;184988666;185786667;185128583;185541916;184962625;184777041;185157667;186289083;186005833;185246209;186478041;186169584;185865750;185918959;186025666;186544292
1345;202671333;203076875;203352917;203246208;204124541;204291709;204171750;203567792;204028250;203479750;203368667;202898333;205347416;204481375;203774833;203689792;203571583;202204334;203497000;203518458;203917500;205972667;206083291;203269333;203964916
1347;293761875;296204458;294864375;294191166;292886708;292783292;304203125;299241584;305314958;305419833;303609291;302191750;305880250;302834833;300811375;296905666;298000292;295943916;295443208;294434167;293414250;294888250;295716208;294604083;293914708
1347;256100167;262316292;263487000;264032334;264520083;263349125;263482250;262984625;263520041;263419708;263323667;261885125;285016583;260407750;258459417;258418375;261679792;266455042;263561500;266461125;264266125;264009167;266998458;264232250;266942333
1349;301651292;302406167;303672792;302910083;304584750;303441791;304208292;303574125;298836417;294708916;295578167;294847625;305796834;302178083;301120042;298972167;294935458;294674083;294830500;300823583;298272458;294038959;296893792;295055458;295507292
1349;160893125;159973333;160890917;162075375;161848875;161505833;161969250;161516125;161846959;161756792;162149333;161206708;162270583;161741625;161526042;162805625;161470500;161500625;161174750;161435917;161417375;161555917;161168250;159787625;161698834
1351;205387334;205596458;211746750;209672875;206031750;204697417;205091916;204424042;212931959;206879667;204412833;203911875;205180042;205649250;245077541;209237375;210008083;208196083;204977917;206221750;203973583;203961334;202585375;203760459;203265000
1351;230879250;226721209;226397500;226035875;225745584;225872708;225047875;225476333;225373041;225102334;224513709;224582458;225029542;225420417;226005042;225354750;223803250;224587417;224911750;225222250;225176292;224656875;224859167;225651667;224745125
1353;242589791;243723208;243876000;242704750;242769208;242669334;243007000;242686250;243378750;242724125;242512875;243034459;243460875;243075500;242297875;242769875;241876166;246354834;242844375;242895708;242096250;241777792;242043125;243518708;242652708
1353;233133709;232018375;233035375;232710792;232496458;232798542;232998959;231781958;232749292;232693625;231780834;232847375;232079084;232768208;233797666;234106541;243604333;233031875;234487833;233827417;234090375;234731041;233941042;232846708;233904000
1355;266756334;267487625;267109000;266715000;267973375;266496792;267626375;267373084;267074125;267105333;272336125;267344375;267471209;266618333;267269375;266584458;271434875;270375459;267240500;267614083;267651583;267629250;267537583;267932166;267267792
1355;242884791;243600958;243970500;242316708;244355417;243696292;243673875;243868958;244059916;244071875;244375000;244117292;243758250;243219083;244884417;245567417;245863583;245368125;245232458;245602958;244123375;248052959;244151709;244047500;243026917
1357;254238583;252931375;254072083;255405000;253346666;253543291;253990959;253555958;257722375;253961625;252949208;252342542;253955167;253075000;282099250;255971750;254458500;255210458;255382125;254105250;254786458;255702583;255028542;255004084;256418125
1357;300885917;304831792;361681208;339744000;385574042;379281042;357407166;343218125;356418584;300684042;299656208;298279083;303115667;298487084;300276042;300626084;300920375;302693166;301252333;300721625;300123500;300026334;304369542;299888666;300886917
1359;218339583;219262375;219062417;218800416;218176584;218212750;217823125;218618250;218777208;218792416;218483250;218062167;219333500;218272292;221147667;223009000;219744875;220206750;218897625;218775292;218811583;219143166;219185875;219461958;220977208
1359;253551166;258382916;253945208;255870250;257052167;254776042;253505250;255245542;254704042;254395250;254782833;255270583;259986250;254229333;255745625;254442584;255178416;259735292;253869375;255767791;255268000;254524500;253768083;254775500;257370042
1361;286343791;290070208;287938833;288498416;312623542;290475291;287900208;287512458;286450208;287940541;287482292;287717250;287320792;287778958;286433917;286344208;286432750;287327000;290313667;286608375;287287541;288004042;285819458;287339458;287831042
1361;281869209;281624791;283185959;283511584;282652208;283302167;287205583;286654833;285954250;284018209;282497291;282776125;282093000;286686000;282428833;282697000;282203459;282880417;282688458;282313166;285411125;281300667;282262917;286537209;283122209
1363;257815833;256907750;256923792;256975917;257396417;256395542;257072083;256391250;256250542;256160250;259153167;257509958;256824041;258852125;259093708;258402083;257930167;256434958;257546542;256213416;262114708;258201000;262691250;257666208;257061833
1363;297061334;294224250;296818417;304531167;306290333;308745167;307396750;306665291;305917166;306458375;314895750;316799541;294592625;313149000;298446042;295015041;295224791;338117333;319854166;313268500;488543041;386404833;309294208;303564458;302611000
1365;197132417;194913166;198183167;199493250;199445958;199506125;196989250;196311875;196235250;195453708;194712708;198451417;195780000;194749458;203247000;201463541;198762959;210947750;208346334;198593416;198679042;196545459;196349209;197849708;196652417
1365;254762375;254239292;254962041;253600875;254503584;255079208;254637042;253376292;314177250;315241666;294006083;271668584;256626709;253516375;253012917;253537542;254361417;253402416;253300166;252947042;252937959;252767833;253333917;253104333;253759042
1367;215510666;216560167;216584459;216351917;216061125;215745500;215942333;215444541;216774250;217263583;217007541;216117000;216068375;216810625;216741833;216478166;215358875;215128125;216713708;219154250;217010375;217153459;217035542;217303084;220472666
1367;221899292;219408833;220021583;219689416;220135000;220577250;220255584;220929500;220353542;219751500;220783083;223307292;220872917;220970792;220832292;220081458;220292625;219698416;220483041;220425292;220422875;221421208;222213250;221852416;220374917
1369;196666917;197043083;197678042;198003000;198617708;198771791;197380125;196823334;195925958;196712166;197853042;197048167;197404625;197639625;196334500;197392833;196951583;196888375;196550667;197256417;197213458;196488250;196923334;197955000;199727000
1369;179641792;179925750;180933833;180717875;180046416;179342875;181333125;180083167;181725542;182162750;180608583;180492166;183390000;180694541;180353084;180020375;181308042;181656667;183061000;181683709;180836208;181891958;180018125;179765625;179318125
1371;204118125;206990167;207188166;207050125;204601584;203423125;204617667;203132875;202225791;202530292;201651459;203155625;202770000;202345166;201951250;201824875;206504667;204356959;203124542;203250833;203183375;203303541;203707833;203258083;203003916
1371;235289541;233168459;249149791;242786375;231421500;232165500;232126708;230390583;231080167;232280375;236003500;233238416;233645292;235467750;233655542;232471042;231819333;235724125;233246250;233172417;232705291;231493667;230672958;230752791;231427792
1373;298568209;298750542;299178833;298613250;297797208;300330083;300186959;300507333;298367375;299036917;299178417;299148166;299265041;299093333;298241958;298730625;299236875;298913250;297962417;300289959;318047209;311510458;299287834;297766917;298877875
1373;248484417;264192417;290501958;250641041;247624541;255713833;247998583;253082750;269120792;261396042;273868417;267432250;259473000;249300458;261523875;256827667;260140875;254381916;251870250;247264000;247297792;246545500;246208542;247188250;246885583
1375;278734917;278079042;277964166;279904000;278907125;278669250;278500208;283560500;289236291;279638459;278853333;278635875;279298625;279622208;279037833;278139875;279208916;279056250;279378000;278788917;278632500;279791125;283684625;283025708;328614958
1375;291405042;246008417;257931958;244460291;239157834;237017666;237324834;237675667;238482625;237377292;236822250;236984958;237312083;237326750;236481083;238136708;237524250;237192208;236840083;236828458;238114042;237621958;237394666;236856750;237746667
