Height;1;2;3;4;5;6;7;8;9;10;11;12;13;14;15;16;17;18;19;20;21;22;23;24;25;26;27;28;29;30;31;32;33;34;35;36;37;38;39;40;41;42;43;44;45;46;47;48;49;50
2101;765290500;685441200;694377900;708854800;648343100;645586900;643508500;674473600;657939200;649326800;680692200;695628600;651262200;641400200;643310600;661957400;686993000;701879900;791570300;810278600;805473200;760439300;782407900;696936400;759361000;721185000;694605000;764277300;805469000;760383600;669832600;659853500;723748000;783814800;726045100;717939500;752571500;681305700;695996500;690968000;641021100;625090600;651811800;657971600;631118000;626621200;646340600;649903600;629259300;641348200
2099;610146000;602266500;577004500;570210300;577549900;628918500;584555300;568636900;568627000;590913900;595400800;572923400;565732200;572376600;641702300;599185200;570274100;567123600;601092500;590545100;579327600;562975800;586189900;598766400;569778900;565136300;564685700;601109900;578259500;566800300;567077000;584793300;598446700;570491800;564417300;570898600;644369300;578341000;562628600;564419200;587027700;586538300;571637600;563801000;576205000;593033700;585758700;565002600;565322700;593176300
2097;673436700;651670000;651329500;681353000;657454900;637849700;639612600;677577300;671640500;664189900;647172200;682775000;655320800;648328200;659317700;679203100;657601900;639154700;650482000;671293700;643836200;630967700;653078500;676910800;650232800;635344900;662311800;671229600;648090100;719725700;672791000;668132800;633275900;637053200;658017400;664704300;638439000;631887500;666220400;664879000;634490200;635473000;670170500;678761900;648486800;634222300;689177800;664941500;637668400;648662600
2095;696483900;659519200;643736700;648897900;675506100;652627900;643982900;648564600;674194000;652440600;646479700;662412300;681399200;644516200;640054000;664786300;669484000;648666600;644835900;663035700;666833800;656925400;639083100;667387900;672228000;638290800;642483200;683544400;687790800;642674700;638027800;666101300;663550900;638476400;640148500;674330600;656359500;643164900;638743300;671013900;650911100;645544200;653426400;674581000;650606600;636004700;656753900;678394400;647739200;638814000
2093;341744800;346370500;340409100;341146800;338272300;327981500;333647800;344649900;328166700;344834300;356432300;336525700;336857500;327478700;326064200;328264800;337899900;346939100;341774500;341241100;332703500;323562800;331733100;338011600;343229600;348479000;338538400;332001100;331305000;328876200;327510500;333447500;347075500;343360000;342110600;331993300;326369500;334751300;341508500;341902800;350848700;350896600;345153100;330449000;332135800;326367200;331999400;349338500;351261800;341095200
2091;645301300;633870500;653078900;667841900;639372700;785477700;675359600;668984200;630235200;628715900;666729900;645183200;629167000;630660500;653748400;650493500;629066000;628370300;671707700;652410700;632460000;627269900;659297500;645462600;655274500;673964700;699473400;644130700;629304700;628947600;668218500;638324300;627358000;632511100;689837400;645391000;629449000;629423500;660346600;639520200;627878000;632804400;661154000;645065700;631759100;630351300;662304100;641185300;630892400;645989900
2089;690631800;647383800;634228400;639258200;674184300;654464000;637589000;644360900;679713100;643840800;632683000;648180300;663916700;648894300;648164300;651482700;676708600;688222000;726664100;687733500;696933800;644569600;644399400;668501400;671296100;642740000;641174600;682709500;676351800;641868900;770378000;681017200;714985400;641901400;686878600;720254300;649467100;646779200;660658100;664979600;644174300;636785400;664011500;670166700;641914700;649907900;660619900;669393600;642895500;637702600
2087;668052200;651531200;629641100;632927000;655615400;654556800;630996100;628258600;659185200;655421500;643905300;627692700;660255900;665303300;627509300;629355600;659217900;649828500;626187000;632262100;660631800;657347800;627368600;629809000;653008300;662766200;642737200;630895300;661723600;643304300;627053500;629099500;660375200;645543400;628831400;626049300;657655400;655694500;625862100;638371600;665089500;660491100;627365700;624305400;660805500;644072800;619707200;625210600;665524700;647520000
2085;641338100;626791700;658506100;642270000;655849100;715561300;689009700;682517800;661200200;632076000;661720600;643519900;623637000;630038200;657211300;627646500;620642100;627625100;660699200;631532000;622622800;634277400;680013400;635722000;643356900;635588300;658308200;643322100;623734000;631866900;666297100;638690300;625813300;628092700;684166500;642110800;668793400;690135400;677843600;627446000;623838100;633617700;658388400;627727900;621582400;630232700;662171100;628164600;623820800;632242500
2083;399898400;379460400;389296000;365136800;359997100;363450300;390872400;389557000;363964000;371579800;362060000;361552700;360462900;379118800;388163000;368845300;369143500;370033400;383848000;359616100;381324700;381081700;376389200;364056500;360334300;359995100;366640100;378435700;377252300;375924900;363317200;357519100;364423200;368375100;402896300;373121800;376592000;365938800;361459300;358334100;369056700;384365100;385288700;367388900;363409200;362554600;362515300;365074400;389246900;401666200
2081;650986400;619059200;633382000;654506900;625860200;619531800;631408300;655158800;624472400;617004200;628714200;656652100;628236700;628985800;641350500;667083800;629394000;614861100;619746700;651926000;635556200;622344300;622548000;648286900;637540700;622358500;620833300;659138600;641971600;631435200;645264100;661843800;647967400;615757000;617030900;660079700;641504300;616272500;618049900;664457900;637935500;639744400;655274900;618255600;621502200;634306200;633256800;633316300;614668100;632789300
2079;988636200;713435000;622337900;768404500;683309600;897000800;846791800;702284300;649202400;625108100;678964600;626168000;614956900;619646700;649037600;622681800;610460200;614779500;641216500;625422900;617167600;612434300;655961600;696839500;700526600;622977000;730741300;629662500;609342200;614808200;640996400;623797200;611010600;613834100;636820900;625317800;615748200;609675700;634373100;632880200;619766400;616467700;651230000;634065200;613962500;615699300;635624800;633757700;619429700;610534000
2077;630690300;619519500;600610200;598231000;608442200;620911300;610301300;616394900;603093900;622255500;605650000;595221700;598550100;625837400;611359200;596705300;598035500;622342400;619402700;594401800;593445600;631821500;650754800;598918500;599347300;610210100;636983300;612465500;599659400;609945100;625469100;605244600;597639100;599225200;627882800;610822800;605411800;602614500;640181900;619268800;597673100;596847600;615982600;616822700;605518100;599025600;609243300;626777700;654819700;597583000
2075;357693000;353902200;359320700;375925400;390354200;341409600;358448800;339255800;356687100;357164400;348594500;341794300;339489600;337625000;338716800;346877200;352805500;359296400;372189200;360882700;339873600;359957800;345854200;356328900;355488400;346418300;340543400;337379200;337274600;339354400;351606700;355879600;346727500;351048300;358043700;340548000;339664900;346691800;377760800;352506300;348096400;339162400;338540900;339614100;342478500;356523100;354633800;347336100;338357700;344739300
2073;467438100;462564300;469818800;459979100;454865300;454154500;452732800;469250000;470705700;460006000;454627800;453120500;457145000;472779700;469930900;468661100;449051400;451327900;464642500;473139500;456447500;449405800;452813500;455356200;470434900;470680500;468859200;475962800;463628700;467379700;474301300;477200400;452145400;451594800;454769800;486340800;468596000;460020800;453820300;452390000;465108400;470517200;462313200;449767100;446419600;456635800;488787000;477907700;456007600;485850000
2071;636974700;649258900;630577300;617797200;619861600;649045600;630625100;618562200;616526600;640856500;635945500;639469500;616994200;657712600;631141200;624293000;629138200;646396100;640055100;619643000;616097400;639634600;640148900;619921900;618543000;634846000;643240900;636265900;615852600;632321100;639837500;619734900;617969000;632339400;638625500;627693600;618658900;628822900;640089300;624917400;613185400;627141100;646981900;642643800;619539500;627808000;641333200;623463100;616644500;623055500
2069;660103000;620352300;612019200;620246700;640239100;621937600;612573500;622687400;661002500;624226400;611268800;613064400;643844300;627243400;613203100;611719100;640669200;629228700;614281600;613341700;633606300;649774100;626068100;633059500;633572900;636505300;609051200;614044000;629618200;632569000;615025000;610655000;628899200;639409000;618433700;615872800;625431600;637761100;624375300;629414900;624208300;638558800;647004600;697913500;627236100;639408300;618512500;616672900;621815200;635131800
2067;627074800;606271200;613719600;635572200;633158800;608233400;633201900;719942700;625771500;628968000;633972200;636938100;621979900;607917000;614910900;636945400;641752400;608037500;607210300;790174100;734715100;691393100;677577700;698148800;673878000;677491300;712497700;683113200;675517300;612485800;635890000;625073400;731128000;666247700;645939400;634618100;657176500;623159600;640296400;625904900;634591100;716280200;777445900;770397800;756396600;777916500;759246400;722480600;703947300;719565500
2065;766162000;778758800;795847100;741266700;742462700;780251600;737795100;693597700;734678500;767242200;735356000;738828100;725215200;730344100;667117700;691582200;784690600;749811200;733468400;819510100;825903400;760271800;726375100;804673400;732673000;704432100;763584100;805281400;755940200;768096800;754713800;745461100;624673600;631824700;618135000;603562600;602446700;618122500;621156200;601636400;607481300;620754200;626914900;612143600;602365000;615878400;629376500;616264900;632759700;613942200
2063;656650000;625613300;613073200;618144900;634820400;619147100;608844400;617802000;639138000;625133300;614829500;613336700;644199700;658387000;626834600;613980900;638391200;630866900;610653000;611252900;633187900;631750200;640175800;620771500;631621900;644471100;613742100;626864700;645684600;1372665900;1070855800;868635100;770552600;777915800;792528200;827151100;852391000;882358200;817913700;846542500;877875500;853616700;850659300;889828100;858313000;893212800;920492300;854980600;864183000;892447800
2061;641892400;559490400;572313600;608284500;562356600;573430500;569855500;635487900;633953500;626516100;649156400;652719100;645738400;629621400;632649300;650878800;643711200;632596700;637586300;602159100;666608700;620709000;497339200;508261600;507345800;515102200;524440500;485463500;505125100;518649700;511916600;514778300;505612300;509705400;519775000;502620900;496844800;493158700;492106900;520218600;515250300;510581800;515769200;499085300;514449300;502680000;490948800;490665600;497803000;521184600
2059;701870800;660089000;673301500;694272000;671700000;663495600;695677300;715130600;659504600;641287500;621512700;622746400;609806300;599214300;606201200;621904300;604820100;596071100;601196400;628315400;612731100;610249000;623192000;635555200;659111400;673873400;657236400;688520800;666182000;655615400;662546300;747768600;669849400;667644500;680473100;689736100;668307800;669173600;718399200;686377700;675271400;666079600;714645600;676346000;651928000;598596200;667284200;615996600;599033000;599109500
2057;637764900;603792100;596630500;607526700;608544800;614173500;590869900;596021400;606705300;643305200;595050300;589098100;602752400;619306300;598085400;590623200;590519900;620950600;608047100;610992500;596450400;609724800;612473700;588493200;588669100;605640000;613920500;597464100;592206300;598991900;618661500;599697800;591384400;596884400;627036400;640205200;591496600;592042500;625567500;616904300;592868500;607271400;608044800;614092200;594940100;593021900;602850500;621112700;605740100;591935600
2055;632840500;639277600;615370000;652749900;613061600;635380400;619265200;607172800;609489200;641229400;620526400;605784800;607163600;632450500;624087600;609786700;627831600;626652700;630264800;632631200;607687700;627697800;628053700;611483600;608338900;620757800;657337400;631839200;629604400;621702600;631684600;618080200;625957800;617680200;634726300;611056400;604906700;633322900;637619000;618544600;606893400;613712000;635944500;618993700;645981000;678843300;703587600;623228500;631178300;634216100
2053;637307100;604143100;594534200;597153000;621508800;613257000;590809900;591001700;610805500;614612200;593233500;592030200;611897800;638600400;599034800;594762400;600773100;624200600;599982600;592763900;593405900;618084500;624112600;594820800;594683800;619156600;617165800;596341300;596901500;635215800;611610000;609732100;597371200;600457100;617796500;600588400;592688500;598545600;622370400;605837300;594893500;594481900;619033400;617374700;617545200;595394900;609405900;609117900;598833900;597666400
2051;615513400;605540600;593518400;584751200;594581500;613530300;597821700;587046400;589929800;617805100;621064200;590648000;589578200;607554800;609630200;586545300;584183400;600293700;612294400;595672300;588343000;591044400;664436300;600128500;590341600;593765800;633117100;601730300;586697500;586962100;612940500;608177900;590663600;586797100;597659000;610826200;593791000;587752500;592022100;614908500;605217600;608629700;587131500;612807000;602992000;586595900;585116600;604047600;607276600;589143400
2049;601208700;598984900;609805100;601440600;586762400;593076700;621197100;617790000;600726600;591730400;610765400;604991900;589677200;708286700;643730800;715286400;727920400;872749000;679608800;676089700;617682500;664221800;635764900;727344800;660083600;813409900;926319400;887782300;828712700;884282400;824658600;648508700;652292000;776031100;795439200;635436400;610032500;614493900;632198300;631531400;615884700;596753900;597743600;624253400;619689200;604822500;692416800;630111500;622079400;597627700
2047;629528200;610392200;611894300;603633800;614627800;610645200;616867900;603304700;608845200;608856600;629639600;607634800;596191800;604363600;631992500;609305700;601998200;595889900;619769400;635693600;595276700;598532000;621166900;624459300;603380200;599274500;614340300;666586700;875822500;594477700;612161400;610526400;602409100;593588100;612257300;638548100;603977300;600324400;626723200;621467300;602187500;596590000;601409700;712936700;768494200;822103100;640222600;602935800;593734600;584212400
2045;619855900;626286500;590239600;585845500;591699400;610694000;625812300;609223500;598181600;615910200;602670900;624439300;601663800;607177300;605401400;590909300;585718900;618962400;609634300;589859100;591132600;592948100;612657600;608098200;588229600;587893800;614845100;596782600;586870500;584959500;600587900;604657200;594756700;602127300;595559100;620632400;597784900;585959800;594660100;611432100;595640900;583964700;590690200;605463000;613305300;590362600;584613800;601326700;613559000;609168500
2043;506288200;493882400;514000200;503058000;498116000;491201800;494394300;512878600;512819500;494988400;492297000;490781200;506197500;511384400;515557700;485566500;486474100;507106100;509329700;513782900;491947800;491425100;516797500;511273300;510327100;514666900;502077300;518721700;569531900;504020400;514424800;492784400;506120000;507108000;498056900;490254600;488288600;504548700;510662300;494299300;488333200;488886100;505854400;512584900;497569100;493238100;505994400;495320700;508302400;501165400
2041;585274900;564782200;612183300;590599700;568390400;562364500;573217600;590175400;577412600;564014300;568971000;599555000;584977500;563984800;561105500;575204500;587408200;571856400;564268900;563416300;589957700;589250900;567946900;563345400;576595100;586439700;579659500;582861500;564033300;592262700;576616000;567950200;563762700;594904400;588721400;571502800;565630800;567403200;590495700;576011100;563897900;563502800;586493800;604577000;580593600;585000900;571423800;588530600;571448000;562514800
2039;601022200;611435800;595053800;584257800;584956600;604214200;605053000;585283400;591123700;614207700;609415400;590916300;582978900;627782000;606663700;597903600;581415700;582101100;601937200;623726000;586327200;586865900;602494000;607489800;593979200;626521400;593193400;609994900;598452000;584247400;586333300;613707800;596205900;582600100;581203600;601622000;606888900;606738600;581451900;594320700;613045100;609138300;580023900;586334000;613881100;597483600;583208600;583370400;604769500;602875000
2037;586298100;568210900;580869200;591305200;574593200;574515100;588896900;597146800;580830800;567936900;567224500;581228000;586783500;570626900;566421100;572266400;588808700;576409900;565783000;567229700;588701400;593957800;587618000;568832600;579311600;592223000;575052600;568143000;568856200;590811500;585614600;564881800;566289500;582317800;605282000;575200000;567729100;570706400;612832300;579528800;566935900;569122100;588807900;591268800;573017500;568956800;571468600;592651900;580483600;567594700
2035;524653100;524677400;539172000;585632800;512452400;508143400;530045300;536937400;533128600;513372500;512519200;551024200;521616200;507833200;507828500;513174400;550828000;520527200;515789100;527892200;517642600;547591200;551490100;510670600;532720300;522937800;530131400;512931500;507050000;505979800;523757700;530658600;514891100;506835800;509556600;540404800;525905300;513151800;507322600;507422500;541614600;529994700;579252600;524199900;509064300;545840500;527877500;507417400;507811600;529552000
2033;633354400;611503300;578196100;581573300;601475000;602016000;582674900;581422500;593596500;600023800;585695200;586230000;586862400;609210500;591497100;579053300;626917700;621846800;596374100;579337200;579669300;596587600;602047400;588310600;581811700;587977000;608399400;586408100;581426800;586850400;607930600;595242000;584669100;600008700;596878200;600874900;582326300;579927100;592542600;604101100;590173100;577236900;593867300;613889000;594309800;583368400;580266100;597961900;606632600;600784100
2031;621724300;609125900;613315200;597506800;586121500;591929700;610945600;596434200;582933100;581577500;613142400;599959700;586565500;593947000;617576900;607854700;584405300;585594100;597077300;610587600;593878500;586243300;589243800;611676100;595410200;586176300;583236300;603748400;604049800;615462900;745746100;755864400;671276900;584263900;581351200;606551700;604049200;582149300;582448600;598237100;605187700;591158200;582510900;592041500;606109100;599706700;603485600;586345300;611118600;602002400
2029;595391000;580837400;596847500;628822400;581970800;580586000;589762300;600631900;585199400;578412600;581964000;610945000;636803500;575414400;578848000;600644000;603655500;579758100;577080200;590239700;603550800;584485800;577611200;583784200;608564000;590903100;578819600;584601100;618686600;600642400;578998800;579626700;592542900;602194000;584440200;580775900;582631100;633158000;629993100;605748300;616244300;646688800;592914500;586274400;598848400;603856800;628611100;582055900;579048700;594878000
2027;625687300;587597300;580958900;586418400;606353400;591707600;580385000;580882500;608158600;619817300;581503500;581566700;598301600;599585600;587491600;582067200;587966300;607916800;592492300;581904100;580454900;607070600;595875400;609797300;716606000;655767300;625517000;690436300;656947600;764963700;792109700;772399400;748270500;759683000;607766700;625637600;600635200;585278400;600247600;772107600;656960300;700359800;597846100;631277300;602549800;652133200;716438900;678734400;604223600;581661900
2025;513636200;527448000;592396700;572207900;553242900;599261700;601992700;590875600;510314000;499961800;603098900;615237700;549171000;558777400;594424700;613331400;533059700;553398400;612299500;650997300;597697200;637058200;598735800;587416900;556764600;515435100;534144700;538724700;530095000;591851400;565554400;725915900;1117169300;1057136000;972497700;1245425200;1027550100;895824000;1013628700;1012162400;1014406300;1009122200;1071009700;973141500;583531600;558907400;616852700;543541400;545022500;664117600
2023;763043400;672798300;732890800;722672000;718840500;655254700;685378100;739002700;707602000;686524300;667690000;732839900;686959700;652076300;643446100;594804900;623883000;605979600;584556700;580238500;624231900;632765000;589977000;582719500;608878600;647751400;593996500;590088100;597826600;622794000;624853600;618245300;604432900;619329000;607335300;608808400;616659200;664089900;589313000;587768400;615587200;604233800;597179200;586880500;610912400;618436400;603973300;587592700;594662300;627357200
2021;615407500;583213000;597253700;619065900;596682600;609648700;608470600;598241800;604490900;580007800;606233300;604137100;576367700;579063300;572760800;607070500;607629500;572482800;578709500;617668800;604415100;617645900;607010500;596481500;603431900;591851400;572837600;580413300;618922500;608576200;616807000;603177000;588459100;575909800;575928500;622286000;601684600;596550800;572739300;592031200;608374300;590135000;575502300;573246600;607918000;610495300;571440900;576551900;594647100;600950000
2019;634737800;612132200;604575800;617555600;599981700;611141900;606311700;592176900;576158100;582079800;608479800;608274800;584627000;577940400;596381900;614208500;602810700;584087400;577400700;636725400;607031600;576500000;579788900;615217400;610893400;600655700;615498600;615983700;609338000;590402300;609998900;615826200;628865500;588136600;586650100;616815600;610311700;599949100;577262700;609967100;610842900;580291800;581673700;592580500;616715700;618768200;612630000;611715800;617240300;612173800
2017;509271700;486396400;483302700;521821300;539739000;459220000;482120500;484424300;472704000;455291300;457012800;455897900;484265100;481082100;493051000;456401400;457946800;475713900;484118300;474136900;462038600;464195300;465879100;490716400;484838600;489012400;488043100;475335500;494050600;495847900;489826200;482379600;484843400;505336100;476170100;463734500;457100000;470384700;486760200;479848500;461241100;460161500;456634500;486025100;501767700;479427700;487900800;458156700;481419900;487099200
2015;627483000;588305800;582761200;614784600;606529100;626397300;629864800;628086700;609940300;581044800;620347400;610077200;604434300;594114600;600369900;610438200;596784900;579576500;582209100;621236600;601730900;585613000;579792900;609047700;606717800;609714200;627002700;609419300;635147800;610112600;622973700;630495800;663741600;647864200;604681800;609147900;599071600;577140400;577745100;619584800;612071000;585433200;579103000;613673300;638035700;589794800;588377300;593411900;623695800;633925800
2013;640022800;654148900;612295600;595917900;616166300;610362700;598253900;592096400;580214200;620653000;632950400;590038600;579493200;620655300;620325300;602488800;585317800;595340400;619010000;602658700;587714200;584218400;618702600;610309800;620437200;623173900;641988300;612169800;589056500;624093300;612668200;583712300;585969100;587114800;620864400;608176800;583845100;587839400;621835200;613613400;590680800;587752300;630705100;616991000;595502400;587445900;590629500;624930800;606366900;629226300
2011;634534400;614464900;598561200;593583900;616182800;600025800;578741500;584004300;631995300;618467900;592127000;580408400;604301200;638402400;600213700;584509400;599121500;616057700;617224600;613581100;597594900;616113800;599351100;621267900;632795500;606902700;580883900;576281400;605678600;609414300;591313100;579545400;592705400;624570600;594992800;584544500;580165200;628003900;613457500;586109700;605940600;614610700;614024500;622245500;609695400;616892200;611258900;592809700;606976500;608954500
2009;444527700;421796600;418438000;415811500;441499500;441378200;455009700;418899500;417670500;417394400;448659300;436929000;430192300;420638500;416853200;415618400;441812100;445372600;438366600;440514600;443433200;440243500;466884000;447430200;449373100;442511700;438619300;438778100;485749600;481044200;442364400;423673000;452404600;444359200;432157900;417843200;416970700;413780700;454277000;462581100;434220100;420878300;417041500;423529000;439387700;439354000;424514100;418917400;423515600;420310800
2007;647504200;607385700;624305800;625148100;639273200;603113000;592572100;621429500;602593900;580927700;580838000;607131100;608473300;590910300;578396700;587715200;620042800;593290300;581079700;579914000;625023200;633778100;615579300;610044800;610831100;631430000;642934900;613119200;615617100;610019500;592989800;606720300;662992100;661708600;600195300;632295600;626321300;622863500;581042200;578605200;613134500;608777600;583304500;578595000;609204000;608452900;616630500;610309200;609172700;615878200
2005;600167600;612206600;616226900;672489600;661398200;582081800;617565100;598667900;575142900;575115700;612923200;616605700;592177900;576175700;594514900;610327300;591580800;584236700;586963900;635162300;598434200;612110800;642132600;625478800;604104000;586320500;616219800;601513100;575097300;574882300;588818400;609223100;591696400;572694400;578170400;635373300;607322800;580304200;576983600;603839200;611824300;596959600;591431100;609174300;623378900;612790400;634673200;612776900;623270900;595943600
2003;607133900;617836600;597383200;565687700;561346600;603809200;605123800;588448000;569094300;570726600;606609400;584651500;572712300;570924300;599856500;595798000;609427500;628602900;594300700;604703900;582870700;600531900;591804000;570667100;605373700;645129500;632002500;625067800;621948300;638590800;647899200;624302300;645558300;725120500;567867200;593434300;595393300;569734400;562283000;554938300;582510400;576804500;567005100;561932300;570129100;584878800;566381500;643745000;667438800;607441000
2001;605929200;595301200;585487700;601970300;583511000;578857100;598843600;604125900;567767200;572847300;582549100;601035200;592693500;565983200;571719900;609767600;586491100;580060200;572396500;579366000;592152400;576330500;573491000;573279600;596745400;580407700;587498200;587991400;600622000;599647700;569467400;592095100;609181000;592861700;575648400;561715900;595731300;593992400;585068000;572936500;578476400;616514800;572628500;580272100;575537000;599193900;590716900;628246000;617045500;591342400
1999;411429600;385130300;391986200;395863800;390459100;393543700;448710700;407478000;390453200;385590500;394871800;396633200;393747500;389379100;402085800;381719100;383686000;419700400;393630400;387022400;393464400;381182800;380446900;394711300;398385000;394466800;384086200;391548700;386949500;394570700;422085900;394205000;392240800;397484800;397240700;401975000;405288000;400177800;391821000;378886900;394761400;397735500;392536100;397462300;382686000;385603000;401080600;394847600;399855400;415049400
1997;435252900;405337500;407353000;408253000;419378400;420632600;412911000;444375300;404339600;406515500;419245500;422076200;441512100;444855900;429369800;414896800;416746800;414683900;403591400;415126800;420811000;411849900;431024900;428375500;412806700;400293000;411144700;425217900;430632700;432127500;408091300;407390500;402703200;420798700;416294000;406897800;410324300;403148200;400915900;412038600;419880900;414009500;399774500;412830900;406548300;431468400;419032200;410523800;415106400;418835000
1995;535601600;525148300;522890100;505391500;515366700;520955100;518029100;500128100;498953900;503019500;547001600;530878500;509858800;496973100;496292000;515457200;523907000;502691100;506056700;496763500;516644000;517685100;501360000;495731300;508039700;520874400;517174800;529542000;520314900;533242800;523546800;516103000;501793800;506552500;523514500;528417500;517733900;504347200;498063200;524434400;511762800;511631500;507515200;517764800;513549000;520405700;499966400;513084000;501816600;518625900
1993;583915500;539586500;552640400;537591800;544234700;530419600;549977900;541441300;578226600;644396200;538535800;531573400;548481900;539774100;524128100;522130500;522085500;549513000;559016000;533024600;522177700;533293200;545359700;526367800;527572500;545344300;542060100;543136900;538628900;551430600;555756300;564889400;543644400;522584900;537456000;540099100;533882500;519396000;519446100;532422600;538449800;544763400;538895900;519319000;530726900;539470400;524977400;531187300;521475100;541980400
1991;615913200;593597400;609461700;595058300;603568700;597652500;605053300;628369200;640222300;587151300;581885100;594737300;594785900;575381500;576220400;591218100;594032900;587903200;576623800;577903400;601795900;583781600;582195200;579412800;612178800;594361100;623848000;608748700;599075400;592637600;581276800;598660800;595580000;620960200;605483800;578574300;597449800;597597800;573878400;578693800;603440400;612151000;584368600;584708500;582793400;599882500;589188800;580092600;577686700;594848200
1989;580113500;574235800;568782600;601465900;583454700;559198000;585195800;570353200;571852100;550014700;548432300;567037100;569736900;568752500;549148700;552163300;573504300;567018300;558743400;554593800;564583000;573720200;593086500;571030200;573807400;586303700;565669400;562590700;574857400;565808300;650794300;575942900;563359800;574321200;570341700;552910500;549933000;560865400;580731400;581766600;556094500;553946900;570673200;585291300;551603600;554832200;573126600;572491700;567625200;573063500
1987;547332100;539920400;528550900;508153800;543216800;548639200;525860000;509437100;511828700;523128300;536673200;534693500;514803400;510747600;519401500;534201100;518661400;519577400;511157400;524226000;536703300;550955800;559118600;544871800;547046700;553485100;519579000;533250500;536754600;574583300;525751500;516183700;534174400;531971800;529855500;510762300;519394500;543165700;532605200;522688500;510093700;512141100;531092900;536185900;547975100;519512900;514413000;533701600;530719700;533235800
1985;589950800;608412100;620866100;586124500;580618700;575491300;592138000;558695900;556686400;567788700;580367700;574253200;556370500;558139900;581014800;576622300;567645300;563647300;579541700;586068500;602811000;647186400;578229200;588170400;597280000;587703200;587585600;588907600;582369800;561401700;580178600;582696200;579971400;563000100;566025300;585075500;594761000;569455400;555943400;570733200;593301600;567982200;573166500;562658300;583752900;579337400;575900900;588596000;579392700;612057300
1983;480722100;443764900;453661300;427502300;450595500;448614300;438282600;423432400;440434100;432769000;449966800;429826700;418775000;419044100;435761400;434328400;420453600;429324100;420630700;436961900;435570300;438048300;425105200;414979400;432318300;421785300;455545900;431869500;424804000;436133900;430458700;444060600;443157500;433735400;424120800;443698400;439407300;433543600;456088400;423421500;418051000;416602700;432937000;436409600;427202800;425029000;418950100;419206500;429071600;436761000
1981;370899600;359939500;354946200;340750700;343357900;357306900;358356900;353379200;360088000;355798500;358068700;356029500;357152100;356301600;349023400;347214800;357183800;377740700;356603400;352499000;365715900;374029300;360589100;346495500;352494700;359154400;359111900;355627300;348422700;341520500;340693100;340769900;351947300;380360400;369929400;344047800;356163600;346537300;340329000;356027200;356891200;356999600;346345500;342779500;353357700;346309500;349937000;392424300;358922800;352139800
1979;595756100;581508600;617841900;576350700;559758600;580409700;577796900;569416600;556636300;553510900;577529800;569427500;568203700;554958100;564839900;619170700;576004800;562679800;556264300;578638600;578928000;597229200;584439400;583711500;572114300;563615000;579266200;577599800;612890000;606489000;558405700;574459900;577495800;583208900;554708500;564668000;582905700;562769200;564092700;555622400;574026100;580169200;559110700;565561800;562851800;583237000;563843600;580568700;585463000;607053100
1977;410999400;381630800;375270100;393664200;393621200;395205900;385332500;379928600;380192400;373499200;393461400;392652900;386700700;386476800;381105600;392433600;378574400;392878600;395365500;380646200;375790000;386688400;377924800;382706900;392109800;392331200;393489500;395317900;388316700;390803400;397307100;405083000;400626900;372921400;396751500;390735700;399926600;386990100;380823600;377238600;374397000;380967000;393606700;392904900;394512600;377587100;377557800;382686300;403117800;397086300
1975;577555900;559441900;548986500;561072600;570516100;551647600;554497500;556430000;566490200;559608600;565671900;563631300;584144600;578353600;570927100;557103600;573057300;564585500;547097800;549631300;554389700;592575600;573020600;553966700;547880300;565411400;570127000;558718400;558572400;553919400;598591800;569324500;573302600;577794300;576103800;570173800;554944300;574635200;579134700;594473900;565106500;545154200;570622800;571558900;555900100;546120100;564500200;598129300;552771400;557149100
1973;439467800;432200400;444574000;444287600;426062400;430537800;425674900;436877400;448761500;435196600;442208300;439340700;445103300;467034900;444568300;471258700;462263400;602836100;519268100;518731400;482424800;504305600;547804300;598815600;572767200;555831700;467856100;468951000;468366400;457362900;501706600;512081900;438386900;495411900;520019500;498403300;700764300;606978500;518499700;485390600;487105700;476053500;512805500;644539700;488140600;568723800;665006300;568706400;533283500;488107900
1971;642289400;583542500;609377600;567112900;582708900;617157700;589174500;556514900;564070500;619105300;656362600;575485400;621144800;625022800;590973200;578616200;644618400;665837400;670817500;558508600;583718400;569046100;633322900;611428900;579024700;647607000;598984300;558849800;547341500;575570300;647143600;672392800;632738400;641717200;688274200;622398700;559808500;541402500;577884200;708249300;615927700;622237300;663148800;698752200;649140900;585851300;588231500;561554300;532711200;555982200
1969;386039000;369251000;361966900;353029900;356429100;357181800;356271400;378766700;375583600;357288000;357431500;372737400;348598800;361789500;369359600;369327600;365462300;395459800;373578500;415655300;418917500;373417400;367771400;359096000;368345800;370794100;365685200;376622700;387358000;364700700;358637400;351497300;369354500;373871000;367735500;410431400;352995600;355828000;354410400;355956100;376080900;368732100;363286600;366877500;371482200;355530900;354620200;372251400;370875200;366487300
1967;564226100;544950500;557965600;567755100;564859400;566227800;557407200;564400600;561865700;556136500;588084600;565432300;547193800;543140300;543863100;569103700;566983000;548587200;545447500;547462400;579424800;555017300;550770200;553380300;562047600;572485800;552892700;568549100;545907900;569607100;556889700;564717100;567922100;574231900;567531500;550183100;554705900;563953400;563166600;542854300;545413700;551898800;575814000;573761900;545196500;542716400;562127900;567528800;548869000;553364500
1965;567236700;565870700;559852400;563699200;562641800;553093500;557916800;542013200;564328800;568445200;582416700;641108700;551578300;561270300;557928500;550495800;538741200;542575200;574236100;587322100;562892500;541360100;553914000;567300500;550648100;550048000;560531600;565884900;566792500;560527100;564065200;563315600;565682600;551749700;547947300;567528600;561536300;541256900;542372700;544071400;570390900;556627500;549813300;558714900;554473100;566775700;554378400;546811600;543843800;574471500
1963;577290800;582988400;581207100;571661800;566094000;545336500;565303400;564203600;567817900;654881300;562627900;557157000;555226600;551500600;538334400;536793600;563765700;554943000;550048900;540598800;544652900;561417200;565694500;543285500;540753100;568971400;556772700;550954500;557115600;555164500;564834600;559459500;536407100;561825600;559071200;535458800;537047400;534843000;562391000;555614200;546737100;539622100;558199600;563252800;556265800;568651800;556460400;554771100;559947300;556762000
1961;322923600;305311000;352354600;295240700;304606100;305911900;299239800;298696900;320131500;303785200;307267800;298949100;307263900;304358000;301998800;296842700;289694100;288355400;302399500;305111000;307959400;303600400;295373500;290454700;294562900;309482600;294066500;307167400;308847100;299549500;295288700;306133000;301045700;290081700;290840400;299293600;304324300;304170300;302405600;294604800;294916500;312421200;287823100;290996900;305024800;316702100;299758000;296426400;304492700;302635200
1959;581492200;567333500;562841900;542116200;556596300;559920400;554589700;557034900;539965000;556299900;561912100;546067800;532801400;538888200;558227300;564327500;540659100;543521300;545781800;572083200;555578500;588822700;561186700;560942400;577702000;550872500;560337100;557027400;546635300;541079700;538816800;562278700;559751500;553801800;540221900;538142000;561988600;560069800;541194700;536138800;551462100;580585200;552511100;535736800;553914200;565138000;558430900;555444300;563258200;557729800
1957;415689000;396638300;387014900;378638700;399649000;397547600;408956200;400004700;378034500;378029100;378010600;390647800;396475100;393646000;389516200;377876300;378470600;381501300;396829900;400836500;391081000;388965600;389431000;398277700;385113600;396536500;389529700;399091000;395583500;391292300;387464300;446667900;392685800;382907400;384033300;396130100;393904900;417897700;380053700;381655800;394994800;377886100;398788000;394363900;386332100;385068200;379153400;377176000;384827500;393918800
1955;583589400;542302900;541559900;549139700;560883400;565509600;583241900;556910100;559181600;558010400;553839100;570976700;555307600;602491400;633116900;540770300;563014200;564715900;546645500;541736600;546452200;569754500;559414500;563027900;539485700;557541300;579090600;541663800;539843900;538908400;565715400;561953900;560818100;555549300;560211300;562818200;544564500;550759500;566110100;560700200;554342800;540396700;545130000;575523100;554824000;538093200;538008600;554665500;563188900;545358000
1953;495001900;469664800;487266500;491318400;490552300;498843000;556378100;487039500;491732100;478365000;486212000;490219700;484219500;528715800;552010300;472864800;497121800;492428400;483281800;470668000;470958800;479801900;512672700;485349400;475261600;472636400;470538600;491505000;491301600;475855400;470500900;481463900;493023400;492188700;479282800;487319600;492605200;486184000;501205200;499090300;472694000;492616800;491093300;484458200;471307400;473519000;474669000;496411800;494597400;480669500
1951;406959900;388125300;396521500;407603300;414574300;412727000;396671400;393229300;396014500;432849100;418589500;410528400;414296700;406606200;397781300;406686200;406205400;401673200;394325600;408172300;404247700;441352200;421796300;390378200;390400800;390462600;412024500;414283500;411247900;393690700;390050500;390004200;397360300;413588100;408330700;397008100;397557800;394168900;395351300;430659400;411762400;399459800;390878000;396063700;392410700;403137700;412101700;399889700;403116400;407950600
1949;531299400;607272600;503850300;523769900;522266700;528281100;501336300;482165400;483906700;483191800;511186400;503618000;495016400;482921300;483284400;499650700;510210900;491070600;490630600;508520800;524244200;549074600;534992600;531020100;502672500;499006600;503666100;493465700;504765200;507315800;514975900;533730700;494426800;484538100;506444000;505322700;498232700;490432900;501514200;498447900;507667400;487997000;490358800;482316000;490999100;530299700;501639500;480936500;488787600;488065300
1947;567169300;538783000;546007300;545930000;551612100;566473800;530755500;539167900;547738300;534710800;525256400;526639300;525107400;551951100;542218500;526013800;525673900;532988300;550093700;537189900;544029400;548115100;538744900;542039100;548472800;547522300;539133200;545099500;544248600;533292600;550896400;549475800;553598900;545375600;526970900;546128000;545692200;546963700;539519600;522229400;547289600;539516300;529674100;524424700;529395200;550715200;552319400;549830500;534087900;538266200
1945;373522600;347663400;344991400;360413800;389546900;349029200;361175600;348574400;359550900;344803300;333775700;348187700;349277800;349844100;347324600;337086100;335378900;334228200;334844700;340020100;358679800;434027000;424529300;364645900;342111500;346745700;347158000;357438900;357059800;387244200;339502200;345263400;343298300;342021400;359086100;358508300;353763600;359263200;394205100;358924600;346832500;354481100;353265200;355921700;339157500;357348100;354246100;347229000;349391300;396912200
1943;579392500;534886100;552337000;555825600;555673400;531769400;524484300;553402100;562490800;553734600;529322200;535694600;548703100;543777400;528725800;538499800;549837400;552451200;544397400;552437300;567230600;575948400;545953600;525583800;552742900;545365500;528165900;528211200;527110100;542113800;549319200;569917600;526995800;526362800;543437600;551813700;536559900;542327600;548767100;548778300;549321400;545361200;562117200;554157200;548029300;535232700;554454300;549372300;551124700;551410300
1941;551381500;540861800;552417500;561153800;545157800;526239600;546587800;564418300;534681700;539084000;532218000;549405300;552245700;533367500;539777900;542115400;556483500;543568400;550259800;552875500;558988500;571644400;533139500;552637800;556866100;560237200;546579900;530564400;544853000;560880500;552333600;532842900;529550700;538847600;551985500;533706000;547387900;550044900;546744900;553888600;547248700;557509600;572769400;569945000;540664500;548479300;549123000;549497600;583192900;550983300
1939;569259300;561377200;564283600;551627300;558403400;554877000;582331900;547634600;543867500;545130200;561317500;557897300;539060800;557458600;554462800;569530800;552290900;563754900;564158100;572774400;556661300;548785300;566553400;561602000;551754900;541154900;542386900;566950100;551868500;553168900;542214300;557442600;564288000;544956000;541393800;546766000;562786700;575916300;556046200;560038400;562867100;564809900;552146400;544583000;565401500;560424200;540022100;541186900;537170200;567071900
1937;552696500;529207800;517548400;531477200;563216300;527061800;525770400;520974500;530338600;534249500;537277100;541507400;556392700;558183400;547969200;548848100;539942300;539568100;560567300;535097400;518523600;549316800;538542200;533677500;521091600;516840600;527044000;544148000;527000400;526399800;519302000;534036800;539101900;523734600;527559800;522361600;540582500;553691100;536957700;535941300;539956200;548827000;533183600;519900600;538876200;540265300;533566600;521653000;521272000;531635800
1935;560829300;538561900;525233600;530625500;560201900;547861700;525730500;533929600;529621400;551725100;545692800;543449300;563973700;548295000;546352100;534396100;551706500;547969300;566891400;554217500;533813800;549442600;554056000;503314200;508720500;504139900;500526100;513537700;499222700;514575300;501224400;504149400;504091200;499451600;498279700;513453500;506587500;519399800;501892900;506007100;499556200;515324700;511885700;505308400;499774700;509874100;502338300;516049500;503105200;503419000
1933;537750600;505699800;508235500;519783300;528679200;506677900;512450000;507247700;516238800;508949800;527512700;503598700;509563100;515178200;520306300;524773400;521652100;512435600;510932600;510495700;517949300;524687800;520173200;507130500;508454600;506869200;515173700;510383400;509553700;503882400;512908000;506917400;524172500;512204500;507483000;505928700;517070600;541221500;531258800;518881600;513775700;505948500;511946200;511734200;568377100;543619800;525170200;550682400;547328100;555441400
1931;520430300;502523900;514986600;529233300;516206500;532754500;499574800;500638000;513039800;500130000;504018500;511169400;505325600;499965900;504823100;502561700;506580400;509415500;517405300;501082400;504062100;519707400;503739200;496956000;499410700;498716500;501849900;503390200;511907000;505473100;501968500;498502000;502358300;497367900;506513000;502050400;498340900;502171900;517831200;507850400;517837100;526608500;503656100;502302700;502931800;506174000;515773200;521791700;507361800;499649200
1929;523137200;508461100;520315900;514561300;525461300;507048900;512577000;506088900;518362600;510295800;509352900;509906600;505403000;505853100;517028200;508784300;512445000;510469300;513168200;511790700;518494800;534360200;511643900;509891600;513160900;534184800;537716600;519144100;506127000;508607800;508523000;513710400;510131800;513535700;506654800;512174900;507897900;523166900;524374200;509611700;507592700;518538300;511930900;518498800;511740600;509614600;506064500;526356100;517348100;514282100
1927;528379700;506418200;500699300;508161600;523624300;519259500;505654500;502224100;504366700;502012700;511102000;507363800;503891900;502603100;507227400;503018300;514216000;508690600;502647900;502940200;510386600;518348400;512676100;510424000;505734800;502178100;507921200;504232400;528940900;530251000;504845200;501549700;509751300;501337100;532892500;505189100;505731800;505504600;523934600;502111400;517472200;505119200;508827900;504253900;502498900;503504300;514697200;507024600;508046400;502689900
1925;518522100;498665600;514515800;513047800;510519100;519741600;505794400;508697400;500682600;508094800;505046400;506795800;503266200;512906400;504060200;503720100;500434800;507678500;498942600;513527400;508942900;522700300;499613700;503881300;501306200;524316600;533673600;524409100;501602900;506455900;506511700;507139300;539948600;539816600;501695500;510157900;497211700;516830700;522686300;538368500;528233600;506345700;503457800;508398900;504428000;500128200;502575400;501905800;503633000;505382000
1923;292705900;275637000;274390600;275655600;281244600;290699500;276868900;277892400;277582000;287456700;286500300;281831100;278875400;273794800;272500400;275459900;277191100;283545400;277861700;336659000;274995300;281815600;290728600;296094100;275906700;274871400;278282000;276116200;276134800;282445500;289570800;277358200;274842900;276155400;275597600;275573300;277758000;274916400;279492500;292846600;284949300;276695800;278729800;292373800;275903800;276159900;276445700;275144400;273563300;276361600
1921;431253700;423445100;416887600;410466400;405876600;415991300;399570400;402984500;422059000;416194200;402668500;396349700;399010600;399776800;437223100;416808000;405601200;406205800;401830200;397117000;402686700;401967800;424580100;399289600;402158000;400854000;399784700;402550500;399103700;399328900;407898700;402052600;400766200;399226000;399337800;400453000;402393900;406855000;407314000;425304500;404601500;401367300;399950900;398272600;405652200;407069500;428176600;432259300;413470400;403715600
1919;509268900;490832700;496057400;491478800;491175600;496538900;507694600;495682900;489985500;490220900;485852000;491647000;487599500;490756900;494114000;493434900;491837900;490425400;492763800;491413400;503540600;508157400;498126300;502388400;496327000;489537300;505696600;490597400;494595900;492183100;495346000;487573900;498520100;491297500;489159000;490011400;493632600;490994800;499258000;496009900;506365000;487070300;493785900;487284700;500477700;499961400;492034000;489158900;492295300;493124100
1917;490533500;464751600;451440200;446503800;448108900;449523000;463951400;455506100;447960100;447409500;450469400;452890100;449981900;460251500;453439500;451461700;447670200;451626000;448083000;451032900;463911900;451694100;457686800;465640900;449019600;449292300;446428900;450789300;456015900;449441800;449601500;450312300;449548400;462941200;449226400;447501500;449424900;449226400;449908900;453947400;462096400;446642600;449268600;448629300;451830100;450443000;456992500;455873200;446260200;446185600
1915;360843400;348636100;351430700;346095000;363500700;368572300;370486900;368706800;345733600;348067600;342706700;345128400;353520500;358805000;362492200;353322100;346078000;347967100;346942700;345093200;346452700;358196600;345204800;353117800;360169800;345198700;348791000;345967600;345673300;352244600;348055200;345735700;346893900;345880000;347285100;347913100;344689600;345289500;356618400;346496800;353806700;367508200;347709700;364603600;363864200;379412700;364278600;358674400;383355800;351931500
1913;506231300;493307700;494058500;502927300;498792200;586586800;492933100;509743200;491201600;503706400;496079700;494846000;491051700;495901600;494483100;501741500;587844400;497264300;491862300;495977000;521133200;503708200;498033800;502277800;506283700;495605900;494745400;498266800;533897600;617077700;593534100;495503300;495815200;497072000;497078500;496511800;494379300;499176100;501557000;493259600;501489900;508811300;492958300;491301700;497737900;495839700;495749600;491669600;495743600;493839400
1911;513706000;511898900;506317900;498859400;499544600;501312500;513238200;524548000;512524300;492127700;500494400;494371600;506244000;497378700;495710900;491598600;498639400;494891500;507146500;497230100;497401400;493918000;498046200;493393200;510938800;546088600;521901500;495037100;517554300;527551100;503914000;525001500;528732600;512896800;499176300;498178600;509200400;510642700;501220300;494697700;504624100;502992500;520360900;498002000;494923700;498548800;494246700;495383400;505250600;497427100
1909;320681900;299971900;304523200;309738500;308838900;305892700;306702000;312201800;318637200;324330300;305404700;302586300;302787500;305191100;303691000;307610500;311608600;318965700;307865100;325847600;303157000;300793500;306354800;307504300;323088600;305937800;329817300;308045500;322054500;300473700;304937200;304202500;306873300;304654300;303584700;303452200;310409500;306781600;303943700;314107600;301580600;313127400;312580000;318320900;300494300;309977700;327729100;335296900;303167200;305221900
1907;497379300;483349300;485262000;505419700;509690300;487193700;485609600;485541000;487292600;530174600;507436000;487903000;483627500;485047500;482923700;491966500;484994400;484284700;484614800;484959600;486082900;493531600;485017000;482039900;479399200;488638200;498695600;481844400;489440600;496461200;487543500;481653300;479501800;490848600;493974700;486219600;484401000;487348000;490020500;484284900;492305400;486159300;489497400;500155500;488545600;484271200;491764700;485717100;482209200;479609400
1905;510882700;490367900;502068100;501337900;494358800;494221500;496189200;519618300;497679800;527362000;534785000;493317200;496370400;507684000;498175100;493898900;490177500;487125800;496403700;489317100;499358200;492196900;492480600;489458300;495546300;489646700;502341300;509315700;493758900;487873200;491584500;504926200;500130600;499463600;494693200;488482300;492291800;491506700;493289800;488109400;490396000;487463800;491103400;493143600;514941000;490907200;491199100;490465400;493137000;504162800
1903;521197800;491355500;490309800;489923500;490836500;489549600;508420700;507117300;492499300;490993900;491703100;513991800;508055000;508345500;490906500;488512700;489957800;487211300;496307000;491631500;491277000;486587200;494412100;486448700;496674700;488712700;489942100;488132500;508177100;485593100;493398600;488418300;490390100;486390400;489284600;490913900;489068200;497577100;500820800;488850700;493484500;491812500;489429600;521354100;510574000;505628400;490924700;490716000;489948000;494508700
1901;510108400;488213800;491275700;486994800;487709700;499527000;495323300;495959800;496670300;490786700;490711300;493993400;503559500;489904000;489944100;496625000;492611800;491689900;517727900;519542100;494992700;497428200;492233400;518848800;513382900;494258100;489072600;491291100;493150900;519717500;495983800;509353600;487732500;491098500;491388800;499897900;491037500;489965300;489984900;494274900;489789000;499275800;502152600;493354400;490158700;499125300;504333400;493019700;492431200;504757100
1899;496580300;492379200;485882000;495751700;483997400;486858600;499035600;489268100;485746400;492087700;487117900;485047500;487802800;502419300;485154200;526409100;501738900;494966900;482412400;483273200;479195800;485873300;507648900;518188800;496082000;487892300;483554900;494144500;488745600;487339900;497953000;491664100;481073000;490120100;485730200;487307800;480772900;482970600;482633400;487967300;489972900;488792400;488891000;487832300;485994800;500891300;506886100;507488100;487484000;485203700
1897;338067900;329896900;325191700;344673200;339805500;328746900;328507000;325440500;325151000;324124600;327487900;321980800;333902200;326930200;336878800;323439100;320771700;320116800;324380600;337821900;322739400;332381300;322351400;326190000;323985300;322586800;322273200;327451800;329361700;329173600;334432800;343934300;330252800;327347800;326512500;320830000;325655500;322848100;326908200;325505200;327406300;396519600;338319900;337208700;327843700;328067800;324154000;329252800;347217200;323787000
1895;508053400;483784600;510612100;488064900;499815900;489866400;486410700;481488200;485126300;482538900;482206400;491230400;487272400;484869000;487694600;501916200;480421100;489071200;498996700;486943500;479845700;484587700;481665900;513109100;494711300;485077300;482715500;506806400;487524900;492659500;483035500;487214800;498723500;485604300;479873200;486971600;484411200;488053000;481651600;485154900;503838900;494573500;510511100;503798000;480316200;483066800;483833200;484034300;488049800;534788100
1893;522855200;487704300;486615600;492785200;506743800;484922000;482642900;485316900;479856100;481248500;487483500;486742200;487865500;482726400;489989600;489140000;507170000;486354000;491538600;486475600;486736600;482544600;502304000;494801400;486296400;479927500;484280500;481024100;503818200;488378400;483404300;481191700;488669100;496573500;488344400;485459100;480947500;479103600;484230600;483846800;492655300;487005200;483291000;482242100;493586100;483748400;489075300;519582800;502679200;488057300
1891;499598300;484847000;479827200;491590800;488152800;485343600;481767800;483083600;481217600;512535500;484215100;481974800;478892900;489096000;480658000;492186700;487692900;499799600;481982700;488934200;484072800;513818200;490707600;498220900;490427400;493933200;491929600;493936300;490899600;490311500;484715300;485601600;483786800;489119000;547689800;528747000;499525300;489404700;486143300;505111300;515395800;497329300;483375900;483610300;483504100;490848400;484999500;485551200;484602300;509857100
1889;382868400;377535400;374063000;363097100;357189100;360058400;358373500;362696400;358329100;359344300;368209700;360561200;360191000;360194900;358419400;362229300;359202000;362270400;370889200;377223200;367304200;361236300;357974600;357272200;359275300;364978700;362945600;367179600;361226200;361009600;356428100;356966700;364247100;357376200;356499400;371177900;379246300;355543300;361850900;357368600;359127500;359851500;359765300;369130700;358631000;361286200;358442600;358093300;358529500;357141700
1887;488746400;470055700;482514300;479688900;444465500;447007600;446365300;443648000;448303300;488791400;469546600;446886800;447932300;445383700;454671000;450276600;447857100;446577900;445333800;455955400;511183900;450348200;450448800;450399700;446800600;448902600;444011700;452086000;449492500;446671600;444957500;448176500;447548900;444958100;456034100;457700300;452544800;464142500;449491000;444571400;447777200;453931400;448288100;443876700;444890600;447211800;448465700;457278800;451514300;447166200
1885;493025700;479004500;475639000;483566600;497642200;481684000;476825600;489118100;513977600;478816900;504052400;501450300;485828600;479173300;480940900;485933200;498158400;498491400;483335700;478594000;487046700;497286700;498607600;491471000;482378500;494890500;477854200;477048600;486340700;482543500;478726500;478212200;482870600;479079800;486733300;481130500;477886900;474949500;480921500;493318200;476706600;497065400;490735900;497936600;480654200;477824400;480819400;491764400;480123500;477161300
1883;485615900;472759400;468779500;482084500;478912800;492361100;472647300;473911000;470821700;480364900;475853200;474200800;471069400;474776500;477291500;473320200;483533600;484808900;472607100;476700500;471056900;475203200;485034600;490290900;471789700;472220200;473811200;469521200;471226200;471933600;471294000;471056100;474897500;471857400;480782400;470035800;474943600;471393700;476944900;475036000;488152800;504744100;497843300;479897000;476411200;474166100;472359700;490977400;485083100;477125600
1881;315256600;300585400;300125800;301325400;305210100;310111300;304325400;319911000;301026000;297404300;299152300;304121900;300619200;297472900;300319400;307914400;299271500;303292900;301161200;300551300;301642300;302724500;300749100;305188200;313593800;309898000;297426400;304202300;304178200;300465700;300023400;301953100;298311900;301411800;302374600;314264200;303337800;313869300;307409300;298421500;302773200;307448900;318646700;321944900;303612700;310226200;297487700;303283300;301051000;298880600
1879;493378400;490115700;483236700;481667800;483667000;478760200;480834600;476286000;477364500;491375500;481574400;480464700;490712800;491174000;475090900;504417200;512251700;489328600;479757800;479881700;488603300;491811200;523351600;482222100;475681900;481646800;493730300;490713800;492641600;477738300;486228300;478598900;476830200;482823400;480408000;478374100;487451800;479401800;480295400;483133000;482566200;483317200;486625900;493710800;475115900;476604700;490104700;495964700;484193300;481444700
1877;492148500;475544300;499619900;487465200;476720200;475493100;478001800;470454900;478079100;480040400;487964700;472476400;474788500;487162700;484180800;474341500;475561600;472010000;473120100;474195100;475844900;504592300;501933100;483888400;473283300;476927000;474832500;489891200;510124300;497295900;480584700;492263100;473223500;493559300;492892800;476622600;472133700;507705700;474488900;485931100;474517500;473652500;473307000;475854000;477187500;494179800;473685500;476035600;491721800;490202400
1875;363922700;348785200;356871000;349974500;354036400;354509500;350216000;349605100;356326600;352310700;352227700;365423500;366092200;350419100;351383900;348029700;352228300;353664700;349677400;355981100;349358500;351934200;352498800;348776900;349242300;353510500;351847600;350104600;362376500;367551200;350378800;348842200;351616400;355267500;351251300;347974200;366142700;369794000;362004300;354053100;351983900;350627400;356376000;361653500;356356500;363981600;390276800;372808800;363604300;358745500
1873;495903600;528456500;500407200;469008400;466360400;466244500;477388600;466609900;476975300;467894300;467583700;464637900;471271200;480126500;470772500;468002400;465947700;465073400;468830100;471098900;467114700;476874900;477066300;473696000;466637600;465985100;462833000;467263500;471034800;467752800;473197700;480198500;465682100;463600700;471671400;468514400;466292600;464567000;470546200;465047900;475207900;465900900;469088900;468776600;467734700;465682800;475288200;486221500;485521700;466492600
1871;483257000;466582600;473815600;486802700;506043400;468126100;465916400;466844600;504818400;583658800;562514100;503694700;472789400;471149000;476512100;497475800;471675300;471057000;470146700;472543200;470647500;495619200;470446700;471872500;473465300;474222300;469248600;470263900;473067400;478730700;470985500;474345100;475913800;481283300;472553700;504628600;494571600;472454900;475860700;469641800;478715700;488050600;468908600;483518700;496233500;465286900;477954200;473970100;481183500;475058900
1869;492014700;469520000;479299500;475757300;476679300;474524100;473925100;472606600;470452500;479907700;476412400;477169500;470500700;477573700;470834700;493894400;501355700;492034300;473083700;474634800;473956100;482577500;474204500;475345400;470931000;475577500;469962000;473436200;478144000;477363000;475236700;473334900;477175000;477053700;515320600;496693300;479335200;486923000;498147400;508717000;496896200;503711300;482441400;469466600;500205400;481358000;494128300;471639600;473004300;471781400
1867;495760700;488829600;481609000;482275400;477749600;475724500;474929100;488411200;482438400;497993900;483115300;509227400;517183100;485916700;486261300;480814500;483977600;475952500;486763400;491896800;478492500;486046700;477908900;475082000;472562800;480632800;474713300;486938300;473861200;476813100;474933700;477540200;473789300;482892500;477363700;478544700;489315400;473851900;475479900;472925900;479319400;484075100;476193000;476599400;477298100;476223100;478525700;508833200;502746300;475717400
1865;485121700;470291800;482970300;485389000;468240400;470027600;473802000;470140600;476899300;473441700;470125500;469397100;473273000;521507900;476151100;471599000;476199400;471923900;469540300;470209100;473688600;497003400;483028600;473981000;464526800;486686400;469280400;490234500;490570700;470378000;470113700;472322800;470196100;476967200;473342000;471590700;468465800;476336300;484555400;465326300;480381100;473026200;473720700;483945700;482047100;465365900;490186600;501882500;478039300;504673400
1863;481611800;463114900;475519900;476012400;474221000;482874400;467286100;468907700;469201100;474725200;467354900;468906400;467242100;468161000;465316800;477928400;468063900;466399700;463972300;468686000;468997000;480818900;477844200;480369300;464776900;473554200;475006900;471711500;497012900;488305300;473004700;468974500;465163300;465940500;468221700;493597000;497434900;474360200;469249800;468845500;490032600;467533600;463941100;464958400;468307200;465612900;468737000;465664000;468367800;466087600
1861;297243700;285679200;283265600;284324400;283630900;293890700;287467900;303297200;285465400;283576500;283168300;282142900;286851200;287404800;285951000;284828800;292791300;289345300;290365300;289318700;285234900;285584500;285100000;284065000;290465000;300710300;294815800;282877100;285743100;280035300;288744100;282913700;284571600;286604100;282698300;285211500;291546500;284138700;288413500;285489100;284735300;285981400;300713900;303035700;286523000;286028100;282090600;290287700;285336600;284910800
1859;484193700;464518600;469245100;462996400;477972700;473244300;466257300;466277800;468775200;478154600;481436200;478564600;473678100;468705800;468391800;465492500;465101000;487651300;470134800;467574700;463631400;470196200;466714500;471967600;468716900;468731900;470847000;486221900;464635800;470325700;469297200;471470200;474384200;465520000;478454200;464250400;492455200;486740700;472532000;475987300;471329700;466571300;472188000;490323700;498137100;503855100;469222700;470286100;475140900;470081000
1857;475637500;456973000;455661900;465130900;459845800;467882600;457886700;459626100;457729000;457516000;454795000;472052800;475289900;456789600;457276200;455927900;454882700;452884200;468262100;465966400;457398000;456620500;456239200;459050400;457939900;460820400;457528800;456745900;459379600;475541900;452442400;464424200;456028800;454093200;454551300;460825900;458633800;460850000;457227300;457817800;458243000;453782600;456659600;452720400;482843700;488716700;478036300;476224000;455273000;454413300
1855;488076100;467486000;467867000;468223400;466966400;467627700;464054200;472369200;469770400;465233800;465350500;465686300;464734300;476996200;481660300;465434400;462331700;462459200;467920800;463519000;472603800;473853100;471584900;466666500;468974700;471259800;469051500;498153500;491407900;475306900;475248700;485997600;473999900;466636700;461374300;464856000;466523700;467869000;472181000;473124000;470552400;467831600;467867700;464034700;464284700;475146100;466012200;466505000;467972300;478340300
1853;468891400;459840900;457359600;463140900;459760600;456637700;456867000;459870000;481880900;455600200;455995900;452947600;457457000;455372100;462722800;459750600;470330400;453411000;455810400;451420300;460636300;469480100;458425800;456689100;462004900;463069100;455518700;473240600;457656300;465531100;457652200;456782800;461680900;475746300;479825100;456665500;455697500;455883000;457929000;454050700;463809200;458984500;458079000;455500000;452465700;456512100;454622700;466350700;457551400;456067900
1851;489257200;487822100;468554100;476569300;473964100;470652600;470920300;479668800;473224300;470503600;505120500;485245600;481085000;475451200;473829700;472246400;481929300;474770200;475705700;484444200;476254800;474058400;479956700;471665900;478011600;476124700;479267200;472961800;478437900;471978600;469567600;469643200;468910500;471890400;468750500;483236100;494215200;469817500;471177000;471525000;472806800;473342700;499726700;499937600;482049600;476891900;473655400;480000700;475804600;469466200
1849;443275000;426818400;432028300;443955800;438433200;433236100;430353600;428771500;433325400;429376800;428908100;439490700;432142900;432841900;429293000;433807800;430004400;430215300;439541200;436689400;440288300;446932000;430180400;431916300;430824800;445033900;431228500;431887300;428483200;432214900;429309300;432409000;434368700;431667000;431664800;429933300;432606200;431228700;440494200;449145200;431643100;428548200;424829400;432396100;433018900;439733000;455092600;446372800;439097900;431672500
1847;468052900;450612700;466005000;467656000;463898600;454668000;466499600;451998200;454505300;456674400;452151400;450923500;453533200;455100500;451900600;458355400;454162500;450985500;449080700;450776900;449116900;449825200;463460700;468845700;452180800;449404300;453150300;457426900;463793700;459662300;456657600;453361300;453979500;448953500;453896900;458869900;454845800;451302100;450794600;454248100;454616500;475226600;453495000;456327700;455994900;454021000;480363600;469268500;459697200;456279700
1845;477981200;462945800;463588300;489199700;476199500;481130300;467203500;459969200;476014200;456793500;461610000;464139200;488986700;485628700;466746800;464880900;460615300;468713600;462764300;460908100;458372700;460467400;457302900;461640300;467175500;467995100;474956300;459681300;467503400;461751000;468443800;479406200;463718500;461997600;462316400;458782600;469630800;462184300;465788200;463286000;458637500;464775600;460867800;471970500;478033000;461413600;456570800;460678200;459786500;469933200
1843;366293100;356596200;355210100;351573000;354088000;356346400;352690200;356711600;358520900;354335900;356677100;370474400;354050800;356914900;351392800;353532300;362386300;351086000;356833000;354297800;351739600;357600000;353440700;351511300;357288600;373179600;366422100;355896600;355003900;370372400;355631400;354582000;352073000;363270600;352232900;356645300;353771300;351167500;381212200;350404500;352943700;360246400;355974300;358845200;353969800;359654500;370741400;356202300;353375300;352093000
1841;476584800;459347000;453737800;455205100;457032700;453829100;467210100;463021200;464996700;455835700;456837900;457602700;461496000;470668200;472135900;451816200;452056800;482408400;459144400;464530300;453352600;454698300;452420600;455791100;451191100;458141600;462609500;457652600;454252100;451616800;459646100;468803900;460794400;455152300;464190200;455078100;453107200;454364800;459572200;460963100;484258100;477598000;460077700;453680200;456932000;463907600;456196500;452296200;455332500;468663200
1839;281245900;261941900;263767600;273380500;264495000;267573000;266406700;269171400;265407000;264458500;266739800;263591600;263817400;266225500;273164500;270711600;282465500;265056300;268279400;266814300;266045700;268927900;266510100;266399200;263133400;264492000;274298900;271776100;275291300;272015400;269410800;265839300;267714700;273659200;281223600;271478400;270213000;275262900;264702800;268934300;264733100;268073500;265724600;265637900;270926500;268598100;266246500;267835600;275019000;268671800
1837;479899100;470378600;453292000;456936100;451715400;460993500;456014300;455696600;453742800;456239000;471690500;460255300;482398100;475752300;459007500;455144200;455931700;455523900;481098100;536560400;461347000;452005100;454884500;453840300;469520700;455315000;456994300;453151400;453779800;453922400;453941500;461953800;453900800;455202100;451298100;471154700;486272200;471778300;452563400;453382900;451645600;452305500;458061500;451426700;460846300;453892100;454705100;452790600;453903000;455667900
1835;441361100;435562400;428753700;428544300;437029200;430765400;422492400;421669000;431475900;429163200;428443000;426154000;427454800;421770800;430037900;428701400;428209700;425947600;424941600;429269300;423749800;435330400;440212300;432011400;425194400;421862900;427000000;423677200;424691500;436297800;434997000;427651800;423424400;426088600;425941500;429502500;450104000;447126900;429400200;430442700;456278400;420937600;430348300;428149400;427649700;429004900;425793400;431230700;424413800;432654600
1833;462836800;445614200;443048100;445940300;454905900;449058600;482158200;487735400;451817300;444992400;448733700;450203400;455094800;466296900;450532900;447147000;445149200;452131400;446826900;458246100;446856800;446218700;445909800;447248300;450026700;458343200;458065900;448876200;449863400;446262900;453293200;448286900;458418100;478552600;469326100;449901700;447065400;449198400;444477100;472500300;469999800;458553800;461193400;460928400;448840300;444451900;462586600;481236200;449148900;447566500
1831;476164800;457097300;467925300;455462600;456481500;455469900;458693700;465788300;460622300;459565300;473881900;472633900;454268200;467524100;452394300;467725200;467598800;465656300;454991500;457322500;455987500;455909600;463379700;453315600;457785900;452773000;469801200;472866800;478215000;462195600;451699600;455742900;457002900;454459200;460480600;454560300;465123000;457271200;452594000;455707600;454793100;475906500;469365400;455698700;456959000;469928700;456297100;456628300;477384800;474240700
1829;437677200;417031100;420616700;417431000;420876400;428535300;420652200;419229500;417562900;424260600;416195900;424386000;422315500;434506300;419443100;419769700;420046900;413800100;419505500;420593100;419091700;424587600;416320200;419110700;428682400;421575600;437259000;427960200;425861400;416448400;423322300;435901300;416076800;452765200;432983500;419794800;416774300;416213000;418022200;416316200;426262800;418670400;420676700;418521200;423912700;420126900;418716200;432645900;435643100;420655400
1827;460406000;447780800;443449900;442603600;451355800;445152200;463455500;444145200;464077100;442106200;450180900;461009000;453289600;465091600;450910600;451107500;461850200;478628300;471431800;465358000;444303600;448778700;447597600;451504000;445082600;447086200;444684900;443224500;444598400;445273700;452220300;444927200;459160200;448393000;477302200;448327800;442133300;489702000;473364500;456437200;449218200;450162400;445198500;460746400;445686000;500118600;466922100;451898500;447832400;444332500
1825;455445600;442797000;427406800;429168400;459349400;428853100;431311300;440364400;434384100;431361000;429516200;432291600;426482600;435251500;455746000;476722700;493036900;428718300;438077800;449651300;457836800;455101400;445481600;431900600;432286700;433357700;441087700;458854400;433685400;429678500;429895600;433791000;435536800;430757500;441979100;434212300;434178800;441561800;431428700;429600900;429060300;438538700;430185400;430542600;429270100;433695400;441777000;427581800;454598600;454594400
1823;339025400;316065200;315385300;321347200;332943300;318460400;342877000;318670500;320758800;317310400;315875800;313138400;319080300;319154800;315131700;315797100;321913900;317481500;316015900;317096000;315781800;330842700;332883400;316905300;316884800;328219700;316054500;316092700;318149000;315647400;312848000;320271600;315820600;314562000;325402500;314794800;314242700;319374800;314260000;316284000;330059900;317948500;314718500;315800600;324996200;317969500;324707900;320957200;314831100;314785600
1821;378803000;354987200;358175700;360297100;355094400;357875800;357380700;361509000;378669300;356737700;357426000;367271200;361499200;357945300;356368600;354160600;359577900;356626300;354728500;368357100;357024200;356919700;362330000;359301400;363012600;373640600;355172200;359002800;367734900;366175700;358202000;362661800;361095700;362182100;358693500;357446300;361558700;377317900;384556500;378277100;358521800;358477100;364399600;373571300;366896200;360074900;360868400;360214500;359495500;361682500
1819;464915700;449162500;459239400;450143100;453846400;451912700;453685700;452723100;468965400;456417700;455903400;463022700;448000500;466244600;452508600;462284000;455992600;450359800;458962500;449905700;453523600;462532000;462429800;452571700;446548400;447117900;454927400;454269100;464184100;468251700;450906200;452939400;457063000;453204200;458269300;450304800;453392900;455766700;452777600;454560600;478661700;462232000;474576500;466407000;454149000;456244300;460050300;463441200;483014800;486781300
1817;477578800;440630200;442498100;444026400;449640800;449777100;443504700;439420700;444096500;446100700;441103300;450755900;449570300;446554300;457267500;440706000;439474300;446236700;441690000;441618500;442118200;439360700;444055300;445777000;446637900;443419400;473107600;443565200;441680500;450885500;438677700;449101400;453690400;442696000;442206500;447132400;445469500;441864000;450436200;444816300;438912400;448547200;444962400;438026500;450049600;439332800;443449000;442699800;443116100;451990200
1815;458394400;467215400;473824200;456394600;441587400;440130100;442208000;437767600;468712600;459464800;441394600;441461100;440503800;441168400;449470000;462726600;441676700;441638600;451939300;443248300;440676700;449306500;440397300;440441100;439691300;440931100;438035800;437383000;450774400;445623300;442932300;440830300;443173900;443360700;439606400;459049900;485046400;440882500;439639600;440556200;443644000;453843700;442543900;442109400;441093700;440101400;445725000;438926900;448070900;441102000
1813;418639100;401201500;408054300;421535700;403465900;413400200;409797600;405905800;410133700;405786700;411036000;409695700;407757100;418597700;418854000;409189200;409244600;408703700;408495900;405727000;410767200;444304500;426194800;419338500;405946800;404783200;414215700;422885900;408644700;409536000;410486300;409355100;439340100;411175900;415344000;408104300;412355600;409447600;412972600;426180500;407104300;412733800;411393400;412832900;412666500;406400400;410183900;409928300;408994400;415132800
1811;463406000;446827600;438283900;440872000;440055100;438584500;452344700;456038100;441137500;441449700;444657400;443769600;438640900;437138500;438554900;438381500;439487000;444834500;439906400;448483400;440214100;439527300;445364600;439226200;442950800;453885800;448862000;450743300;439589500;440728200;439313000;443362500;446127100;441649200;480074900;468603000;443948800;442750400;441161100;448416700;441291100;443552500;441919900;455164900;439533200;440572600;446270600;442074700;440743100;439591000
1809;466042200;450436500;450078700;455645600;449181500;451509100;450448900;449602900;448371600;450683000;473408200;459253100;449734700;453100500;450127100;449389100;447548900;449226900;451118200;446518200;449391900;449466600;449942200;460052900;452092200;452048500;447789900;454538000;464370600;457212900;449990800;450495700;446567700;448869000;446868000;449261000;484878200;475771200;458856600;447100200;448917900;448949900;455794600;457234900;459296400;454968100;462851700;446230500;448411400;480183200
1807;467465600;440177600;435878500;443516300;441631900;445782000;442040600;440198700;438899700;437595000;440708700;437237500;448644200;441057100;452511700;441443600;439377300;443467900;440409700;442899100;441822100;438561200;441119000;444609700;441839300;445805100;448673000;444109200;446511500;439183000;444150900;442550400;452111300;445650700;441576600;438437900;437614500;443678300;439267100;446712400;441118400;440352500;440135100;440019800;437765100;439657000;447578200;438608800;452024300;443687400
1805;376287900;367042500;368590000;367337600;371257400;384287800;387877700;384252800;365416200;371598500;365042600;365111700;373041800;368197100;367332500;366072100;365301600;373059900;376389200;364070600;389034600;366005400;364665000;366156300;365043400;367668000;365926800;365030000;376710600;368680500;364410500;366786000;363080800;366097500;367916900;364475300;392191100;378736900;372674100;368132100;362730500;366408900;370616500;367550400;374174500;363046200;366830800;365378200;364687500;367857300
1803;337001600;316276000;328601100;339915400;326281000;320716200;329238600;325925300;320246900;319715700;322715000;320223800;328550600;322873800;319371900;320943800;320302000;319627600;324899900;323032300;322870000;339442500;325247000;324213200;316756600;324116700;319946200;321578700;323737900;326927800;320484300;321908300;349683800;340058500;339483400;322482900;321969300;323141600;323950200;338294600;329375200;322881400;318816700;323274300;320171100;322693800;323917500;321406400;323096800;329678700
1801;449077700;433219400;433145000;434149800;430730400;432871200;439692600;447453800;434073200;432954200;436423400;431521000;432634600;439189800;454820500;433736000;431810600;433250600;435226800;434089200;440350800;433830800;431530800;432067800;439280500;447839000;441346000;433214800;430804000;433226400;434724700;433418700;430946000;443407300;432923300;433236300;433064200;431684300;436507300;432185100;440017300;432851300;439090800;446641700;435783200;430554200;435238900;435703700;452743000;461079100
1799;460249200;426595500;431325500;428160600;434526400;433236900;432073500;428051900;433646500;428734900;435736900;454907500;429221700;430667800;429427800;430352300;427188600;426073700;437482800;431894100;432809100;428993300;432684100;448557200;431743000;440450800;433879800;427707500;434431400;449773700;426738200;439740600;443195900;433522800;429544000;430549800;429988300;431606700;437523900;433176100;433693900;430269800;429158900;433424700;427718500;439039200;435636000;441275600;430159300;427118000
1797;453003600;437489900;446931000;444231300;438513000;433350000;438597400;436044000;434667000;455641200;447592700;441694800;437036200;441647600;445533700;455898800;469099400;455410800;441126700;453418900;441930600;437351700;445078200;439383500;437822800;433387800;434613800;444318200;441025300;448382600;437061400;438495400;439306600;449938700;435429600;436255600;467962500;480253800;441578900;437976900;435513200;436454400;434456700;434732700;525775000;460540100;442497700;443386100;437104600;455122900
1795;524435900;477400300;433300200;453133200;440888400;446191100;459367100;434466500;431907100;430441600;432444700;430908300;437291600;430580100;432420700;431226400;430360600;434057700;435934600;445235600;433352600;441721400;434105000;430963300;430205400;435188400;441142000;435228900;434335800;429777900;430275900;434590200;428307800;440701800;431253600;428925600;432694500;446033900;432057600;429805400;436884100;430699600;430786200;431957600;429235300;431845900;427877800;438041400;439015000;434843800
1793;444812300;432404500;435287900;437078200;440686700;473663400;465169400;442552500;431220100;432188100;433294000;444751000;436437800;436048500;430975500;434004800;433145100;441847400;434591900;434588400;435420500;429585300;434629500;447417000;443807900;434248400;431819700;435173500;429379000;437031700;433390900;439160300;431704000;438283400;433516600;430724600;435827100;432518900;442966100;431596300;438320400;444938000;436536500;434921800;429305300;431868800;431954400;434676800;429664300;432016700
1791;439141700;424002600;433401800;428898200;428956700;423058400;425433100;423917800;450378700;463506300;436887900;423506800;426739900;422296200;431405300;428041100;424974500;450966700;449262700;436033600;426735600;426891800;424337500;434451900;426422800;426257700;429688100;454100900;424009900;423728900;433640400;427650900;423040300;425008100;428267700;425272300;424732800;432506300;426809400;428283700;429962700;424988000;435579500;431527200;443254300;463775400;425060300;422343200;423309000;425060800
1789;441519000;442290300;438206800;427321300;423509600;430697500;423857700;435081400;426819500;429392600;427810200;424200500;431475800;452232800;436892600;429639200;432807700;430083600;427118500;429105300;427120400;435068500;444188400;432435100;431477800;425836600;427635400;427851800;430252900;440210300;453918100;454000400;443044200;431970400;428157700;434125300;429742500;448654900;429672600;425389000;458035200;424416500;434636700;428284000;425297200;426388000;535268500;532076100;470577800;430087100
1787;443495300;428094400;462086400;427506100;424489700;445134600;444218100;431572300;425056500;426961200;429155400;426430100;443479500;450418200;431411600;433179500;432710000;439745300;441579600;434718000;427378700;427102800;426636200;430843300;429692900;427407200;433374100;429533800;428354200;425860600;430236300;432708500;475502900;436677800;435383400;428812700;442268500;426938500;431274500;432701300;432527300;454472000;452656200;440951600;427852700;426842400;425652200;438524000;427898100;431064400
1785;433300600;420048800;421685300;427172800;442839500;424838100;423638000;421530900;421733600;421945200;425178700;429980900;424596300;426413400;424401700;423728000;423766100;436950100;442990000;434152600;429243900;426186600;445221200;423536600;418616700;451178800;426966600;425642100;423190900;424571600;463522000;435264700;426351900;422186500;423587300;429349200;437617300;447470200;438076700;425554400;441531000;425575300;429286800;437227800;419662800;432953000;451171500;442599800;430998300;420678500
1783;441734600;427643700;433409700;442684300;438066300;430158400;427848000;438321400;444168800;432877100;428783400;425357800;432317700;429600000;433707300;423929300;437582500;430525500;427149100;429950300;428941900;429518500;425947700;434313500;429045800;430966700;440857900;428313600;428837600;427901500;434389400;433969700;431976100;433992600;429477700;432292300;431405400;432318300;430263100;429701300;429365400;430723700;430305500;428365200;438423500;442674000;427421200;428212200;428869700;426918800
1781;444778600;445629000;435445900;434657500;432697400;433529400;434335300;432537500;443702700;442124900;433469600;431713600;435883700;448488800;436913900;436058800;463776000;453304100;442895000;438319800;434890700;447903500;445865000;433889100;429247500;433182900;448464700;445613100;443169400;434257900;434653400;446999500;437217900;432016200;433504300;443266800;434663900;434931500;436433900;437382000;437642700;434464300;446001100;443238000;436119100;430964400;432525400;436056500;436437500;456643700
1779;436766700;419625400;421329500;422567400;421236800;428571600;425337800;424871900;422508900;419752900;425167500;424119000;419201800;430442800;424663100;420041500;422046200;435664800;421234200;422763600;434676900;433046500;424744700;419497500;423127500;422842500;420395700;429997300;456925100;420037200;419310500;420457400;425212400;423048700;443107600;438712400;423482500;420182500;423511800;418618200;418911800;429175800;422192500;423152100;422503000;423252800;423895500;423439200;429506200;425838300
1777;439323800;425196700;429370400;438966300;423913000;485169600;433930000;427128900;428618400;428043500;428423300;428269500;432793200;453447400;449429600;437464900;427524300;426492200;421756600;434062600;426292200;432543300;441459300;428297300;426485200;425352100;431906600;427589100;428625300;426576000;427569700;425213500;423083000;431080400;425102500;427462200;425529200;427425300;427273700;457866600;455991700;428556700;429726700;425777700;428259600;425401000;423903000;423930900;424531800;423075800
1775;429686900;416332200;417890100;418278800;417327300;415692800;414770000;420236900;432207800;416402500;416030500;446632500;637614900;511032200;503267800;534181000;473205100;535371200;635686000;461032000;559902300;542032600;503748400;424397500;419318800;448763400;500003200;424872800;429202200;460152400;445111600;440170000;434994100;433852700;440256800;517000200;486770900;485171300;673780200;841798000;740386900;776924700;704517200;781332700;738873300;813380000;889796800;910874200;885295200;861828500
1773;859780100;881772700;868069000;898186600;858581400;620991700;595301000;562464700;543325900;556515900;578354500;584535900;541045300;511877900;483307100;510128700;539196300;540285400;876446600;893968800;896816600;897651600;882488800;919810400;908213400;898608400;862701700;937885000;885441100;885956600;894575200;922261600;853194300;819673700;843435500;891838000;882116500;852840900;829613600;867208900;824167400;543534600;563288500;548819400;560932900;565941600;574157100;542075200;536300500;552534500
1771;282036500;262453900;249402200;260834200;255934000;260166400;278721400;312071900;342957800;278215000;287238400;377377500;414168900;296308700;276335200;272386800;374373100;386784400;306809300;291202500;338523700;326821600;347773700;325538700;320232800;371172000;276346400;271582900;270728700;271925100;263063500;285207400;263990900;255288400;271032700;260139700;292595100;275476400;271510600;272646600;263770100;265583200;262206100;261478600;266446300;273763600;268814500;280862700;280481400;277308400
1769;565664200;505576900;504206700;524039700;540093800;507935400;547485400;541182400;503232800;482546100;488762200;489656300;524945700;505213200;504909400;528460200;464886000;463465800;469661700;476742700;446712000;449076700;471613400;478211400;509616400;471024700;499641000;491616200;466762200;486732000;461828800;445253900;456276400;449185300;524092600;509871100;513337100;512418500;559145000;545269400;519962600;564040700;483665900;522280600;466752400;427993200;450579100;482020500;515871600;565514400
1767;497978300;475398100;475250200;533756700;498549700;452670800;446981600;433840600;460766800;532964000;503118400;509141500;523785500;498234900;505295600;453225400;494590400;484055300;499037000;509121800;479330000;503963600;486410700;456713500;462647000;501007500;483076000;464549800;433968900;448242900;443667500;438347300;435215400;439293100;437487400;450176000;442501100;443451400;432954800;428089800;439295900;443624200;450927000;427260600;442876100;437066000;449686600;455869700;458852000;465669700
1765;458632000;448618700;450178800;453891800;435755300;456463800;450205100;445630200;466474700;444446300;421575000;428597300;439162600;453617700;474905800;434649200;427574700;426302100;440467100;454242900;457053000;437656600;422496200;429359900;439543500;489446300;459882900;422919300;435245300;431548700;462272700;447409000;474406700;450446000;433841900;436260800;444936500;448996500;430078200;452496600;462064200;468786500;448037700;430354200;435226600;432548200;457881800;438235400;441929600;426154200
1763;434920100;416110200;425493800;422704700;421575800;423423000;420756700;411848300;433758000;435243800;490953200;470238100;471868400;455074300;457335900;428274200;440800800;441547200;449708600;459917000;427179800;418750800;420418800;423405300;437994500;445670500;425708700;416884500;415144400;418871600;435627500;429573700;432726000;416737400;411641900;418892000;434063300;443866100;431139200;420443400;432015100;411413900;427355800;439699500;433404800;429070800;418349500;419073200;437030300;429078100
1761;450628800;461022400;492320100;461066200;445828000;451025200;438780200;428369400;438603200;447034000;446155300;463073300;421652400;421685900;444628900;426361900;431166700;426522500;426043800;423961400;439306800;442425100;437033000;429720100;443036300;433210500;446405100;442014600;437549800;447121700;445160500;431792100;434434300;438361600;439654600;441799200;448436800;439333300;431858700;428250100;458900500;447070400;450324300;428212400;424977400;423626000;424659000;446830100;430655000;427375700
1759;438948300;437631700;424994400;441600400;439057900;433572100;460512700;439386200;452732000;456369600;443352200;459092700;434528700;440648800;444809900;486746100;439635600;430493600;423767700;446669700;449123300;449129500;427625000;429542300;420821700;448243500;444018800;440887500;438222600;444974400;431984000;446459500;440042200;448274400;428377900;440381800;432379800;448025800;437989600;438236400;453688600;452485900;453066400;444090900;456384100;426764700;446168900;450748600;463231500;430472900
1757;432094300;414954600;428854200;427784500;423045400;428555200;422320600;419641800;419985400;429548200;439829600;419693300;420142000;421492200;420001800;435904100;440196300;426803900;441498000;427143200;440892600;441437800;417584200;427751700;434441100;431836200;440910100;478439800;435052800;414294200;411358900;431217800;430795300;424948600;431104500;417118400;419123800;437926800;436928700;422463300;418761100;418835800;417422700;435066200;437653100;434549600;416028900;422770500;422106500;433161300
1755;445891600;427759900;440917800;449355300;437216800;464694200;453441700;437370700;431295300;446738200;443453100;446120800;429909900;426332900;431387700;441114600;438133100;429192400;429919400;422607800;436260900;461093200;442300700;439671600;424336100;447926900;519559300;468423900;514607400;465031400;518813800;514345100;492400000;501126100;522960300;544315900;543170800;480183000;528217700;513515800;513812700;493059000;466532100;501081700;498685200;495155900;505692500;514910200;460242200;468884400
1753;514696000;463319700;475666000;487629700;441152900;477596100;491836900;474679700;491878800;423721200;449161700;467304800;401197000;410156000;402638500;398176400;396112300;414440700;398093900;407202500;406954400;390576800;389762500;390062500;409665900;406929600;421691500;395564200;394274000;393067700;407073400;405654800;401192300;396852600;396222400;394957100;399821200;406661300;398249100;405402900;396441000;398337400;392854300;407487900;421054200;424474500;417445400;409347300;405789600;410145800
1751;351147100;336801700;324985400;321791000;334057000;325182400;341624500;331947300;315510600;318257500;319466800;315923900;325544400;357035900;320584000;320943200;340940200;317276500;319893100;319432200;319303100;334349700;322918700;324527400;322207800;321333500;321976500;321791600;318266700;330252700;340725500;330563700;344807200;330458600;329256900;381017000;375765300;346760800;324588700;323435200;324050800;332102900;330848600;326140900;335488800;337318200;336404700;323606000;321370800;325004600
1749;253167000;222750500;234570600;227261500;279206300;246449900;238175700;231916900;225879100;220429300;228590200;224690300;239527700;229751700;233227800;228908200;228063300;227741900;226523900;240667600;222097600;226838200;223875900;224920900;230202000;229548600;225614700;226861900;225089100;225482400;228589000;222387300;226304900;220972900;240730000;229530000;240516800;237709400;232736100;231235300;221432400;228025700;225395600;231813300;223008300;240154500;235544800;237198600;231040800;239009100
1747;446190600;442721800;439538300;496828600;436289400;429733400;424394900;431326300;445565700;442326000;440888000;427084000;427595400;437801500;443049600;445817900;435376800;424705700;431729400;440720000;436902700;437293200;425432800;430619900;438115400;454501000;455985800;456169200;454544100;451092700;452420500;494345200;430531700;427537900;433130700;436745200;434247000;437894200;426435600;425984800;422738200;435011100;467474800;463345800;426031800;425331100;426213300;443720600;440614500;432979500
1745;436006300;403573100;408126800;430769100;422697100;414544800;411791800;409067400;411127900;420463600;421885000;440521400;420720400;415028700;417641900;425475100;428507400;424935400;416866200;415134300;413558200;422480200;421700300;407467500;410984400;405375900;408609700;420545200;418026800;420643700;421108500;401576000;411147000;415595700;417118000;410523400;414093100;404843300;406943400;432492800;422545700;422813400;425178500;441229400;419531200;424177900;423098100;421820600;438473800;432889600
1743;372379200;368092600;412488700;412425600;377512000;362156100;358578400;360209200;377186100;424376500;388121100;353289900;350301800;347166400;367046300;366384800;357095000;372240000;352689200;352640500;346105100;357467200;368578000;346862800;360326200;354857600;354264200;346487200;354083300;358884400;356868700;355402900;349928200;349817800;355131200;370575300;364038100;352788700;354540500;365737600;355755700;354450400;367367900;369042800;355390400;357755900;355261200;362664400;364290900;362889400
1741;431964800;406926700;402646500;404994400;424804300;415684700;408896300;414576300;402138800;401607100;403172000;411694900;421510900;408767900;404758200;406727400;402696300;420179000;430336400;415703100;406434600;411627500;428421700;414648700;420950500;412324100;413147200;431762200;424721000;422853000;416705100;411207900;403477400;405208300;425035200;415990200;462223300;429501100;406596800;406082700;413715100;436674800;417713100;413200200;403357400;405358300;409129300;418774800;412155000;410107900
1739;429976500;414180500;410592800;431727000;422077500;426382100;432386100;415439900;449261100;431387400;438692800;416446600;418525100;448318000;414951400;434434800;477213000;488238500;415339500;428686200;422710700;427833300;408207100;411148300;412621700;416058300;430858900;420711300;434066900;406312500;410299400;419265900;422955600;418734800;410589900;411740400;418652600;413510700;430077900;428754900;458589200;467233700;463183200;429145200;425220000;428839400;419564500;430967500;423502500;425741100
1737;447622900;434545800;415188200;405988800;418230700;414677600;419389900;419641400;408915400;410487900;415536100;418891300;420264500;415471900;417527200;423266400;408257100;419635600;422023600;416267800;407764000;413662700;407601700;423038100;420374900;422696700;430984700;420049300;416478800;416531400;417772600;416971900;409654700;439296200;432248600;423383700;405239400;406228000;406032900;404738000;415493400;414717200;417479300;404542400;405260000;404051100;409760800;420652000;410401000;405560500
1735;426356000;414845200;418897600;439995300;423069000;425373800;420560900;484660300;428070100;426060000;417422000;417671000;424183200;422354000;428488100;429282400;424661800;414463400;413565000;432136300;424603600;443406800;411048300;404676000;408678000;417512600;426682100;418218800;417310500;404945200;411600100;420641300;423803700;421266900;415741900;409361700;408398200;409823100;429443000;422718400;446582300;474434000;429371800;420677300;428444600;426147600;416212600;419196000;427259600;422899500
1733;402384100;375906600;378156000;359186700;364212300;387654800;370231700;370569900;367591400;377142200;364942400;360395900;397173900;384730800;366153600;372390600;367720000;366000000;367816200;382676400;383577000;372455300;368278900;366561300;367235800;364899600;387908600;388882900;375652300;385431000;392161600;390765200;374192800;377254400;379032900;375891600;366324700;378186000;379524500;378565000;386473700;439408500;431161900;363629300;373037400;381590600;386681500;376744600;367622900;364270900
1731;408502700;408301200;411820400;400143200;399373400;393971200;395201700;402162600;411881800;397815600;399403700;393084600;399370500;392126600;408394100;424564700;401987200;407093100;413795500;403506700;408062500;403269900;401853500;393048300;391500700;407990500;402390400;465909100;395000600;392979100;391046400;399349000;416843500;419494400;428959300;436026600;440134900;425280600;411414300;413283800;398123600;397904700;388990200;392778700;415859000;407672800;403390500;393976100;394375300;397989800
1729;442178700;430841200;440329400;411058600;419763900;420442400;424972000;422318600;430493700;413500400;411727200;423164800;422863400;423268400;407983900;408767700;406398300;417371900;421351200;420428200;419495800;424291700;406833200;414947000;418937900;440317900;407259900;408350900;403712100;409355100;424864700;423258600;412559200;435645700;418862900;422148400;420994200;420663400;414173200;418943000;429448900;418134600;429515300;527092100;475159100;407418200;416908000;424639700;419431500;409765600
1727;416197700;395013200;395315500;408924200;407904000;405382700;394269300;400306000;414714400;398954300;402536300;409900600;394370800;401013500;390059800;405724500;399836200;413015200;407778200;402631200;406607100;403426500;414120900;405467900;400548600;392288500;407407700;414829300;403158000;397583500;388915700;393516200;395673800;407249400;400491000;404967300;398482500;394410100;398212400;401934300;406230100;404199200;420933600;451365700;450973900;406068400;431298000;407684300;408477600;399432100
1725;364737700;326014400;313352600;310821100;298852500;314190800;302552800;310487700;315746800;303003400;319007700;320996700;305921000;321193800;314329800;297563000;306031500;309161400;308363500;306553500;303047900;300300100;293770300;299360900;296595500;307896900;306592700;302015300;305904700;303788800;297101100;301082500;306100500;316994300;312927800;303715700;310020400;320519400;299508700;309408100;297053800;305182500;308879100;312201200;308740900;300658400;310115800;307613900;302672200;326988300
1723;370659100;339135600;365925700;335310700;332830800;345898300;343577500;340321300;345520600;395381500;398634800;347712900;330189200;341131200;332816900;334548300;345325400;328507800;330859500;335753400;331456500;359046400;363900500;340149200;333719700;333174700;333610600;329603700;337608400;340331700;335077300;343543500;332413800;332536500;330658800;333740000;332339500;351712000;341514900;332132400;368694400;340634500;335149800;346038100;349311600;336828100;338726100;331976300;332973900;338010900
1721;418020100;463775700;400917300;400028500;394910400;400420500;409047900;416217100;436691300;395608100;397324300;396852500;412985100;407574400;402442700;398570100;397685300;399024500;411392500;404070900;397111700;403294800;399273800;399576700;400027000;404548000;414878100;422594200;415039000;407585400;406563100;411937500;415169400;410836100;399131000;405853000;409804000;406517100;409175700;401186200;400719400;396582500;417474200;410845300;410656400;409420100;414312800;395920800;409141800;412224100
1719;352369700;318307100;322000700;331659400;320726600;325493800;331025100;328986300;335514600;332773300;332347800;329623500;331824000;328076800;345375600;351216000;326470600;322522800;333273300;328249000;329767600;334471200;330503100;337031200;330172000;323512900;321903200;330490800;328888600;330140100;333971200;319566300;322671700;323968000;341016200;329254200;332753600;327352100;323637100;323858700;324402900;324013600;321416300;332955300;334062200;323528400;338014700;322198500;323259300;324379100
1717;437578700;425722500;432368000;409845500;413945100;408361800;411362400;417117800;407881400;403953300;403120400;417165300;409103600;408170400;401884600;398953000;401616300;402012200;420953100;401199700;412680500;418211300;398595300;402017200;407664800;415087500;414869400;403298900;412787800;408644900;413297700;406889900;413729800;416185300;428167000;415771100;412717100;417628600;412848500;411447600;440788800;413898000;408511200;422732700;481151000;458957000;397952100;422389700;411200500;409684000
1715;413205500;404657100;404814300;415236200;417968500;408269700;413713400;408767300;408700300;423183900;422626700;406750300;409900200;402909800;409172800;406412800;421964000;405205200;409798800;419101400;415502900;412482900;417096500;416338100;414975500;402501500;421184200;415117800;424846700;402981800;403894800;419250200;403670600;423420300;450964900;427184800;406251900;403512900;404441100;417299900;408785200;412266500;409997400;420558600;402997000;408503400;423410900;428664200;411213500;434842800
1713;448311300;397117300;391967400;400244500;399228900;408841900;399672400;408888700;404545200;408581100;461449900;414010900;405469500;420285300;428143700;408251400;394274700;390154900;390049000;402872500;402524200;398372600;401950300;392412900;389349100;397766300;403146600;391709400;388842400;390647900;386535200;388901600;397509900;402035600;424474100;409475900;402567700;402375600;401198300;401752000;403382200;392687900;411091800;396482300;395684100;413689400;451295900;462270300;391028200;398314700
1711;383318100;366540400;370866400;369810500;351745000;356367100;362963200;374131600;365816500;368614600;364543600;355449000;361096200;363903000;366993700;359860300;366207900;354824900;354004600;357682700;359866800;374778000;379044900;363590300;374571800;382147800;358055100;365967900;372966100;372962100;360340600;355754400;375319000;366017300;365448700;435033500;358531000;355254200;354727100;354237100;378745900;373463600;365547800;376091700;356857400;355041400;360291800;367881100;383521400;365167800
1709;408159300;393988300;394967900;388896000;407755300;403513600;396398000;388220400;390283600;390512900;417692900;404897000;399751700;395730900;402635100;396854200;395667500;404805400;401133600;392654600;389282200;389722300;404501500;402042000;393496000;388533000;391063700;387666800;399287800;416443600;397663000;397318100;391652700;384590300;399445700;401913600;402696400;393191300;391544500;390455400;387745400;394691800;399611400;396209400;398597500;413428200;421307100;398520900;411386500;398364600
1707;421576000;421505100;408995800;423120600;406793600;413943100;408154200;398256900;411530300;399920600;399636500;398943900;393810200;397398900;395074100;407311300;414494600;418901600;402679800;392405000;396977500;409526600;400029400;403578100;390787800;401325200;395452900;400365000;408530700;403053600;405604700;413041300;403124300;404849000;407450800;421370500;415784800;398186500;409112500;426158900;410742500;401867100;400175600;396497900;398706100;406179100;408906800;404322000;406460600;398823800
1705;410176800;393320000;413587600;391357200;400731400;416234800;390209500;403864000;414193800;401603200;401228100;389552800;396672600;393402200;408820500;404379400;393182100;398109500;406052400;404031500;406917100;401803400;405690400;406666100;408252000;415862800;402516100;403638500;394509000;392436200;396692800;404854900;408169400;407723100;401150700;403719700;392916600;390329000;407416800;408119700;408859000;401040300;397757900;406274400;392533800;405956300;402133500;398998700;405477500;406061900
1703;417131700;392097600;389394800;392486300;384678300;400859700;393495100;386380700;398548300;452448100;456676600;383956500;408894200;384252300;401993200;392409600;383838800;380222100;378138800;392228500;410087300;393970200;382444600;383290000;383513200;385603200;386922700;388268700;392909300;380254100;389616500;395530900;393050200;396655700;391822900;386933200;397328700;389224400;389302600;403969000;391374400;387456700;382044500;406015600;401003900;398396500;417663500;382205800;381072200;382113700
1701;410925600;414048900;395926100;402320300;389826800;385667900;392341100;406025300;413422000;397219000;390491100;396518300;398331100;408247800;421893200;415520900;402856100;396308000;413864600;423497900;411561900;399579900;398140700;407951800;404116600;416528600;408417300;400122100;403390700;390673300;406795900;396849700;402366100;402168500;391481800;391261900;387447600;403572700;417802500;396626900;398944200;388138100;392562100;391565900;403903400;399367500;398296200;393878600;394849900;391138600
1699;417947500;393711200;396350700;407006800;410830900;444780200;395952100;423452000;424729400;414058300;405853500;416189300;395313500;412670600;463882800;457048100;390063800;404525000;403294300;393914300;396305600;390437500;393271100;386264800;403393000;403363100;417329200;394559100;384879000;391740300;402795200;416940300;396147300;396311300;388363900;390707500;393396900;400734200;394349200;400704000;407312300;409574600;405586400;397768600;406268800;422735100;390930700;400402000;434067200;421564400
1697;350115700;311349700;307533300;313493400;309322800;312624000;327551700;325294400;315061200;318741500;313491600;310936000;312407500;319491600;342968700;326988500;321749300;317028500;323462600;312541200;315660800;322546500;319982600;324630100;317974400;321663000;315923000;312789800;317851300;310794600;324977100;327561900;325591400;327342000;317025100;326695900;315666700;324461000;320367000;320628600;318241600;313544600;315215300;322743400;322983400;322115500;328534900;308304600;315834000;309305900
1695;401669700;399129200;423767900;392304100;393309800;391582900;387189100;389442800;402275300;390348000;392579200;386966900;396368800;387392800;389923600;406491100;392345500;405681000;402146500;406171500;411461700;418884500;399033100;395529900;388547700;399863600;393761500;399239100;393735800;412355000;444187800;459889100;516030200;487546200;489950000;481459700;487243800;411927900;421365300;406498300;416620000;432586300;486901700;512926800;499180300;453622500;440454100;397377600;449047600;462016200
1693;492098300;454797900;467377500;438165000;475756500;428907300;401884600;421175000;415775500;424183100;454775500;446644700;464435400;476049400;448224200;428019100;415756300;471489400;469512000;427864600;421616300;437121600;457501500;454677500;460937400;455526800;463934100;458514900;468843600;481173300;460323500;427803700;436900400;502372800;499051700;489330500;452970200;483731500;483639500;436284500;445159400;454657800;445035300;411228800;394934700;398693900;393945900;396104100;411900500;396340600
1691;416086500;387178600;384996600;381864400;395337000;390072800;386720100;388228800;396444500;388954500;379707100;409769900;403845400;397244800;394660700;393788100;404763700;415958700;396329500;389235900;402737800;404655200;407461200;401190100;413553000;461278900;458478000;387958900;400477500;401292200;399040500;394501100;388118500;388436400;388611200;405959100;408038700;398176400;401212600;387539200;381524800;395365000;407407900;389602800;396300200;381737700;387860400;387589000;407338800;400847400
1689;401278800;393961000;399118200;397848300;402228500;398633000;390092500;395245000;400452200;398815800;386338100;433823500;384817600;377243400;381109200;378840400;400756000;389177800;400527500;383364800;384021400;377547100;384064600;394559600;402085200;386994400;385880000;381001600;375745500;388503500;390489800;388108400;380296400;384854600;381896600;385308400;396029600;390716700;397836900;392063100;394894400;383105300;403440300;412420000;390077000;389075400;377595700;393472000;399900600;402341600
1687;368854600;344049900;350814200;351221100;358941600;371615000;365184700;357109200;352450300;362917700;359263400;366299500;404775000;423783700;385422300;359674800;363100800;353679800;369715500;366473800;359806800;369301200;376621000;358928500;375742900;361269600;362304200;350794800;360914100;355988300;365741900;364486900;388781800;363324300;362610000;362165100;349134300;378418300;364637900;368852500;367839200;354883400;351461200;351594500;353852200;361609600;358951400;361303600;355612300;346051900
1685;400622100;395792900;397494500;390709300;390540600;386001800;384404300;379527500;389446600;391990100;395175000;402190700;401678400;395931400;397625100;399336300;404205900;383312100;389940400;401534100;406302200;384475900;393931300;390815600;387978700;386399000;384788900;403457800;404183600;410440900;377576400;378584400;382146500;391063400;400163600;390261500;386026100;386142100;384126700;396778300;394506700;393384200;396082000;381980300;378606600;373208800;385837300;400768700;390609100;378306500
1683;272284200;279808900;266534600;263260200;292793500;274481700;262927600;264236300;276597200;260370000;261517000;289074200;271909300;261888000;269141900;267596400;264135500;259054400;263166800;255241100;263166400;259804000;269530500;270106200;267877000;264463100;275880200;263843100;270906300;258954700;257667000;262321000;271969300;281000000;260941700;289779100;256541900;271785500;257197800;273158200;257130400;278198100;264976100;270002100;269880700;277077500;270190800;280318200;277338100;277667800
1681;423118800;398367500;404334800;402042800;397957900;392211300;411283800;415395500;396665300;388520100;393979100;422944600;406803800;398326800;394414500;395292900;405643600;389663800;411836100;399167400;408669100;394485900;392359000;392474400;399412700;398510800;400451800;391410200;391117000;384708000;392234000;409259400;421189600;410059600;456459800;406649300;422941200;416546100;397583400;400764100;390749700;408260100;400697900;436595400;427268200;390732300;387738400;386807300;404228800;406575700
1679;335102400;388642400;363664200;320431600;316672600;341532100;327584600;327738800;399975200;318444800;316917000;319951100;316436000;337365700;327991000;322359800;324803900;315157900;322981800;315362100;320248000;331418300;324260300;334621900;337424300;324543000;332839800;316796800;325445400;338276600;315916900;330879700;318338100;314932100;341219500;381583900;318925600;385077800;325343900;331501600;317697200;311386900;319770800;404700000;325879600;326264400;316307300;314968100;313972100;315161300
1677;404816600;404918200;375814800;388210300;379769800;376456900;372548200;398461500;395188600;382671700;383122200;378672600;383951600;380110400;398919800;384821100;393364000;392278200;400439000;385549600;399435200;389052900;388478500;386100300;371726500;387340300;382470700;398515700;372079200;385390900;379522100;382456100;404359900;386801300;396086000;379243900;379837100;377175300;390569500;390244300;387453600;388975200;379668000;383296500;382512800;404054800;385614100;390518800;380970300;392360200
1675;365612100;372690900;355677800;371773900;353050500;355302500;363457600;362403500;351015000;360511300;366794600;421608800;415586500;364700100;350875900;369346400;356984700;359039300;352155200;354730700;363561600;351382300;358378600;354202900;360583400;354516700;344031400;357029200;353857100;356009600;361851700;361925600;353184500;348841900;352906400;346573500;362177000;365880300;350481500;364331800;373086300;355198700;368062400;356086500;353961400;356201700;352587200;348210800;355988300;369492400
1673;394897700;433245000;373724700;375972900;374476100;374947400;388177100;393466800;387542100;389172800;371760500;374635900;385037600;395095900;376457200;374953400;377898300;376675700;372193100;389143400;379016700;377452700;374442500;372667500;376263300;375481200;381628000;393384100;400229900;380745700;395060600;378817700;390139700;387026100;387768000;383115300;375098700;387377500;393716100;387538700;373639200;374283600;376841900;373315800;373518700;394222100;380855500;387486600;381828500;380427500
1671;278427100;262438000;264714200;275230200;284232100;264845400;261945000;262795900;258463300;259847500;256370800;261162000;261102000;272922900;259866700;273607500;266764400;276957800;271244100;286826300;275925200;272557200;265087500;262187500;265721500;257291200;274272600;268598400;279880100;259921100;268598300;264787900;303926400;297140600;322952000;264573300;264883000;280967800;276216100;276376100;272285600;278481200;261075300;259240900;259801200;255221200;266474900;264009900;268865500;267206800
1669;400577300;380406000;383190100;373886400;379017800;388936200;401853900;380183400;375308100;384204100;377733800;377460800;386021300;391156000;385665600;407308200;385701800;381714500;388659300;391816000;388059900;374601800;397969500;385877500;392937800;451969600;368732800;376118300;376180300;380284200;389478300;396862800;389230100;373542200;373580500;374162700;386996800;433567100;389865300;373723900;379436900;373380300;375784000;382903700;388153500;398909300;374204800;371039100;373971100;377378400
1667;408783000;384595100;380197500;378417600;396225700;384903500;381769600;393267000;379643400;376794500;374173800;382544600;389225000;392409600;394498300;372819600;372895900;376427500;391640800;381920300;391898800;385332100;374790800;368906800;375746900;385249800;404017900;379821700;378369200;382379600;380438100;376994900;387343700;398252700;397325000;384902000;374482600;381294300;384249000;393248600;393111000;381805600;396513400;390064300;407275700;390768800;389890600;383556900;377349700;370432900
1665;393726900;396795500;410008100;394641400;371233400;386248000;377055400;407190000;390379600;381625300;377003600;374863000;374354700;374115900;383694800;391372700;383274300;368900400;378735600;374715100;393280300;378644200;397386200;419405600;371842500;373577600;371514000;392139200;382115500;394908300;373582600;377886400;390276600;384675700;376300200;371101800;376500800;373902300;371626800;386162800;387685600;399039200;388165600;370402900;381400600;386525900;406949600;387184600;382825400;378944800
1663;385904900;372008400;388369900;388110700;376266300;376919200;371375300;379189000;377034000;405123300;392024700;390911000;392800100;405366600;386843100;373971300;387803100;385407800;380111200;373795600;393042100;382815400;384047300;375354600;375923200;376815900;379083600;375780400;385022600;377129000;393689200;387294300;372141600;372560800;393717300;390711700;372533600;381619500;374661500;372097700;366990800;401727900;398694000;392662700;395516300;384480600;396958800;374144200;396794600;382998600
1661;392964800;387814700;391759400;383843200;392872400;383134100;385533700;376473000;368009300;391728700;389260600;392126200;373062600;376150300;375134000;376911700;386223300;384071500;387398400;379268900;387629700;372215800;380580700;390668200;400619100;377841100;372152900;375791900;379002700;380799200;384898400;395928600;397715100;388166700;376850700;390992900;398616200;391489400;390782900;390465700;398747600;385191800;386832400;391527100;432997200;458202900;376646300;387604200;391146400;383963900
1659;407513800;379386300;377761700;369799600;385288300;389200300;380040000;373409800;384030200;391201100;376908200;385935800;383610000;394880600;374163800;379004600;374341200;387241900;388199000;394578900;381528500;395625700;385081900;398232000;389721000;384703700;385044100;384015700;389995700;381669100;388831100;393928100;375713500;370620400;378806600;379938100;384883700;385157800;384637600;391646900;372252000;378211300;374581600;389004300;394677700;388251800;371928600;382523800;391990400;387173100
1657;401226000;373696100;394046800;397852300;394571500;426669000;392765900;386933300;388277600;384563500;378762700;390031700;396457300;386685400;386755500;383979700;372326100;396930000;390700000;377006200;386667600;376112100;374190800;367198900;379118200;392768900;387518200;377121300;374043300;375010000;369031000;376444300;392414700;383544400;374792700;374623100;376867600;386509600;390075200;384153200;375630900;396288500;385586200;387701100;380574500;382828700;389181300;388134800;366757900;375672900
1655;396713800;384882000;378343300;443557300;423578000;378215600;406006200;373276700;373211400;379549100;365680900;372156800;365474400;376826100;383475700;378565200;365772100;369510100;371212300;373688300;376361500;385677900;379425900;371136600;366266100;378363400;380681000;385755700;376134100;376484200;393977100;374355300;375419500;378265200;382593900;379226400;383833200;369982600;377885700;383674500;378736000;387233200;379016100;384789000;374609300;375963200;388834100;385300700;382215400;371045100
1653;343982500;331090300;320514600;341568800;333913900;326342300;327896800;327242800;324371000;324622200;328173300;336769300;340739300;330520400;328776500;338174900;323152500;317262100;334608400;341835000;326529800;335593800;342420700;333861400;340309300;338562200;343646300;342029600;336473700;327213300;325209000;332401700;341149200;337591900;349647600;369012000;323389200;325865500;322937300;323152900;343449700;332339400;328164900;327968800;325870300;324602200;325213700;325787800;340454400;340226500
1651;397057000;371977900;383481900;376866200;394146500;380291600;386211400;388147300;387483700;384521300;379727800;380816400;381714100;384720300;371210600;385191600;398333100;384681500;378050700;432667900;447944200;383443800;393998700;379231500;396691500;402460500;371591200;368297500;370912800;385979700;381837200;395946400;374869400;374175500;372199000;370940600;377875900;387095900;385552000;377833600;364482000;369300700;371353900;392330100;370713900;379784200;397967000;384435600;378094000;377035900
1649;396881900;373917300;373148500;361722700;384608600;381079300;375221800;379798400;396691300;374683300;369533400;362524400;387267100;396032700;379234600;361274100;364917000;362288100;364070700;368146900;384731800;382852200;365326800;365082600;367765900;365822500;379253600;383379400;371997000;362628100;361553100;361896100;362404300;399885900;372372100;364673300;373431900;376169100;362224300;377345200;377215900;371354000;361809300;380443700;376005700;367962900;365245400;384545900;414039400;407471000
1647;382248400;367392300;412128700;375977300;385257200;367864700;367180700;368634200;371673900;376546100;378101100;376866500;368104500;362436300;370434500;378182700;383053500;376215300;382141200;370240700;366714700;370090600;396722600;383430100;377383300;374391300;390208100;380373600;392717000;386337800;378888100;382546400;387089400;382002100;371119400;385400600;391745900;378160600;365535800;383522500;379203200;389626100;400754300;393792700;380874500;366103100;374360300;373516700;381175900;389192200
1645;392571000;362209200;365588300;372883200;375518900;380066400;371809600;384854300;379209400;369387600;412183900;395332000;376668200;368303400;379085300;390744900;374137600;365841000;391638300;420528300;443698900;380769000;365486600;379104700;374511000;389364700;365609100;364924100;367642000;367652700;379636000;387695400;373986700;371905500;363113300;370392300;371681100;394379300;377532400;387721000;375863400;371366200;372859200;379202000;395198000;377785600;383710700;394870100;406173800;390369200
1643;403036200;394601800;370219600;374734300;383069800;375766100;366223400;437548100;366356900;366381300;361889700;367368200;387697100;371100800;363506900;376837300;357901000;366716000;360153500;383731100;411976800;379625200;360506300;364644400;366150200;362661600;367428600;379931200;365326300;361225800;357727600;369633600;361337700;367003400;375228700;372187100;365709900;371370600;376571500;378013300;394666200;370359300;372233100;358222400;376777100;373878300;373986200;383984400;367128700;354495100
1641;376572400;361384300;369297500;376550300;368334800;368741700;360917000;361573700;361932700;379869600;391360800;374330100;363449900;360574600;359005000;362669300;375478300;376626200;364649100;373183200;400421200;373380200;365248000;368523300;388950400;374262000;357554900;366094400;378627500;382816900;368559600;433167000;446452600;368086500;360899700;374928300;377767800;374769900;368686800;359942700;359530500;365370300;382379500;368143900;368642400;362605400;359246400;357715300;368014700;390277400
1639;375835600;368162400;357933900;358123800;354331400;365603700;377979100;367520400;363326900;384788500;370159200;372502000;403241300;373405600;376505400;375043200;354851900;368183200;382618200;383717300;361706600;411216000;421791700;382760100;358819000;371887400;372887800;379540000;360207800;364342400;365039200;364086300;376009300;378173100;368023200;368410900;359893700;361978100;365244200;392187500;367432900;375077700;362342300;366028900;353826800;366612600;379408700;363317100;365481400;364422400
1637;405173400;357391100;378678600;387325000;362733500;371331700;361730800;381204400;387152100;368628900;434993800;361512800;358867700;357345000;360442400;379268200;377117900;369586900;366312200;363375800;358949500;352334000;376659500;373830700;371411100;360161500;367237300;365017400;367877300;378824900;373695100;365751200;375032300;373590400;395519500;368328100;361378000;373034800;367225200;374313600;379247300;363779500;377031200;380335400;356771700;371505400;358240100;374542600;374507500;375458500
1635;391598500;360829200;354910000;360160400;356433000;380164400;365866200;371675000;374807000;362114300;366969300;370542500;376733000;371873000;358486000;365446200;360895100;358371600;368391700;373402100;364060600;361177700;378913900;374583100;365684100;361686100;376976000;362967800;367185900;362669100;380616400;370858200;365400500;375720300;366216000;363317300;362861800;360680000;373792800;377645300;354982000;418891700;357922900;355163600;353320000;365517200;370631300;360097600;363688400;363785000
1633;318099000;301693200;305255400;312769800;321626900;309609800;308019400;318641400;307524200;302410100;300287700;313071100;311550600;323188100;306984500;317774100;326336600;304634700;327571600;315001000;315229200;311952300;307144500;306985800;312032600;312444700;325083500;325070800;320130500;304350000;301983800;307681000;310809700;301532200;314558800;315605800;307546200;320742000;304243600;306650300;308992700;298545300;317136500;313247000;311891800;318438700;300344700;320937200;310179000;298412200
1631;375501600;366711300;365059300;367969300;352677800;354079300;355739400;366241200;365734200;363255100;366865700;371406100;370754500;361116100;363300700;371008300;371925700;374511700;355633300;365715000;376171900;356109600;378101000;353881500;349468600;360092900;358690100;374699800;365253800;365287400;366845500;358099100;351311400;356297300;366882100;368488400;362902200;371313900;359189800;357381100;354269900;370765700;362816400;358458900;372978200;370730400;368009100;359595100;364243600;368570600
1629;380765300;375467700;378538700;374899300;360266400;377362400;380723100;378029600;361891200;360115300;374448000;375182800;364074400;372830700;359846900;363694800;360029000;363150100;378870100;371152900;363437900;379789800;372796300;363398700;368779600;383852400;376439100;377234300;361099500;360825700;359351200;364687700;381132100;368724700;377941200;370936200;370240800;373714900;374915100;366986700;370757900;374252400;369827400;372549000;374316600;371653800;361262800;370752800;362833200;359427500
1627;372354700;375185900;379210900;363538600;365576500;360146000;362396900;364192100;374514400;378557600;365845400;362367500;362286100;357729800;361680000;379426000;376704600;380351100;361388300;378193200;359775300;362262600;383684700;362780300;367833700;382634900;372443900;364712400;373606200;381870700;371514700;368721800;362042200;371651400;375972800;360755000;379350500;361956700;358378300;351392900;360527800;377025800;363830100;360229100;363131500;356005100;352194200;359384800;376950600;362229200
1625;319224900;317455500;303837300;305242200;302579800;307263800;325762500;319475500;317427200;313180300;318058300;312536300;316966700;309730200;315834500;323230900;321011900;317358400;312999300;313267200;317839300;304918200;326108400;325386600;305080300;320164500;322725400;303110700;322613400;318498400;316384000;314044100;317032800;306295700;304392000;302767600;304415000;316585300;317582700;315326000;314405500;307521900;308891800;300430200;307484900;320051700;326519900;319303900;307387300;306247100
1623;241585200;230555700;223655500;230758800;224388700;245276200;232223100;240023500;226570000;236714000;235229900;233860100;235095700;238276100;238562800;233066300;246817200;243211900;234520900;230873600;232366100;227977500;240146500;236203400;234175900;227099200;237148400;227605300;247790200;236414800;234288800;228498800;231692700;225133400;222615400;241196000;244851500;254021900;225843600;245046900;225908500;227251000;221998200;227523500;226538200;226665000;238098900;241049800;246035500;227000500
1621;390525600;364152200;357826400;354972100;365366400;383101600;382550200;359345300;357135300;369771900;366127300;355962300;376046800;368313300;364605200;373065400;375662100;375727300;368501600;372366000;373577700;374412300;357353500;381555100;375430300;370984900;391738900;379211500;362467100;363465600;356067100;367198700;376304500;373383300;356571700;357823500;358865400;359258200;370698400;369132700;365192500;355884400;358008300;360003900;355055400;374883900;396187600;363047800;365139700;354430200
1619;364506800;347767500;365417800;366054900;362985200;364179700;358389800;358369600;369355000;377753500;352272900;354461700;357700900;352124200;361191000;365329400;376642900;354108600;365871700;399853100;351373500;346757900;373501400;358736800;352824200;357976200;345381800;347987700;345436700;355125600;364996600;347391200;359036800;350786300;346932400;349462100;364143300;364664000;350056700;359178100;348557800;346634100;349770500;354374500;361839000;353004100;366753300;358804100;362675900;362599100
1617;383512700;382623800;370784600;365736300;355933100;368306000;383627100;368106400;374172200;360150400;353761700;358131800;356959800;370664500;363597600;373030500;370929500;353860800;359372200;358590500;359107800;367553100;372489800;373780500;362139200;361828400;368861400;373423800;383951000;362952200;370742400;377861500;376079600;414079000;426968200;367898900;364100200;356395200;379538900;379820300;367967300;372958900;382164700;374123500;357862400;356680900;398094400;366923000;368898400;411435900
1615;296277100;267211100;261559200;270644700;269916300;289602500;272136100;280214600;273088600;267505000;267166300;266699300;266735200;264854800;286749100;271770000;300175900;267552800;276823100;267721000;271743000;266117200;269687300;267295000;280402100;292913600;275255500;283560100;274408600;276986700;279451900;326286500;309596400;314440000;276592000;282936300;284488200;279948900;269238300;288923100;270351000;290597600;276902300;286448200;271507300;270266700;270314200;265990400;273271600;281354200
1613;373860000;368762600;345037800;350663800;347458700;349482900;372145000;358205100;364602600;355251100;345927300;346213900;349515200;354376100;357073800;358426700;350445300;346627600;349832100;346085500;345458300;367425300;362303200;352324700;370243200;388998300;376732300;415405100;418496200;359763300;355165600;347342600;366343000;357593800;356928800;355252100;416580700;423913400;360905400;345939300;363327600;365654400;347368500;350602600;348402500;348274600;346517300;373419300;364061500;353957900
1611;380948800;371810900;350373400;353489300;355358700;367852200;364208500;366266200;355791500;359641600;357439600;352645200;364481500;371747400;357635000;361129400;381186600;351775400;407708300;357259100;355817100;355905600;347034500;373153900;361501300;351491300;415669600;365126800;352269300;347791200;350842800;357830800;369572300;356882700;368134700;363463100;360757300;366321700;357979000;373690900;348273400;363305100;362667700;344627600;345343100;351853200;362620100;354084700;361512900;345611600
1609;355448400;340215300;345704100;353797300;351891500;358009100;359098500;362195500;353696000;357060200;363913900;344863500;355327900;347770200;338580800;361288100;356031800;339958900;351719200;347928700;340836100;341814400;343714400;357019800;348232300;356752800;350300500;354375900;343952300;342608400;346758800;359336900;350592100;360727400;344673800;343861900;348654200;341341000;354012400;353742900;351943800;347773300;360098100;355443900;400489400;349913800;358897800;359115800;353880400;369568900
1607;207444300;200543400;186116300;208995900;203370900;204459800;193258000;200919300;199519900;200182000;191777100;191730600;193448600;208028100;200057500;195287600;199064400;209530300;215673300;229634700;197324000;195754500;193398100;195049100;189701500;197034600;191963700;194261100;212622800;194788500;197773900;192140400;193124000;196497100;188759400;188939900;197103800;202774400;194069700;192109900;194550800;213413500;206111200;203084700;199337000;195331100;194215100;193334200;194686300;195079500
1605;293921000;274306600;288274600;284151400;284681400;280983800;284468400;299704900;276247000;296656300;331136600;359932100;293024300;277070400;295129400;283573900;292179300;280897200;278845500;297641300;282273500;292173600;280153900;285431100;274974000;276524300;287433700;294514600;301123800;280770200;289600700;275442400;278310100;275849300;276616900;281331400;292505900;285097800;280707300;283094300;282562900;272578100;280437900;273796500;278976200;292145600;279525700;289575000;290311800;286345900
1603;370268300;344122700;350085100;361613800;357563900;356170900;358427600;355522400;358414100;366467300;357939500;356076300;359170200;350954900;356249700;372559800;354674900;365002500;372524200;403840100;418255000;352554900;342816700;358271600;364419400;360665900;344623100;353209900;347994000;343007400;359539900;364281200;356250600;355706000;354645300;345759000;347800400;360055100;372268000;359907500;355067400;351205600;351013700;344039200;347086600;371852400;358700600;350051700;363377200;364221900
1601;355228000;353619000;370552300;358161700;348262600;353442900;354798100;359914600;373608300;355993700;365985600;364032900;355787400;345730500;344639900;352063400;364631800;362162600;343281800;350473400;348492200;345242700;349974300;355169100;351171900;357799400;353395300;361172500;367384700;373883500;358466000;349553400;343768500;341756100;349761500;340029200;344348800;348215000;344108700;346648200;347715800;361965400;347149700;369434700;366513400;354977500;355703800;350563300;349252400;369426100
1599;378658700;369825700;366435100;363151600;365703700;345768100;347454600;370767200;353265700;355932300;358168100;346389700;351057300;345877100;363215300;374816700;353294600;350633600;354402400;359689000;341134100;357243700;353659100;348640700;351285400;345431900;347207100;345401200;354489400;359423500;357118100;358284900;361945400;364201900;363163000;366196800;369685700;358249500;365037900;352219200;370329900;346820800;355342300;365632500;345054300;346711700;345130300;340988600;345223700;366941200
1597;315642300;305854900;309238600;294094900;302107300;302713000;300310200;311142000;306220600;327080900;325892500;300080400;315281700;303274300;304233100;313102100;311979400;305458400;314383900;300209800;306490000;328760700;358897400;357908000;339615300;302428600;303717100;298390100;320170600;321194200;316352600;323804100;316156400;307544500;311391200;305635300;299190900;309453300;313093600;310951600;312143500;304412000;297626400;297419300;297931700;301854200;298557600;318978700;314563100;308016300
1595;362713700;345564500;341248700;343049000;346758500;354461000;355899800;349449800;336484200;348274900;343049700;339950300;365109500;352069600;361085000;356315900;353141500;367648700;393350300;414328100;353913500;363385600;339994600;348457000;362681700;349657900;352338700;353873300;348315000;337023500;341439700;359686000;355641000;356184100;395172300;370037800;344869900;343505100;340344000;361641300;360109900;362082400;350671400;340610600;346789300;347552300;345248500;351427300;358047400;357930500
1593;354412600;346751800;347159700;343833600;364608600;365761600;352767500;357767700;358534200;354754100;354478800;376917000;357775800;359056900;341058400;355493000;369942000;352087900;362829600;379738400;394549400;405649600;341957800;362262900;368337000;347027200;363825300;343896900;341670200;345397100;349690300;362574200;366551300;360753500;355239100;346197500;348767300;346450300;363458900;357549900;354106400;348466400;343553900;349200200;349199900;361473900;358426300;356798000;357828700;351246400
1591;148409300;127916300;138498000;127334300;135075800;123764700;125368600;126942700;124743300;132797200;125044500;127773700;127125900;125561500;123218200;125255500;128393400;122399700;121145100;126842900;135464100;131460200;137862800;137687300;131847800;123438300;121577300;135827500;150780800;144089900;125621900;127035500;126362100;121326400;121040800;128455000;130482000;121966200;120936400;126711000;121688300;127927900;128697600;135856400;131527400;130836100;131382900;120939600;125195100;131789900
1589;361979500;347456000;347608900;344859800;362576400;363921700;350912300;358974700;346809500;341699600;347532500;356422700;358330500;368472200;357075300;347925300;344913000;350945100;347274100;361124100;367663600;350183900;359083600;357505400;354204000;371092400;350045700;358612200;361072200;354789800;338268300;368648700;363359000;359296200;356220700;342075300;341339700;341828900;356511900;354224800;353156200;354200100;345572000;347464000;346446600;345229400;363661100;356050300;357470700;351407800
1587;354762700;339844800;345361300;350261900;365066700;352884200;354895400;344626600;352317000;349210500;339848500;348207800;361909400;348423200;341430100;353285000;365532100;348572800;354298800;365037300;396719400;395773000;344198200;360921600;370649300;342379300;356481500;345708300;340410200;340475300;343914100;349043600;349009200;345590800;344990400;338538500;344946800;344885900;350762900;361591800;354404600;353162600;345787200;342830400;346247800;357820300;357908400;354648800;360966300;359828400
1585;408888100;348440300;338870800;346672300;348551300;340616100;340437800;345675700;337743600;339046900;360320500;357366100;332375300;337789700;336773500;345775200;355706000;354428800;344188400;356253000;332304300;330997100;340067100;342291200;345136600;339642600;345070800;336897000;334569400;339144700;334447400;340770900;348976100;341321800;341998500;336430200;346547800;332925800;342908700;347069900;341377500;349760800;348902200;371746400;340715200;335970300;352527700;351389300;343045700;344656800
1583;219756700;215402700;213598600;215159800;218335100;211454300;237949400;206903500;211451300;204437400;206819700;211026300;204600100;215309700;217211800;219298100;218734000;209106200;213091900;208830300;213157000;210336600;205165300;214553500;203325700;212751100;213147500;231787700;222024200;212875300;223898400;217165600;225469400;208938900;215828600;209382000;205233100;208936900;209366600;209204900;214513500;223664500;209657900;221962100;224614100;220620600;246587200;228343500;223499000;212236100
1581;355273600;344454500;334235300;347630600;339222100;340620500;347620500;350138600;347211300;351801700;345832200;339795300;335525800;354803300;345659700;336833000;365294700;353396400;333394300;339450300;336593200;348203100;339935400;339386400;336589400;336213600;337728400;334702900;334575300;356815400;349840800;337233600;333489400;335451000;337365200;335378900;344832100;346223500;363569100;342319600;351548900;347777800;353372500;362949600;344468200;343737400;346009800;338044800;349255200;343924700
1579;363132900;355264600;388118900;393534400;397335500;335382100;355600600;354695600;352557100;364804000;345650100;336931400;345165800;342556900;355374800;350712500;347710000;346336700;340939500;336964400;343512700;347726800;350523600;344587300;351913900;337403300;348227600;340942200;347193400;372166100;351778600;338124400;372898700;360706400;344725800;415192200;370336900;345466900;344371200;344127500;346294700;355618000;348018800;348774900;350441700;338723700;343120400;344194600;343319400;359246200
1577;366710400;345533000;326964700;335738300;330586700;330882400;353708900;355164300;331421800;350757700;333685500;332210800;334674900;339039200;346145900;346905800;334702600;338526500;333589400;336802600;347944000;342558100;348231300;340470800;349941200;354212500;352949600;335226700;347273400;355757200;334746200;349865400;332918400;329610200;361243900;352556400;335761800;350957500;334398900;330742500;338612400;345219200;353623700;341220900;340558700;341284600;332139100;333394800;337080900;340653200
1575;325686300;315102000;301075200;314141600;300882500;308665500;302381200;299682700;319259300;323675300;304586900;337352800;313882400;324205900;312628300;304705500;327043300;312289600;307919100;319763700;305281900;321296600;308862700;309249300;320390100;321844400;307616200;311727500;305246800;298716100;318215000;319141000;320141100;315561200;298788600;305924000;300370400;304836800;308466800;311082200;322060500;310021600;305509800;307957900;298392700;306201800;300119800;308987000;307872300;316401000
1573;249346000;228200100;237489100;231841000;225568900;232925400;232988000;243686300;244469600;239124100;237739500;231137600;244515600;235798500;245519000;228976800;249558500;235778600;238891700;231285500;235066100;229513500;230697000;244369500;228121400;243651000;241223200;250969300;228665100;244516100;228224100;230022400;229697200;229586100;233763600;230524800;229039900;233546700;242921600;241776800;237534600;234246700;228769000;235214600;239988600;228565700;239045600;230076000;241355800;234578900
1571;362653100;346732800;328562500;338743400;334912100;330096000;354474900;349022700;333918800;388391600;339363200;334910300;342247100;344240100;363864700;341532900;352441100;342851300;345740900;347007700;351438600;350110000;340980300;344790800;343701300;330382700;346837300;360489800;333753500;352620800;336862800;331411800;338701400;335856800;344641200;370425600;342341500;338442000;334005900;331439500;331997200;341294200;345833400;346335800;346054200;339896800;338270900;331896800;331916300;348573800
1569;274725200;276195500;259195900;270114500;262287400;269359500;268166000;267247900;258473400;263970800;258052700;262668700;261599400;259180500;261446100;269884500;267714400;263813100;267511600;266962900;274945400;297893900;312501400;272764000;256656700;271320000;279385100;267890600;263184200;268173300;256995700;257154400;256307300;257629500;256675300;261496100;263897100;264195700;260142000;259799800;266261100;291304500;308979300;285841600;263878400;272424600;272162400;267301300;268468500;252337200
1567;348300800;336807300;335281700;342986300;348081400;349349300;341278900;350877600;353053200;339526300;358775300;361926700;344761600;342828900;342992000;349492300;339863900;351476800;360877400;378504300;334181900;340008700;329659900;334422000;354923400;342933600;340044600;352288100;332415100;332158400;335315800;346632000;343501900;346838000;357604200;332712200;339409400;341603000;348690300;346358300;351649800;346612600;338870000;334810400;336384800;331721100;338075200;342899300;341168200;346606200
1565;353075800;338156700;346091100;355081100;357606700;353960800;336201400;335077900;331140700;348185200;351834300;346249500;342007900;336703200;328332800;336358500;332773300;330026900;348386500;348048700;330812700;336483300;335669400;327312300;334050900;346180700;340233500;342350900;334214000;336245200;345179500;330285000;331464200;348667100;342200400;335662400;334666000;332068500;334396100;327094400;341152800;343109500;333822600;342003900;339655200;330239000;340426100;337992600;380005200;341791500
1563;174000200;170193400;162901100;161683200;170296000;165030400;163199800;182091100;173410800;164267700;171780100;173429800;167169000;199517500;197640900;176111000;170552400;170686200;168543700;162985400;171159700;182383600;167661500;181383600;176372100;164583200;176484100;170471600;162673800;166385200;167751700;162263900;165101000;167569700;161851900;163122200;168538200;169834800;170773300;179554800;164247500;167484900;180347100;164200200;162417300;169429900;162620100;164378700;167356500;162356000
1561;339389100;333537700;336501700;335888700;325988000;338817900;331429300;331900700;342466300;338191700;337875400;334626400;326542200;339446700;336177600;336178400;335905000;386784900;337873200;329894100;318051100;323594000;333674400;328558700;336026800;340449400;321051800;325599000;322398000;323111900;334485700;333223900;334085000;340340000;339751300;324647800;320397900;323115300;335993300;333488700;334871100;335665700;325419500;326668500;321984200;327526800;334414100;336881600;336104500;329324000
1559;355723900;347593300;337835900;348008900;364979600;335336500;340195400;332889500;337906400;340129700;342597100;338719100;379448500;337323300;329021800;327025400;330205600;351721200;341543100;338501400;335224100;333134400;325797800;332089200;348328100;345913000;337691100;338809400;325710800;331698700;326254400;328492600;348910400;338106500;337012100;355783400;388285400;334691500;337519300;341783400;341337200;338722500;348784900;337842000;344799100;343260500;361561800;334666100;385682100;405974700
1557;356819200;323775700;348753400;346662500;327513200;346215800;330817300;327472100;332905000;327092800;343322000;345039000;329969000;334987500;332798600;329433400;331231900;340701500;351396300;336087200;337643300;332908100;325202100;329259000;331037200;329033700;347686100;337892200;332373800;345582600;352263800;328218700;333811000;351764600;327855200;335251500;329485400;331088600;358667800;337416300;341435900;342835500;367643000;370215300;329347500;326977300;341963800;340571400;334347200;349361400
1555;343068800;327178100;332145200;330073200;334889500;340932400;336995200;350759700;352739000;329903400;332405900;337824000;351518500;336410100;344005600;335970000;328261100;333557900;335328300;342309600;339677900;348878700;333697900;344246100;354887800;347697400;335694300;360351100;347945200;344925700;337816000;336427600;347518800;354826800;343376600;341017000;351851800;355360200;346283600;342174600;345527900;347766000;341106900;352040500;330990500;328883000;327960800;333335700;338243400;348426300
1553;345435000;320456700;333788900;327324500;322328900;324813400;330345600;329227100;333197300;319579100;324045300;323267200;316694200;334797000;340547100;330978700;337363000;330130500;330673800;334849900;338434600;346269400;331673400;330316000;328637900;320311700;338252800;327110600;328777900;347064200;318974100;320542200;319754600;318680900;324538100;337330100;323260700;330601000;334432700;326375700;328053600;323503700;334178600;340706400;338481400;322768200;326724300;325546200;320643600;318237900
1551;253682300;249196100;250888200;251471500;250606400;251723000;254627000;252613900;246708500;294005100;260755200;248040800;250768200;262621200;245886000;246413700;247356400;261831800;249653800;251610100;254600100;255810600;255692800;293641100;288159500;283722000;248354800;243995600;256784800;255513000;252699800;252120100;262852200;246931500;255660200;242024000;244028700;242512400;247169400;261304500;256140500;244555200;254488300;239368300;247719300;237974700;255725500;239771600;245621100;248349000
1549;355884100;332012800;323126900;328898300;332820300;321321500;330526600;333954800;330718000;345072600;334544000;335353800;336484900;337908000;326294500;334160900;332768800;334731200;322137400;334192300;325512800;342400400;327838100;373014100;326427500;330717500;315402000;332092900;334410700;329203800;339593900;332218600;322396100;327201100;317655900;318950200;334956000;339106200;328066300;326742800;328052700;317166600;324027300;320699200;321992400;337991600;337859800;324530600;322232800;321115700
1547;327665700;319366900;321911900;327761600;334928300;322183200;342315700;339366100;319433900;337873400;332329700;331289900;335389600;321115700;317872500;335650700;336133100;331294900;338293900;323923800;318868100;320500900;323017200;322568300;336678800;332000700;327431300;322325000;320323000;318221900;323415800;322419100;336651900;333482100;325531400;320033000;323591600;325406900;338368500;328911200;328698600;329398300;333963700;329910800;332291000;333843100;324202000;335440700;336710300;325715300
1545;343038300;342821200;328743100;337920700;333885100;331813400;381736700;386190400;354730400;333436500;352117500;335408300;327642900;340437600;322354700;321329700;322759900;325330700;340612800;337757800;333089300;326776900;326631800;324750400;318269600;328875900;343597500;324756600;332210000;330390100;330082900;326018100;328626700;328873100;346232500;328759800;332237900;348239700;334105400;332187600;336340100;335772700;337651900;334871200;344279200;323387100;341056600;349336500;327232200;342789600
1543;352358100;334501900;323760200;320380300;314761000;337246200;331107400;317322700;331792600;317665600;318181300;324868400;319265000;337443700;339936700;319921900;323729000;323201100;323214100;323974300;316087300;334770800;336831600;322137600;317005600;316239300;322523200;315705700;325414500;336823500;321613400;331050900;332644300;325770000;330784900;325125000;329326600;347628900;322496600;327048400;325047300;316478500;342747900;348363700;322730000;328098100;326136900;321558900;320043300;319040800
1541;334569700;330649800;330942900;327161400;323559600;325479300;321674600;324037200;340292100;334391900;336729000;334273300;321008900;331197900;336105100;316574100;344491600;330186400;330286800;342428400;338296900;332090100;392773000;323951500;342735800;329555200;331757800;320453700;332765700;342795500;330345300;336752100;337229900;328170700;328279600;329009100;314494000;338884700;338656800;322196000;390356600;333832800;316485800;324444700;320960300;326923500;330179300;320548900;326603600;325036900
1539;197361200;185911600;183315800;185904000;181397300;199090900;213245100;191021400;199132700;186828000;192820700;195009600;194916100;191837100;185689100;183633200;190355500;183323800;186328700;208146400;190899800;194108900;183673400;182525700;197012300;187839100;187133100;204084600;193234500;198407800;203342000;180107100;196013800;198266900;189329100;188716900;180586500;192682800;181744400;180388300;199890500;190689800;185560100;186256700;190446000;197056400;194968200;195059300;220663200;227807900
1537;240397300;224436300;201972500;196855600;207652000;208258600;207164600;217868200;209940900;221487200;202997800;205804000;215639300;199223300;202553700;197003500;200140200;206769700;205223300;211529900;216965500;210656200;202340900;195033100;206109200;197360600;202546000;202972500;196213700;209939800;204003100;209725900;214682000;204787300;206924800;206244800;201928400;199279000;199959100;198333600;204715700;214206300;208944700;212445000;201625800;212305000;203387100;206887000;216015000;211512100
1535;346220500;329494300;331523400;335808100;320847400;321401500;314651400;313107700;340686300;328925100;312677500;339228600;326968300;312483800;328448800;309432000;309418500;329466500;327460600;322679400;316873100;312302400;319803800;319202200;311138100;328160100;324293600;317021400;326375300;315864600;312377300;309701500;312854200;335508800;316604700;317147400;323172700;314080900;309761700;317204100;307106100;330008300;322409200;317129000;321097300;316049500;335503600;322297300;330323900;333435500
1533;210696100;208353200;195503600;199977500;208168400;194773100;191060400;211579100;195923800;202948400;197549800;192922600;211897900;245390700;215078400;200737000;195337200;198847400;192203800;195980500;195693400;196487600;213202100;196951100;200909800;216228900;206043100;204099900;192622800;195028600;210901400;194845800;197992900;201641100;209766700;203479000;200869500;197778200;204033100;194751800;193455300;196625600;198482100;195656200;197529000;191594200;199237400;225208500;215765700;212121400
1531;345264600;332592800;355087800;311810800;324851800;331254000;320056300;328080300;326388600;309759000;343365700;326977700;322767200;323865000;326489000;371370600;386419600;326247300;324457400;321452100;330749800;318687700;326275900;321175400;320170400;313113900;315985500;317107200;324024100;317146300;323879500;320206400;311614600;321779600;319584000;323763000;334885300;330357700;324807700;333384900;314155700;314388000;315821800;322045400;327051800;324132500;323921700;333969600;325554400;322206900
1529;334750000;339210400;326733400;325311200;330494100;317193500;326591700;339335600;323110300;343338200;371205800;384718300;379414500;323053400;318598300;328715300;338721900;326417800;324708800;325562300;316750000;324280000;320124100;331369200;332273600;317894000;325932200;321137200;322075900;318890200;327501900;352335200;338060800;336077800;322871800;314993700;320405800;316284300;320681600;330576700;327566100;327749200;341858300;324741100;327802700;339406300;322364500;329310400;322126500;328884000
1527;327097500;322427200;331466600;322753300;321931900;325984700;317196700;319275000;311591900;311319700;322771600;317928900;324347500;314541100;316338000;311144200;304320900;313941200;310177500;324085500;328195100;306792100;314986000;317432100;319714000;326585000;307764500;311905500;329037900;318284900;315575600;309821800;310570300;306006100;313171500;323529600;322689200;322484100;312754300;321903300;330226600;307705300;326607200;315543100;330612600;325802500;307526800;312515900;310071400;322737600
1525;345812000;321947600;319895500;319965200;317146000;315037500;313777800;323964600;339017600;326009300;325879000;314463300;322300400;315292300;314657300;335782200;333094400;331433600;325205800;309223500;323675000;316631800;318030300;320652500;327555100;329454000;327953300;324140200;329101200;341416700;372450200;325289500;331819600;320367100;326380200;325119800;328715200;334148700;331557700;324323800;325340100;324577400;319332200;317309200;332344800;321647100;329124000;328326900;342513600;319742300
1523;325715200;308495800;317044100;327599400;317174200;324892200;322488300;315029100;314359800;323848100;313408000;329804700;332866200;323375400;318774500;313640600;316481700;314514100;309412100;332950200;323687000;317806900;331585900;322247300;320861200;327623300;334825900;339378700;323098100;325696400;334351300;327994900;326014200;323965700;323804100;326743300;360006500;347919900;368781300;313071700;327327800;327836900;322561000;322587000;318420200;315219000;315275400;307565000;319693200;318368600
1521;331544400;326633700;321595900;352546200;364962100;334711000;317425300;332010900;314086900;327784100;311796600;311970400;319042600;309585000;319697300;326610300;323580100;313557300;329534400;321647300;314748900;325669100;322592100;331067400;325264500;314236700;312003500;322181100;312444400;325215200;323446700;369255600;315806200;309088300;311667900;312236100;308268900;322796600;318506100;312265100;318627700;310870600;308203400;311521000;323726600;323281500;332021600;317405600;318353900;317194000
1519;326870500;309927600;319339200;318622000;318772600;311325900;315982400;313863500;308140700;315744300;315676900;319247800;328856200;322263800;318490400;352040300;316295700;316285500;324165800;334764000;325310900;318116600;312234700;310498100;334797600;327905200;320478100;356980600;324911700;312535100;316232100;306213900;313352200;321145200;324690600;325046000;323817500;328927700;318914600;309764700;321510700;320385200;327998800;322977100;314679600;312266800;311545000;316060000;315463300;325218200
1517;236811300;230850900;214941500;226122000;219903400;238109700;221485100;231690100;247601900;220775700;229446600;213886000;234010100;212191400;226448500;212081900;220228900;223864000;220516000;238392300;217164900;227550800;219760300;225613300;281927300;248711900;268582700;219705200;219149200;236535000;236370300;218580400;225604900;222062400;223198200;218907900;217264000;220987600;219179400;213948100;217321500;224652500;231022300;222008600;218287200;222479600;214123900;222343300;212095800;215072100
1515;328786100;331974400;319989700;319690500;317690300;313711900;317209700;315711600;311043600;315630000;320272300;321953600;333847100;327648400;328429400;325069600;324047000;323958700;325948800;323519200;321053100;325129800;320006100;326419900;340925100;311718600;374623100;341707200;315120800;316712500;311210800;306346500;347160800;318002100;321984800;324484000;306742100;315996100;314549000;314536600;319603300;340479900;317683500;326388900;332770500;308614200;311302600;312683700;335048400;320768700
1513;320216600;310666600;309588200;301730200;312788600;308473900;314705900;317419500;308961600;320245900;338998600;308740900;325639500;313255000;332709100;331198100;312034400;311635900;306446600;319484900;333805100;315730400;310825900;308628900;315226100;316644300;305431900;309841000;307819200;339024400;324719100;311649700;311697300;310503000;308525200;315830600;306157200;333218500;318251300;312711200;310401400;303074400;315429200;309885700;305139300;342706800;312208400;319615900;324808000;312361500
1511;331565100;340081800;355934400;381657100;319449200;326686600;310493200;324957700;330648600;317500200;340674300;322057300;325026700;320223100;318503100;313859700;322636200;316116700;326022500;321181500;309764000;312633500;306440500;316503500;310922800;322647000;329410800;315415700;313840800;325654200;316918600;309846500;312850100;324103200;314365000;323032800;312653800;312929100;314622700;305815900;310725600;326214900;324541900;324518700;310123400;325233800;333108200;312970800;329014700;327109300
1509;195305900;190382200;178310500;180425700;175041300;170953300;174227000;181951600;182929400;178731800;188509700;180649800;178719000;187165700;177968500;174633000;174480400;174430400;178162200;172682800;174958500;178653000;182954600;181793200;195487400;177472600;177157000;179430100;176083900;182381400;174033100;171522200;175719700;171313000;172457000;176307900;173430600;172883500;179969400;177382700;180193300;184818700;176156600;188067700;196297000;175752400;181074400;177642800;190193500;179140400
1507;317872900;307389900;323297700;309272500;310353300;316251300;314233700;331168700;341875800;373178100;321037700;304253700;304297800;311855000;305039000;324433000;305507300;320746000;322016600;309472200;311017400;304442200;298016100;323274400;307450800;307845500;338823500;334410000;305394800;302305100;303398000;303475200;309781300;322156800;306046700;311604300;305434600;317496900;301602300;302385900;309145600;310342000;320122400;306334300;303470800;303968800;298993100;302333600;301675900;315869600
1505;319438600;295512200;305490600;301357000;303524000;297000800;301049000;316707100;310816200;313725800;302228300;298117000;318008500;317395800;300258300;308216400;316904500;357994000;365477800;311409800;288904600;305838000;305207300;312146800;310319500;296742600;298589800;291786600;297862500;299572500;315348600;320909700;297307400;303456400;298655900;299027900;298127400;302142100;298850600;305304900;307518800;309293100;298609100;291455600;296957700;294061200;294392500;300174500;301040400;301707600
1503;316022600;325984200;333981100;304712600;316417600;316379500;308381000;330672900;310967100;308647400;311632600;314851700;325956100;316216700;324540000;314171100;310224400;307542500;302340200;304682000;319714600;326970800;310706800;336699500;307135800;300463300;308520900;305349500;319975000;321976500;303541300;311847200;304344900;301693100;304713500;300594200;320498300;310841500;311385800;321352700;311311700;302607800;307800300;303610400;311608000;335362900;315419200;308222000;307769100;314960600
1501;329660600;311977900;361363000;328346200;310769900;318565900;314709900;300069600;321006800;323032300;299405200;324695600;303671000;308302500;310110700;302627000;309219100;330362100;314899400;326664600;304457600;309548200;303552600;301313200;305149100;315704600;318583700;317277900;323505400;307164300;311022700;310727500;302781200;309523900;311303800;321515300;306319000;324691200;329839100;307720500;318570000;308687200;314182100;318343500;301603500;316440300;317900300;317401900;321500100;312960200
1499;333011800;318194800;316784800;323219600;305772500;312390200;318423700;324337900;309255700;319258600;324936300;299486000;307855600;307478900;310949400;314992600;305305000;314957700;312236300;308044400;312889800;306423500;315536400;321520100;308413600;325094100;305996900;305147900;307873700;308686500;318104700;330473300;317282600;310432300;328078200;327223400;316293400;323952200;310757000;331083700;324486100;308068300;312389100;302024600;321462700;324490300;304181600;373079800;322507900;303989100
1497;206423500;198969900;195416400;208999100;190145000;207347600;203618200;203355600;198955000;197897900;209606700;195605000;196609300;190900000;195824600;197013300;197065600;200036800;202497700;212606400;210456900;195697700;209301500;196533400;200581100;208935100;194936600;200118500;203664200;192757800;202289200;196261400;204731500;198038100;193612300;202168100;196250900;199207300;192698600;192153400;201223800;191690100;194975900;198848300;200854900;204019300;200987200;206915200;207369400;191952400
1495;337948700;312596500;302330700;315622900;323772500;311839500;306489100;315316000;300469900;320419100;312285300;310459900;311722200;305951600;306694800;298821600;301720300;308366600;314612000;322507100;306341300;304408500;305350000;298090100;304847100;302393500;301398900;314276700;304518400;321400600;309526200;301457000;302026600;301789300;300662400;303031400;314576300;308459300;304700700;311942800;328208500;309809300;352079200;369829800;333779000;303825000;304249200;296589600;320186900;320634900
1493;306833600;310278500;302988700;306232800;290254500;299355100;294329700;287440300;308924900;301625700;294304800;348969900;321167800;297786800;287872700;290312300;290053200;315201400;295103300;304377700;292368900;291350400;292069000;284880900;289462600;290785500;299838800;295803200;295124000;295170300;288436200;293459600;291604200;305100900;295684500;309769500;300342700;298490400;306541400;306150300;293485100;314055000;348906800;315622600;302128500;294672700;298610800;298341500;297652100;315869200
1491;319510100;310103500;331482200;353481200;364587800;318819600;292896500;325200500;316660900;299049500;312052500;300090600;299787900;296937400;302238100;303806300;308431500;318237600;302958800;300787800;301820600;303875600;296211100;297973900;309330500;307003300;316525400;310579200;306159200;298635000;296336400;307623100;302443000;317143900;308349500;308199700;305961700;314917600;316914200;307955700;303736800;305153800;307892500;308366100;304900000;300055400;321177300;321253500;312279000;358758500
1489;178250800;162920100;157364600;163815800;166437700;157689700;163860300;165114100;158160900;158592600;176689300;171742500;161653100;176705300;165758700;160087900;176966300;159469000;159061400;167454200;172431100;159034200;161726800;159673700;160249100;164212300;163205100;163273100;180437300;170469000;159677500;181509100;167551600;157040600;165456200;161511300;158584000;164896500;162034400;158479500;160024700;167829700;182097900;167381200;164466500;168336700;163622900;166198000;169406000;161312800
1487;312886900;303549700;300609500;303050700;321808600;304418300;303312700;306585800;304571000;318836500;297528500;320370600;302087700;307328100;314376700;299093400;306492800;299057000;316854900;321806500;296411000;305687100;299009100;296878700;300714600;295613300;302945200;309358400;308258400;303064800;313766300;298882500;302773200;296632700;298562800;312666000;324514700;316972800;309504100;299947500;304242200;295512500;299967500;294449700;318563300;308139100;306710300;313562800;310994800;305477700
1485;192590600;181060600;176805600;177871400;181835400;183980000;181975200;184834000;189788200;179891500;176962500;178346200;177540300;181518300;185219600;174025100;179152900;193210600;176453200;181535800;177864100;175760900;183506300;177547200;177838900;178525300;171667400;174324900;190759300;182792200;191260600;190063000;172649900;182875900;183222800;175388200;177738300;170841900;171966100;177989500;170712200;171791500;180885200;175636900;179280000;184491400;184054400;171459300;185241000;178611500
1483;316036000;303070800;296868500;295014700;296294800;314343000;306553300;301491600;304250000;297783500;299481600;302345200;294234600;314174000;309302300;309701100;305875900;299821800;303945300;296090800;324005900;312179400;302715100;326229900;303418900;301194500;328967900;302796800;324039500;304599600;304689100;341174500;343760700;350412000;297946500;301172500;312025300;312499300;299529900;303515600;299598600;291282700;297465400;296049900;308611900;323382800;297438300;307871300;301348500;295434000
1481;301475900;285175500;294320700;298826200;301859300;297070000;297527700;289646800;286133300;296260000;288734400;292367400;294268500;307896800;291529300;301506500;297905400;311089700;294879200;302400500;296801700;304114300;305013700;293457900;298447900;294396100;293739400;307206500;286441200;340437000;308226200;287233300;288523800;283961900;290463300;286771600;305414300;311038000;296546500;315199600;289350800;289306300;288482500;287238600;298300600;297526500;297954100;302241400;300889500;306631300
1479;330325800;298854800;308241100;312577200;308306000;312545500;304113300;298267200;295834000;304558000;303966100;318139800;309671500;298192500;308850100;312282900;311337900;314344800;306702000;311633900;306495900;308050700;308441400;300719200;296311000;313999800;311185900;299731300;316075300;300541600;300242200;303731700;298916700;315482100;306346600;312202900;311930400;300934100;298998400;294191300;300897500;298084600;300266100;319391900;304582900;309155200;298931300;298515100;298800800;302068000
1477;307139300;311299100;304077100;315231400;313548700;316211500;307945100;310665800;302657100;309910500;304117700;308235200;310666700;291540400;307199400;296655200;306925500;310890800;303188400;319533400;346705500;352883100;298433400;289355100;313842200;305465300;296817100;315468900;292453200;294988400;295120000;291341700;309293800;313118800;300279400;310852800;293893900;296650700;293468400;292982500;297549200;296010000;308978700;303388700;302095400;294865700;290396100;298159500;294250600;315327500
1475;318536200;287677800;301954100;289313600;307362200;298576700;292073700;301105700;298235100;296234900;296801800;293487600;286183800;291396100;300141300;299885400;288892000;307639500;286486900;289845700;295428400;293009100;287259800;281996100;308326800;289739600;292419600;302583300;283268300;292785900;282117400;291340000;293891400;301490500;297538200;292098800;300070300;288518200;286703200;283861800;284793500;292943400;306698800;302235100;303237000;296928200;287074000;284680400;291236000;289845600
1473;214618300;206760100;206081300;195611400;200373100;200149200;201665400;211834700;201523500;211548000;195232300;202739400;211827900;199061200;217919200;213663600;210796300;206974800;196855900;202741800;198349100;206398400;208024200;195074000;205026700;206017300;208230600;244604500;203922400;200111100;200047300;198445000;199131600;197213300;194110200;214619600;213650300;217905600;206602200;199452600;203718200;210430000;194626000;202067800;193638400;198078200;197725900;199074500;216457000;202582100
1471;200617700;181068300;180727200;186427300;185469600;180863500;191984800;180790900;182017900;200744300;179864800;196346600;200585400;186222800;190384800;190572800;207587500;191014000;187023200;217644200;188867700;184578700;189763700;189307800;196080000;189262200;186396400;193684400;189024800;192552500;187914100;200976800;196726400;190342200;188117500;190343400;179715100;208063100;190071100;195334400;216852200;217818100;204368700;230484900;188093300;181980100;179484300;201436500;187327400;181685800
1469;312641800;301966700;291960400;307606100;285151700;292399700;289041800;302212100;295936500;296922300;298744700;290871500;295739600;287711900;287418000;288367200;301932800;296656700;298352100;287240600;296395300;286098900;287498000;290567800;292920100;317883400;291764900;297003000;304212800;302952700;304757800;290594800;304243500;301233000;300901600;302501100;297743500;298271400;294743700;307449300;292838000;294003400;341940400;296770800;288380800;288760500;287606600;290730100;317257400;292727600
1467;293591200;281070100;281455700;270118100;270773100;269906800;267701000;280973100;273921900;294112700;269717500;286798900;267354900;274114300;264908500;268783300;268647000;277957600;271287700;279899000;287435800;280287700;274236300;273866700;269698700;281996200;274631800;282713500;279043800;278185400;273425700;285841000;276406700;276749100;287414600;275561300;291642800;272435600;282078000;270582200;275990000;273931200;307449900;284208800;270108100;295920700;268985100;283185700;264639600;271041700
1465;299235900;287864400;304092700;296779100;295381700;301327900;288609500;287729900;290787600;289532500;300881400;297317900;304329300;304620700;313877100;291576200;288195300;291574600;284382400;303266400;292214600;302284600;306276900;297589700;311543600;295192900;300970100;299302800;297768900;301742300;294885500;297334300;299043600;304363000;302138900;305340200;322491900;308624300;356671600;357603800;295416700;288167000;304291200;304137500;290583500;309608400;287250500;293477900;285403000;289752300
1463;297431300;290619400;306326300;290082000;304291500;294618100;290783700;296006600;298174700;297946600;301755100;296400600;295734000;300087900;287680200;291108100;299886000;288715600;300468300;300802800;304725200;287689900;308505200;300856700;305535800;305083800;295729600;305554000;297606900;303620500;305975000;301023400;308787600;292088000;301831700;304551900;334716000;292155200;288001400;291618400;287502200;291971000;302130000;299591700;302523500;308319200;287025000;287619000;288142400;291555300
1461;300744800;286358000;296464600;290827100;300534800;283917700;281706700;280913800;281490500;285331300;287910800;297257000;287652700;300856700;283913200;284338500;290122600;282592600;296577600;289377700;291999800;284058500;289795800;291576800;293904700;304918900;297677500;297713800;295562900;293534300;288805800;290453000;278744800;297300000;289409900;294814200;290822700;295437800;284665900;280575700;288555500;282227200;291111100;299026300;297953400;290781300;293205300;304163100;281239500;288396800
1459;301582100;283222700;294648600;287655000;291131700;293855500;281792600;284829100;283433000;282156800;287623400;293571700;297682400;278873300;296721500;289671200;294291100;283421300;294196200;300692100;292743900;307567600;284516200;295428100;282751100;311376200;297686200;290384900;307569100;295692200;291913600;291099900;288300100;284791000;286105500;294168700;301860800;291001700;299276000;285183400;282839800;291411500;290855100;286526500;298240100;295428800;286686700;293764400;285785300;280921900
1457;301283600;280951700;291267800;295885900;290159300;290158500;284922000;289953900;284163300;284950700;282866000;291954800;295148400;293900700;301869600;290780600;296499100;301669000;284775100;300722400;288683600;302564600;304258800;289447600;293719400;291967500;292475000;298028100;288223400;303684200;286668600;296526700;286205900;292804500;284727300;281353800;316167600;288109400;293014100;298878000;288709600;282647600;287399300;288923800;284454400;299447500;290934000;292551200;296225600;285579300
1455;293537600;294386700;283940600;292281400;300953400;295586200;296211100;289184500;300425300;282824400;294036400;286658100;296417200;301368500;289261000;302752400;299011300;290991800;296148500;288944900;308718100;299722300;294572600;289903100;287842600;288425700;286781200;290896200;301052500;289209500;303498600;298987300;297583400;292334200;283715100;290827400;284946700;303854000;289670700;289738100;295075300;282105800;291202200;282380000;290832100;289131900;303445100;307511300;289655000;296777700
1453;220898000;215832800;218164900;225743200;212890200;213610100;216006800;218170300;215071500;217094800;216372800;212969500;217180900;207882500;212141200;210308200;212195600;216497300;209503600;227518400;218665500;212471200;216399200;208362000;220822400;229782400;239401100;212772500;220704400;227105800;221049500;222725900;216951000;228048600;213782300;214256400;213768500;210854900;233200700;217776500;228148600;220299700;224750900;217100000;213145500;209131600;214483400;215985400;225707200;214095500
1451;176204100;164995200;167139700;163008900;168990300;164128400;162079800;169230900;159643800;161947000;167405900;162503000;159342300;163114100;168270800;160461100;164928700;178083200;166004200;175388300;175272200;166568100;175471000;169074000;165001000;164679200;204817300;190720100;190038300;188803000;164776400;172202600;174233200;161416800;174907900;166343900;161323900;177191300;172786900;168957600;168005700;174589200;168082900;198304500;197719500;169431900;160195800;177951500;184708700;162221300
1449;195406500;181596400;165234200;173578700;180938300;172425000;173501700;181881400;166898200;178885200;179298000;176263400;187771400;209775200;196586700;211585300;207851900;170803700;164791800;165754400;189915800;173618700;173399200;185938800;168644700;175209000;179114900;167556200;169828500;175328000;166319800;167406800;174882700;170902100;165216600;175319700;171502300;178497000;189015400;170583200;179055600;172420300;166053000;176233900;168841800;173439500;172629300;167234100;172333500;173511900
1447;311029300;297908100;300981500;284500600;287270400;279320400;286126900;281149400;286301600;300368600;295673500;286872600;284026400;303533700;293214200;296041000;308172200;292905800;305283100;289325100;290903300;286553000;278978000;293792200;293502900;294847600;297889700;303453800;284127500;281754800;282847200;285296500;290789500;291287400;288274100;298326600;287004700;298493000;287524200;293768200;282223700;280932300;300644800;288108100;296455500;297968800;286350000;291157400;280657000;291272800
1445;291467900;290700500;284536400;291191400;297254900;296674000;285056700;285188600;280830300;281638400;294681500;287518700;291832000;296644700;303374500;279413900;290558800;284510700;283430900;296529200;279737200;296029600;283574900;284218300;274478300;298967200;286776700;298096300;304741400;277083100;281666600;274953300;280710100;276318400;277471300;288108200;287013400;285943700;285126800;280573400;282783300;277941300;286015200;278612300;299264100;287178800;290224000;286753300;274090200;282381400
1443;288109400;287010100;279669600;298637400;292522500;281147500;300177700;288033100;290966000;279983600;297380300;285839900;294684500;286990000;282059300;293970200;280507300;295890600;289079500;280335400;298175700;293993200;292163100;286127000;275046000;284834200;275295900;290468200;298808400;290222100;295839200;284810700;282390700;278974400;279939200;276280100;291932000;291912600;287765600;293648900;282236800;292271300;276441000;285922100;280216500;302598300;285607600;286834900;290446300;286390800
1441;258683800;251604800;247381300;249987300;252917800;268234000;253346800;262373300;248640900;259269100;252862400;262117300;246905300;257966600;258841000;272409900;256013300;269695000;251305100;256411300;244120000;269078800;267190600;270006700;250139500;279838700;257554800;264043100;246001000;263304400;250386900;250648900;250315800;258235800;257563400;249715000;255787400;243663000;253965600;249204300;265472100;247038600;280108000;249752000;261953600;245446900;256999500;242587100;254173600;241262300
1439;178094200;161172800;162279200;165326200;179035000;168931100;172795300;170869400;165397000;176611700;175405300;175089500;183667300;183058400;165026600;186311100;179683100;163636900;180966500;173810400;166252100;178020300;170531600;168125900;170802000;166714600;168313000;172850500;177252300;168050200;171334000;172920400;176749700;167942100;184109900;183949600;208480800;202368500;176202700;219821000;181151600;160265200;162075900;182951700;168051100;172199700;179289900;166082900;161237700;182554800
1437;289753900;276458000;272134500;282304300;274334700;285599300;284387900;285858000;307630700;275308100;287594000;274965000;277549400;282286700;286301600;285261200;284232500;279994800;289756300;275932300;283429400;279826800;278181600;290099200;284975800;279729400;284918600;285867400;281744100;297834000;287955000;299574200;282276500;290328200;289850700;278755100;282247800;273264500;305260300;276554900;291239500;286594700;284297900;276314800;278511400;278600000;278364100;280283000;288343000;291459400
1435;293099100;283293600;278991400;284029500;272703400;275974100;271851000;280302900;286302600;292915100;278333200;284260600;280080200;274886500;278422100;272807700;290921400;283041300;292485900;276601300;290730700;274158800;275991300;281289600;277800500;282307000;292152600;288902100;282714400;277564200;285509900;281748500;287727600;274680100;287242400;282525400;278531500;289690100;278126600;281740700;271942600;309133600;280774500;283683000;279990800;277392400;277906800;274606000;286656300;279912700
1433;288180400;284091600;285342100;283392700;283399800;281165400;277290600;284462200;276466600;285656200;274494200;289727700;288058200;277765000;281443700;280294200;275521300;279120200;273074400;290029000;281510800;306307500;281099900;281743600;305298500;281983200;284590900;281865000;282959200;286236700;295956000;279753400;283402200;288644500;286957400;286425400;279798300;289253800;286925700;338394900;328804800;304956400;276912300;302838500;300433500;293071300;282135700;282786800;280925500;275399200
1431;289666800;270638400;282482700;281594700;280877600;278646500;278773800;285438600;269807300;278477800;270817800;284145300;278757500;283033300;277000100;290690100;284722000;274740800;280735200;274107000;277835400;284629200;288128200;282937400;284688400;276099200;289012000;284629400;280132200;281348000;291772800;273846600;288931200;273583000;287289500;271998400;298496400;281110000;277492500;289286700;273085400;297969300;277452000;287130700;275653800;274062500;288269600;292666700;290328200;277986700
1429;314974000;274515000;274214500;273158400;278059800;276783200;284032800;279356200;274506800;280162600;281603500;273904900;290629800;269574300;282779500;283375400;287722500;280754700;277596300;275173600;268188900;276435600;271090400;277533800;278090400;288999800;280140900;281045900;284554800;292696600;280353100;279329900;326922200;338769900;289462500;296206100;283856900;274736600;285891300;284297400;290521900;273385100;286303300;276500900;278453800;272200100;274662100;277604300;269532600;288700600
1427;207976500;180991600;197011600;183498700;200981200;181273600;179877700;199135600;176453200;178364900;183001700;177695000;185456400;193159500;182316700;187467000;189062500;181583200;189986000;181125000;180502800;176536900;180239600;181602100;178427300;184049400;187051700;198672700;191620600;188089700;195997100;191733500;185022600;183869300;183634800;177371400;187944400;180736100;177502300;186305700;178626200;183424700;191509500;185554400;184421600;182464300;184402800;190334800;188780300;182924700
1425;293048600;275079200;295984800;298648200;277665300;280816900;271303500;276880600;267376300;292953800;276527000;277461500;276969900;279147300;268559700;268924800;268786800;271229900;272043600;278254700;286744300;294528300;268309600;277644700;270041400;282567600;265840600;275608100;272821600;278387000;278473500;267163900;276010300;264540500;277564700;264850300;273859000;265543600;296181900;278117400;282633000;280655600;277023300;283563300;280391400;299368800;277851200;285577800;293714400;276445500
1423;296019100;275287900;290412400;285351600;275241500;292399700;345698800;324211700;295551700;275701800;279164100;271131800;296267700;281495400;291654000;280450900;295189800;275313000;275032700;283644600;273123800;287548400;280984200;300826100;281967300;274215400;293298100;277902300;277872300;279193900;275614700;283168200;294068100;292185400;283005800;280481600;279064400;275258300;278732800;272044000;292108600;292324300;288383800;278197500;297432900;277285200;276097500;282445100;283671700;287810100
1421;279192900;284667000;270333200;278212200;281922800;280124400;279127500;273763800;307429300;349140700;322954000;277945300;278103700;270943800;271011200;279067600;284232900;280907600;275428500;269228300;272063500;264329000;269446900;263563800;272560300;271465900;293655200;281581400;272699200;273595100;268900800;273994000;267776600;274357900;270739600;273716400;282929500;282623700;280568500;270788200;292802100;268096600;269874500;271594600;292974200;277717600;272373300;276838600;275324500;272440000
1419;274847300;268980500;262927200;273872800;276412800;274081200;266993300;268018400;280209800;275697400;288313200;266914600;294797700;273056600;278849000;274220500;272376200;267903800;267649400;272177800;278541900;280633500;268230500;310949900;340543700;313400000;273716500;279246000;268937900;272189200;277959600;276326400;266260700;272483900;265094900;284734400;262396700;269705200;266974200;288725900;277279900;277574600;277986900;269169200;269865100;266118500;268098500;266083200;282553800;276904500
1417;290201800;273849400;272891700;272478800;269982000;283879300;331256500;324900500;287679500;271248000;281853000;267976400;275071600;279538100;277135900;287605000;289667800;286108900;318261000;292196700;312641400;264181900;272749600;275296500;294647300;263245700;286740300;264494000;272486900;265349200;269996300;273669100;273842600;277545500;286975400;277078000;264934700;268046100;265285900;269603700;267907000;270054300;282309600;265837700;278786800;263128900;281121800;261057700;282662000;268369600
1415;283161700;277072900;284676700;277238200;279876000;291639700;276084400;289686600;267788500;276689700;275226200;279707300;280656400;276812700;279518000;272302000;279340500;278405200;276866400;277725100;285382300;293479800;325120600;312349400;295445600;280334400;290088000;287351300;283458400;285391500;284682400;282776600;264620600;277906800;268704300;294899000;279630400;286611000;271795000;292525000;287529700;270965300;268700200;270109400;269354300;282545000;279205700;273055800;274032500;272278900
1413;232945300;224534100;216586900;224697900;222968800;226770100;227724000;231889400;224683600;221234800;223752600;223021800;230997500;224353500;220007200;231417800;221140100;234297500;219174500;229629700;218354000;222075100;227292700;228934400;242064500;236712100;238765500;225792400;257309300;249763700;223620100;224378900;225398200;226122500;219165200;217553900;220154000;229764200;229548800;227141300;219732100;228177400;216020000;223993100;217574100;221310700;228680400;219223100;227446000;223742100
1411;290375700;270784700;274838200;267558600;261975700;264757000;261394200;261974900;272783900;272339300;267491600;276567500;261092400;271965500;257937000;272421000;259984500;278448800;267147200;281473300;263504700;270631800;263479400;270061000;278358200;265745900;277185200;274881100;275948900;268709600;268156600;264205400;257203800;278381000;269949600;278575900;262789900;276754100;260921800;263942900;257781800;267100500;268367900;266253000;270413400;274953900;270857100;269153000;273124500;262438900
1409;277115900;267968700;265984700;270286800;279403100;285751200;267865100;277941000;262883200;272462100;266178200;272928600;263143700;278521300;276137100;283236700;275130900;277910400;280909400;268962300;298149300;262915900;276095100;291114400;281115300;288560600;272549000;276898700;275260900;282073700;270055200;282938200;274167900;279335700;269122100;271961600;264025000;265867400;287379600;278706000;276730500;266513400;293539200;270011500;272959400;268504700;261136500;268436200;265011800;284266100
1407;277214700;270050400;270550700;261198300;260186200;265723300;262648100;265843700;265595700;272392300;269762200;289494000;268086400;258137600;271725200;264659400;264525500;265132400;273961000;270805400;263326300;274420900;271614000;277770700;268756800;278334900;265849300;273522700;270580200;268177000;279902200;267531500;275807300;270548500;283807200;263755800;270402900;265505100;266166100;259695100;270726600;259146500;268689800;265732300;276839100;276719000;266825100;275350400;276918500;262884300
1405;277954300;266396100;265549400;271977200;284097100;267267000;282536200;278351700;269514900;266035800;268271100;265578100;275005000;280609300;294753100;279969600;268018700;277045900;259696800;266954800;261110800;267479500;271586500;279783000;265511600;279156800;275917700;277499500;274820700;273185700;292651600;279619900;282134400;269392900;272613200;279654400;259377900;282777100;277258900;273347400;267928000;287751900;266534600;263644100;261887500;263100200;266608800;262200800;287019700;264443700
1403;284965600;264835700;275172300;274761700;269731300;261174800;270304900;269496000;283204600;275174400;268384200;273345700;263296600;267382600;264381700;265151100;267252700;278280200;275901500;271408600;275477200;268151800;270545100;261008300;272341200;263174900;273934700;283107500;274641000;265932300;269282400;268479000;273164000;285974900;263676800;284855600;270439400;278119200;269016300;275537100;266883200;272510600;263017900;283778000;278012000;265364100;275842100;276000600;265838900;267250500
1401;279871900;265666500;266026200;283954800;264468900;282634400;265979900;272321500;267996600;267893200;263516500;270744200;269400400;277769200;273038600;264326800;272231500;262443300;268698000;263152700;267587600;265260300;295983500;282853400;283818100;284681700;280894800;280966300;273892000;280382000;275211000;275584900;272353000;274539100;271594800;269525600;270739300;270787900;284277200;265845000;282617400;276628000;303458600;310533500;309900600;284237600;272023600;296291500;266390400;277214000
1399;284152900;264573200;260649800;261489100;260301300;263102300;263356500;266559000;273016500;265845100;266414800;262040400;260577600;264081400;261921500;265497400;263518900;267824000;277721000;285845600;265514100;264507700;261803400;266672900;259652000;264116600;267377300;270524900;262231300;267380700;270093300;272395300;287653400;259678400;280425800;263727600;267135300;268358800;271075500;263659000;278197000;257022600;280866800;281583000;269877300;277318200;304198400;261078800;261599000;262579700
1397;271815800;259956600;271344800;268671300;278478500;261314600;277333700;258099500;267191200;258864000;265319500;257865700;262537600;269073500;280360600;267421800;281282200;273326500;261167100;263237300;262003300;263825200;268523600;269768900;272718300;269747900;266022400;265161300;264084500;260801100;275893300;273029900;270783500;268361700;266555600;266481600;270976500;271871000;269110700;273431400;273820400;266995500;273435700;265780100;265053900;261378500;256962600;276689000;265768700;276588400
1395;272246500;278451000;256513900;261263400;255988700;262121000;261271200;260533800;262881000;272449900;266093500;268318300;273108600;271247600;259629100;259098200;257157400;263102800;261598700;277937700;264598600;270442900;259070100;261757000;256980000;262385900;252625800;263586500;266213200;272336500;264768500;273844600;261725200;266609800;265175200;286827700;273473800;280648900;262864100;267246700;260278200;261235700;259427500;264852000;281927500;264586700;281723100;271877500;264693100;263522000
1393;279161700;262394900;254558000;263281300;263968200;276428500;261183900;270389000;259953100;273740900;257308400;260918900;256002500;267514800;270231000;273922900;263582100;266836000;265900300;260843400;260442300;261434000;259462800;267921300;267448900;270818300;264869500;263624300;260452100;258316900;263124800;265088800;274016000;276649700;268000400;271164300;260714500;273009700;261842600;276410100;254981500;283086500;260246100;272508300;258481100;264099100;261524700;262849400;266343800;284878500
1391;227173700;211601800;199395100;211380900;209110700;206668000;213012700;198276400;203625900;200513200;211702200;200777600;204655200;209386900;207243300;206907800;204129900;213729900;196537100;202842400;205761600;200312800;204510800;200679100;206938400;209614000;209548600;214051800;204311800;226385400;197514300;199023400;216196700;200055200;203414100;198563600;198220900;208983000;206913100;207999400;209457500;203851300;215861900;200315800;205786100;201480400;201040700;204739500;199018200;206496900
1389;192387800;181725800;184742600;180469100;180871000;179467800;177428300;188932500;186636000;175524000;186454700;177259600;181554700;182248400;184243100;182616500;172671000;180037000;182776500;175736700;175306000;179794700;173423600;174955500;182730200;186588500;195940100;175499600;173637700;192734500;178590700;170067300;177195000;171245300;172036400;179074000;175273400;174513200;182030300;171968600;178730500;182938500;178283800;182570700;180500500;175565500;179805000;177355000;174830800;188874800
1387;272867100;257315400;259629100;274163400;265042600;257683000;262316300;253283000;266255900;257199500;265604300;256710000;265820000;270166500;275827100;253949700;272378300;257055100;289656000;253834300;269507600;254308800;273014900;276404300;272957200;268049000;258941000;260786300;262702000;271742800;256825100;261778500;267727500;283671300;306559400;316033300;257868600;252330900;265782100;264341500;274873400;260441100;268019900;259624200;256349100;257566700;266102100;257538600;264597500;283038400
1385;281741500;272596900;258128900;263504700;257426000;264208200;259243800;268469200;270704900;272855900;259807100;273497800;265059100;263815600;264093600;262597400;260308900;269476400;277499200;280190600;267565900;273123800;270937300;271667600;272500700;267721100;314062400;288694100;263305000;276761200;260037600;267503800;255797500;273904000;268022900;273318800;264741700;273253400;262745800;260691700;261916900;263072600;269976200;275059600;277159000;269726200;279663300;270565100;265003100;259029200
1383;197135100;184810300;183922400;181480900;183586600;187856100;196425400;191923300;189614700;189115000;193030000;181557400;187728200;187610100;181380600;194245600;195281600;199839800;193227600;191094600;194799400;206854500;181919400;193504500;185522100;181164700;189670800;182623500;188991100;187134800;182133700;191782100;188935300;188436800;203231000;181638800;188154400;195073400;180475400;192899700;196761600;190481400;196131100;184563400;187069000;202095800;190915300;197940600;197849700;192588400
1381;279082400;258804500;258406800;268298500;268238500;270422300;262153000;267264400;263143200;261469500;260838900;257360200;260359300;271328900;257350500;269479500;260248600;268077800;260584000;252665100;259381400;253052000;259448100;262659600;275216800;263082100;263724100;257403900;257563800;254193000;264362400;258823900;259753600;265366800;263220000;264465000;268229100;273546100;260059900;276611800;256621900;271461600;259626800;263609700;267775700;267872000;257313600;260055000;251130500;260313300
1379;222451600;209903900;200185100;210252700;224409800;198518600;209360300;200299300;202123900;202918500;199303700;216437300;197214000;215730400;214503200;202924300;209581700;212365400;206019800;204433200;202307600;201374500;201030300;201827200;200787500;204388100;205540300;205449000;211430500;208551200;209654700;204509900;209931900;202074400;210705300;200820600;197018000;204970600;201747900;202489800;254433000;204174600;210534300;200645800;201174200;199270800;197791500;207167100;200322600;200512000
1377;265201300;268250500;258921900;251758500;264914000;250117500;263077400;263636700;263903700;259720200;255982100;262785100;258538600;260960800;256707300;253820100;266076500;260787800;261084500;256445300;252507500;256078300;251165700;251566300;250589500;246902700;249687100;247667800;262246300;255256500;259437600;266936700;265913700;250379500;252480900;249525400;256565400;255133200;252886900;260978500;259465400;255745000;254541100;251173200;254878800;250353300;251698800;250729600;255263100;258125500
1375;273301300;260194400;263928100;269351400;266486400;281023500;271737600;263484100;257283100;263649500;254523100;259051800;258283300;258880300;267455800;272089400;255394200;278476600;258871500;264394400;255527300;269194100;250282100;257480700;254125600;273193300;258851700;259059800;254008300;270177700;252921100;254416700;252729600;253655900;256903500;261344000;266959100;258406600;266023200;255185100;257852700;248928800;258516000;251302000;258824200;259701600;262364600;257585200;262051500;251743800
1373;271449300;261469900;265851900;252686800;256383600;261646900;260533300;257287000;260095500;262109500;264116000;265237500;257639300;266338100;254579700;258339900;261338400;261388300;261384700;256619800;261734900;259183800;271909900;255503600;264315600;260894300;267260900;249084900;254785400;248381400;253917700;248552100;269942300;262465200;269348300;251269500;268390200;250106100;258738300;254022200;255121800;251012500;270194800;264185500;264615100;253584200;266735700;254663900;258736500;261741700
1371;264285400;257959900;257372400;269483800;260872800;264557700;254816300;261438700;254116300;260409400;252620900;261406400;264130900;270899500;259873800;260903200;261005100;280250700;257381900;261964700;265910600;257197500;266782300;275140000;268138900;263081100;259002800;257800000;266679700;270862700;270065200;266962700;269142900;256007700;257499900;257837700;254291700;256889300;254950000;272839500;263415100;268863400;255894800;263184700;251058600;260287000;257055500;266818900;250587700;272694800
1369;259523700;267636200;249955800;258925600;245863900;261190700;244686300;257528500;245781300;276852100;250435100;265120300;255313200;258847900;262937700;263820400;259896200;252667000;252561900;253255300;265462100;262305400;268529300;246727600;267695900;254370500;264826400;251888000;260315600;249540700;268198900;254856800;257931000;251488900;251625300;250428800;274531000;251886700;269475300;249547800;268938300;249014200;253964900;248825100;263004900;248795900;251556300;257977400;259407200;256842100
1367;269320200;257389900;244830900;250293800;243621900;247667400;242810500;251850000;255686100;266833300;245297200;253184300;243791700;250644500;245283300;248091500;242761300;248607400;273324900;262853600;250997700;263155300;253592300;279001100;253450500;261012500;250712100;257127900;260701400;258552800;246026400;258588200;247109900;254865500;254751500;256167100;254057900;264189900;263070200;289609800;284970800;311586100;263973700;248376600;253511700;255046900;267498000;245046000;257440700;242850100
1365;208831500;191525400;195418000;193557200;193130000;201043800;201780900;201773800;212026100;197268100;201692000;206995400;200612400;199874000;191203100;199927400;214022100;209044600;199292000;198139500;214555600;202417100;199326200;194589100;205822700;199977700;198061000;199498700;192520300;195879600;195235400;192198300;214683000;196478500;205324900;201046100;198153600;204187600;203561000;215582800;207883400;198033800;199687700;209008400;201081400;199649200;210279000;207434000;199228300;196069600
1363;190114700;174249300;188970400;183028500;175450700;182721700;176986000;174828000;190738600;174639000;170002000;178589000;175524600;184079500;173174400;175661100;174656400;175642600;185927000;181968200;181431300;179171300;180316400;175568600;175283200;173027400;177102400;175476500;172069200;175136300;177622500;170863800;175752100;188298900;174068500;183270600;181625600;186296700;177782400;178619400;170623900;180288600;172472600;173713300;176409300;174763800;185567200;191760900;175174800;178651000
1361;264695400;246156000;269375900;241509400;253296200;242950000;261216900;244213400;250287400;251734700;256857800;254009200;241895600;243887800;258775400;255396400;248663200;249694000;254477200;257103900;288655700;280026200;246042800;256925000;238600500;258206200;248806100;255694100;244364800;260803100;250382600;246818800;239589200;246064000;244219100;251828100;254081100;259797900;258653600;248877900;250885400;256295400;245455100;246035600;241718400;244014200;243508400;246350600;258742100;246462700
1359;175919500;173240100;164311500;157726700;164063100;172185600;160680800;167245800;167353100;168588300;177840400;175793800;161491900;164773800;166549000;162670900;160783100;169490800;164476600;170511700;170419300;160769400;163012800;173752300;168636900;164891000;165285300;172573600;164183900;166587900;161780600;163031200;166042400;172642100;171343300;179107800;170581300;163755400;173602900;163613800;160898000;176727600;209019200;166049800;162381800;161901400;157691500;163670300;162949300;159639200
1357;255322000;246937200;247158900;249997300;250595200;247126600;256023400;255846800;241830700;244861800;247388800;242346500;250181900;254488700;261966500;243414600;254699500;243702000;252371300;240889300;250886500;237826200;258371300;252000300;259595400;246450700;259955500;246374000;248991300;242549300;252480500;251815400;253189300;258152900;249883900;253490600;249469900;248179500;252235200;251858400;248999000;248662500;253320600;253915200;244548300;250989100;256082000;249755500;242213800;253794900
1355;271217200;260894000;252323700;268019500;258727100;260923600;245426900;250143400;246392300;247585600;253354800;253328900;265077600;254217100;254697600;251039900;247429000;246714500;246891000;257845700;258858500;253195800;254885200;255014700;257207800;259501800;246825500;248019800;247288900;255730600;242974800;262546900;251450400;264734400;248497200;264571500;249821500;253452200;247057000;287420600;243748900;267303700;248131900;264237600;244917400;260477800;244742300;262254100;249052800;258682400
1353;257534400;257097000;257238000;324501000;295794500;293475500;244193800;243151500;244879100;247391500;252596200;243623500;253141600;246628600;246234500;239064700;246431900;244881000;247629800;246709400;252304900;243263200;248884800;236863500;245306300;237504800;245825400;246419200;244649900;245048200;250611900;244285000;244572500;248713000;243937000;240548700;241303500;241085200;241019000;244279800;253383600;244431300;247607000;241196200;257644100;246044500;277724700;238876100;252243200;245877700
1351;278380600;253442800;256601700;244901900;254114200;240257800;256473200;247028900;260375400;242674700;275186700;280433900;251576700;240690800;249946900;244296000;247271500;243553000;260606900;251270000;252206900;257235600;257676700;249391900;248643500;258156800;248637400;246150400;256066700;254654100;258035900;253095900;257927300;246152500;248054100;247156400;246796500;242340000;257030100;253604100;255992000;243679300;268398700;254126200;257801800;255012200;267395100;242665000;256363500;266656400
1349;162696900;136055300;134065900;151882900;139884600;134221600;154750700;146686800;147266100;136122900;148995600;141649500;137377200;148782400;144210100;147605900;143261500;143718100;144619700;143633000;141412900;144260100;143681000;145892700;141139600;135125500;140894000;153709400;142196400;145694000;140265200;147911500;136346400;143994700;153024500;144454600;138394300;142299100;139249200;138667600;133335800;143232100;131413600;136719000;133237500;142970000;137487000;145416100;150700500;139209300
1347;240639100;241869000;225620500;231720600;225543800;228528100;232325400;232244100;228918200;236697200;247949400;234113600;234385200;229423800;231395600;227773200;235346400;230447300;230123600;228747100;240100600;246522200;242752600;226973900;247954800;238894800;239026900;230996600;235066800;240048200;230416200;243370500;236834800;247416700;227878900;239652500;223784500;244313200;239978400;246163400;228337000;246344700;236445600;239246000;242855000;245934400;239259500;227183000;229566900;229668400
1345;269053700;244657900;252516600;247892700;248707700;245376000;240984500;245968700;245921800;243741900;250729600;252785800;247255000;250781500;247933500;251879200;241195300;242445700;246637200;246783700;249874000;246157900;248717000;248740400;254254800;241588400;248518100;237161700;249864100;236733000;244665400;244928400;257611600;244658800;249885900;244627600;267326400;253008200;250101100;253214000;257875000;252638100;262076300;258769400;260847000;246414700;244898800;245061800;257319800;248184000
1343;269616300;256035100;253307600;251325000;246181000;249269700;247998500;250826300;244058200;253606800;259206300;254862800;258298300;258031100;256072700;259298200;261344800;257208700;265346700;248956600;253496900;269811100;251346600;254741600;247133300;265748400;249252100;247443200;249171000;256300000;258083600;263834600;250696300;253302700;251518500;249507600;243796400;255295400;247971900;256937300;255006900;261403900;260768200;265343800;243227200;274614400;248188900;265427400;259615700;259029700
1341;259091900;245088500;238809100;246294100;238907100;239379800;236416000;246258500;246404900;245745400;248581300;249907300;243899400;243761600;237913000;245345100;249476500;246169700;245571400;254238000;245838300;244796800;238905300;250435800;238288800;244290900;236035700;242336000;244272700;247845400;241033500;250617400;243062200;243529300;236257500;251986700;241411000;239557700;240316700;248595500;262540600;242248700;238586300;245795900;243031300;256893400;244109000;249474700;246659900;250122900
1339;219276700;223754400;213136400;220378600;214651500;206254800;230229600;221957500;221479400;217525300;213880600;228085400;207757200;212977400;207161300;218082800;206792600;216136900;215230700;205371600;229800800;214133600;219381400;212083300;211739900;223470800;207329400;210483900;212787200;208679100;213705500;207794800;222002200;227536400;221631300;215232800;223338600;207906100;214966900;219800600;213479800;221239300;209720400;212800600;216867000;221415900;214397100;209977000;214700100;208743400
1337;245931700;228181500;246437300;239545200;234270300;232409600;237586500;236197100;232618800;238996300;229941400;232173400;234725800;249496600;228844500;247951300;233960200;238264200;235675100;234620500;240022700;233573900;226937500;235663100;250492900;234410900;229777200;241805100;237558500;230266900;228355800;226382300;228151200;226380000;228836800;225289800;250990600;230057100;247466900;228128700;235971800;225887600;225569100;228884700;224000500;233348400;236026100;233177100;235868900;244822600
1335;190075900;176848500;174957000;169380800;176033900;177840300;171080000;181788300;188700100;188595600;176693800;195265200;211072700;205248600;207275800;206558600;194267300;193697600;199610600;212103800;196323000;202123200;202961700;192140100;197809500;195811800;200732300;192308900;196459300;190516800;191137600;199033500;195033100;189054900;192833000;188909900;195654900;175911800;186468200;213345700;201262900;214761200;190518600;174825400;173425000;174455800;179233600;183980900;182033800;176617900
1333;255701300;242928300;235661500;234250300;236596200;234174200;234833300;239190000;234506600;248215400;245470700;256336300;233263500;244230800;230254600;243465500;231225800;237966800;243203600;246788100;239918500;244805100;245616900;237862100;237553400;233765500;244899300;230697800;241686600;239439000;246615600;245394300;242697900;244042700;249090300;257179800;244909200;235681700;250469400;244265400;249038300;241287900;247952800;241216100;247157700;232798200;244290500;239242500;245496700;236371100
1331;256668400;289190800;239454400;232620100;239550000;232154600;238188700;238712200;246565800;261215800;250443300;242013700;252710000;241310600;240313300;237733400;237320000;245414800;236951200;247289400;248701800;240818400;243863400;240732300;239211500;239737800;237603600;238557300;237686900;239905900;252186100;246304000;238225600;246458700;247295800;237645100;231558600;237427800;232885900;237362700;238395900;240141900;242479700;248861100;244726200;240418800;243984400;252223100;250489400;240305800
1329;143478000;133976100;133123500;136366800;133704700;131175500;133980900;136516700;140680200;133308600;131188200;126249700;130644300;130237300;139831700;131219500;141713800;130234900;137615800;135069800;141694100;135181400;136903600;128342500;134102600;136279600;129719500;130704800;134928700;139495000;129576900;128357600;140492300;145146400;131258700;129124500;144439300;135330200;141777900;132577800;147597900;134962200;131198200;130906400;140887100;128526300;128620000;135143600;134309700;133931500
1327;248959300;234803900;241979300;244711900;238938300;238904500;234207900;250812700;227643200;238760200;231997900;235974700;236050900;236248200;248397500;241934300;238436900;247528100;232218800;244132500;240060400;247228300;268683100;236497900;235804000;246038800;233479900;239864700;235196500;232820400;239485400;241522200;245137700;239611000;245699600;246822300;246397900;234452700;240666200;231298300;236109400;226938400;240602400;238904000;239881300;238290900;238196200;243629600;234351600;230969800
1325;204319000;191985500;196744200;196932900;197078700;211423400;206963600;213087100;197424700;190668900;211471200;193783900;194084600;201065900;190899300;195990800;192141200;195671000;214544600;198944600;206614100;201138000;197200000;201931700;191082600;193457100;199567600;192409500;198010200;194138900;197675000;218064200;205504300;205546800;197834900;201436900;207874100;195896800;200809000;203057700;196875500;207270600;202783500;199692300;208875300;204606000;205946900;199894300;205291200;196178300
1323;228211600;222420000;221322300;218312900;218712200;229844000;236223400;216640700;215646700;221409300;213491000;218634100;218502900;214306800;225652900;223829000;222862400;232882700;238078600;221731100;216635500;220102900;213587200;222560200;212761700;223004900;230905200;228534200;238226400;223143200;231636000;219239500;227937800;215731300;219607300;223788000;218347300;231278200;236703900;219387800;232490300;220666900;218500800;217714300;217727800;219781100;213274500;221089200;215247800;237045700
1321;248194800;253856300;240105500;248822100;249617900;243673000;246383600;245777900;254395200;256695900;262481400;249733000;241396600;242834400;240086300;236756100;249395800;240749000;249603500;238492500;256960800;246347700;239786400;242534400;240521700;239108300;240674000;239855600;252998600;252594800;249354700;243908200;264735200;237488500;241043900;233209600;242932600;235484600;245431900;242914300;252660600;240135000;258113100;236027300;240913800;235826500;238147300;239291000;238793600;253112800
1319;248814400;236009400;234356500;251650200;232178600;226198300;224430200;232316800;229161000;230833600;242723100;235671100;240452100;233282900;230079500;235561400;229492300;241863000;229669500;233476000;231682100;247127700;235661800;233611500;237397700;227191800;231233500;226685300;246677300;233177100;237600400;225568100;239019100;233605800;228278900;227579200;225096900;232024200;222390400;227464800;228501900;238882800;234186800;233703000;231479600;229607000;235805800;228010600;224324900;229112300
1317;241638300;244043200;250705700;254615500;239537900;247652000;237199100;232451500;242319700;234407900;241056700;234583800;257560500;241362700;251675600;235513200;258323100;248761300;252975000;241864600;248813200;243382600;246208400;247454000;249161900;243786100;251246300;247175800;238030500;247719000;243142900;242173100;243485000;249665200;259010300;290286200;266422800;299713700;241268200;237980500;247288800;248397400;250021700;238257300;252664200;233296700;241631300;232934600;238842500;233868300
1315;244120700;238202400;259085200;238460900;238845900;236504600;233043900;237018500;232225100;232482200;227822600;234888300;236249400;246613400;234134100;246301700;247617200;240037200;233581900;239729700;233500500;233659700;236174000;251533300;233145500;242071100;233102300;259300600;242874800;246430900;233045100;238779800;242780700;243972900;242410500;239953700;239590400;233150200;238211700;227993400;244816900;237969500;247409900;231436700;245187700;241074500;233768500;230575500;231937400;234459000
1313;227699200;218020800;228141200;223606500;226584000;232736200;221550600;223131100;215904400;214139100;212121600;219918700;211773500;217507800;217247300;216991900;230289400;216069800;226126000;213192400;214953900;221568400;214230800;217881300;213586600;216735300;226275300;218840800;227062600;215785800;219041800;221584100;212864000;215007700;214646000;220440700;216724300;227780300;219904200;222006200;227308700;219498900;221281100;215830000;227671600;228246000;222804300;219905500;224294800;229520200
1311;252516600;238429500;233284700;226666200;230292100;222123100;229220100;232860200;234644800;234786100;223586000;253499100;273651500;231699700;226095300;229234800;229604200;229687200;223340400;232774800;239369600;235344400;237162400;234090100;232622700;227142400;240068100;222938300;228215400;229374900;232106600;235311600;240230900;227622000;233812200;225347000;228128200;231653500;229056600;227543100;226757000;238131400;235623700;240043800;226423200;238337500;236270100;239673300;231806200;229959400
1309;253720500;256321200;245445800;240993200;230792800;228926800;240473300;227097800;246035100;251019800;246277800;230517400;250781700;235259100;248788800;273482500;269358500;265850700;229148300;227249200;244069800;242971600;237790400;235874900;250287900;238260900;231977200;229764000;230579900;230489800;237617900;234302200;243904200;232272900;240044600;233153100;227754500;231128000;226449700;232512200;228992800;231623100;234397000;249145700;234389400;234099500;237587800;228439400;229621300;233892700
1307;238925100;226545500;233377800;231009000;238437800;229737400;238113400;238094900;234113000;237150200;232405100;236975800;232681700;235323300;240414200;229799400;239073300;226858500;237998400;227358400;225461700;238846500;239180000;237137500;227611600;245826600;236407800;228470500;225506400;231281000;224195300;229699000;229659000;226861700;245663300;223073700;241377700;228230400;235111000;227324500;226918800;228152500;225779000;223858100;223985900;234847000;235680300;239392900;231485000;241142700
1305;135507400;123333800;125221300;121082700;120292700;124377700;124980400;120260900;120167300;125143300;124802800;121333900;123111800;125001200;125493900;123403900;121739300;123789000;124906200;128775300;125677600;123650800;142692700;123890000;125466800;130649500;140398300;143285500;137139300;121118600;125551900;124756600;123102600;129177600;131677000;127914500;121738400;124538500;130915000;125376300;120736000;121780300;137341900;126873600;126162800;129443700;125053600;126080300;120359800;123960500
1303;245628100;229769600;237702000;228978700;229271600;230456800;224751800;225601900;228527400;238017600;226611800;224702300;230686500;248884800;227050800;223037100;224038000;226953300;222224900;227128700;221610700;235640600;231973000;229925600;227376500;233298100;224562500;223739300;227038700;224222600;231481400;228613000;229630800;235278600;234205300;228147400;232404100;225690300;220857900;230205200;223049700;224703600;226796000;229667200;235660700;234673800;228780900;233151000;235599300;246803300
1301;238269200;232461400;243398900;240850400;235298700;244942600;237585500;229101800;240356300;226765200;237855100;237340200;237851700;230231100;238316200;231470600;246531900;276541900;258197700;287477700;236560200;227055200;232431300;233388500;247651300;246122400;240563400;238340800;229754400;231307100;227869500;231963800;231917700;234844600;239456500;239565500;243317600;239356800;235320200;235854400;227806200;234513200;227854600;236140200;233332700;253664600;245304700;238200900;235008600;231486700
1299;231046300;221615400;232712400;224901200;230739400;223231400;241673900;227591200;240254300;229441300;230134700;238424300;229725600;234195400;225782500;257817400;264312900;229066300;232889100;235015600;227831800;232260000;225214100;230884500;237787900;237209100;224166200;233359500;237483200;225179600;223966100;225260500;225674100;220563400;229049600;221028900;226397500;230730800;232799400;228100400;223879800;242079300;222650700;228717200;219805700;229193300;223875300;225384100;239805900;237676700
1297;232165700;217145400;217216100;206638400;221364000;213464700;211696500;213498100;210827600;215584400;217627200;218371700;214946500;222774800;215485800;214094500;207710900;213314400;220940400;213038900;212828900;212860100;236921100;214076900;222421700;225259100;208553200;221077200;217708100;220599500;218647800;218415000;226795200;218015300;221605800;221010300;224796100;217187800;220839600;215459800;210122100;230536700;220526700;223293800;222436800;237006000;228965200;215173000;214557400;215683100
1295;230253300;223320100;222668300;225668900;237616600;225966000;235233100;219146400;247935900;219628800;224095200;218229200;220301500;223287000;220645800;227572800;232114100;236101200;223017800;219183300;224608300;220566100;224899300;219869700;228802300;227007000;224224600;226928700;229248600;234356900;228310900;233828800;230387200;257207800;227670900;241464900;226015600;229129800;230767000;230006900;231889300;223056400;222389600;225075600;226452200;227581200;224262100;223520200;229562800;229039800
1293;243440900;222359700;237236900;219410500;233476400;218634800;222360800;221538600;222884700;241069000;218403400;235806800;229269900;227583300;219036000;222443200;222954700;222454900;220809600;225356000;236216400;237902100;237118100;234886200;233708800;228961600;221721200;219369100;219258900;217235500;227429100;235020000;233154900;232068800;231135000;229880400;218194100;230523300;222035900;227796700;221595800;225047100;233083800;228492100;237360400;223646100;233333000;225609900;223832800;226642600
1291;237066500;227498600;224072500;237959300;222819600;239711900;224131100;230760400;218427300;230226200;236491500;229495900;226367800;230244900;232762800;237842600;265311400;262219200;241304000;234331800;223517100;231118700;231472100;229596100;233252600;226317700;256963300;222071100;235096700;225811500;221036900;216468500;217483300;219096900;219937200;253020100;220541100;234515400;218677100;220873300;217247900;219871200;221198800;216378300;226262100;229485900;231359200;233415200;226712800;232304400
1289;127364300;132507300;127791400;120804900;117409400;123621200;117931000;122642900;117603800;122943000;117210600;128822200;123480800;134724700;121029500;123537100;127698800;124105300;117812800;121060500;126022500;126288700;120910000;127914600;127816200;126258900;129697600;119675200;130283000;137451600;122328400;121216300;132663900;132617900;120886600;118788800;123831700;130588800;122334300;125679700;119729100;124494300;118388200;118582200;116839100;134295800;124388200;123843500;122060000;129456400
1287;204359300;193906000;209295400;185718500;186216200;189074700;181417700;189886400;188715300;187036100;187443000;182923100;188359300;191487800;202317100;198534400;191299800;191785800;186004000;187240400;190658100;186754900;187933500;190697900;189869400;189912400;197313100;192728600;193528300;185738000;192938900;188112200;182423800;201801900;180444500;188426300;190928600;183223600;189757300;191401400;193276700;194881200;184054500;182265900;199877400;195815300;202044700;191279400;186077000;199868700
1285;214183500;159551800;165554900;156416300;163871800;163319500;158661300;162456000;160382700;156461700;155228700;163492600;160763400;163193300;162834400;167981000;154900200;170539600;158408600;163054800;168312100;155731500;167783600;162451000;163354500;159841000;160615600;160678500;156588600;165074100;167744200;162275300;165643200;158390800;153681600;167124800;175819400;159786100;162522600;154658200;153296800;160369300;156224300;153985400;155047500;162915400;155438600;164663100;180100800;155867200
1283;235383400;232427100;233073300;222129700;218659100;223024700;216378900;222049200;220135200;232690500;229648100;226568900;228066500;226784000;221038300;221226300;223832900;218876800;220001500;215061600;225909300;222915500;227243700;223830500;226983800;228614800;234037800;236516900;229320000;237057100;226321100;220861200;224560900;225058300;226891600;217552200;237397000;215601300;226712200;223816200;223875600;226781400;224498300;226093600;220288600;237926300;222123200;226562400;226318600;220881900
1281;224353500;220810900;230811400;228493700;223288600;229162600;228218600;217301900;217799400;214441900;218165000;212286800;217111500;218299700;227053400;229600700;218566700;233860100;216881200;220071000;214476200;222175700;217350100;213947900;221520100;219078000;235410000;222514700;238652500;221112600;217389800;221888500;212137900;224339900;215902300;220533300;217002500;214511300;222947000;219409000;218638100;222548000;225640100;234641900;225740800;222353200;225582500;222891800;219988200;227123800
1279;223985800;223873400;222144900;219602700;218087000;217487600;215604400;226053300;215964100;211196400;222778400;219194100;213458800;210043300;214318300;214695200;214520000;216819100;208428200;222394600;225861300;219123900;223120100;213214000;223227200;209722500;214352800;213406500;216992500;220309900;211175700;219197100;226623100;230069700;218238300;221601600;215668300;216479800;212647300;213735000;216239000;215279200;213958800;217076100;227055600;221697500;224047700;221916700;215990700;217919100
1277;221715800;222807500;214401200;215116500;219456700;229642800;223143900;219104500;229708100;221504700;221237600;216721200;225359000;227442700;215217500;239543200;220002500;230088300;228632500;220538000;225646000;221777700;219187100;213942700;228402400;233210700;231325300;226906000;224035000;222431000;226631500;212927900;224175800;215575400;226817600;217377900;221947400;237389400;218687900;234468400;215328900;226305900;220376200;215704800;220815900;213929200;223572400;213727500;227724200;224363500
1275;230982800;222485300;218192700;223954700;213799900;231377800;221184300;217263300;216327800;217467400;224655300;216657900;223955500;219607300;225704900;219789000;233865200;221773300;221964100;225153500;228493700;222238300;223271000;226681400;219937900;222059000;216396600;221926300;218643200;228007800;225958400;222580200;233936000;218201100;229828100;270133900;247998200;273238500;220468500;211880300;222682800;223478600;218122400;228149600;214524400;232156800;259432400;230158800;214494300;215919300
1273;212951000;201235000;203866700;210692800;208969400;211135700;213907200;204285000;204169600;203643500;200969600;200532900;197802500;202228100;197048800;206824900;215947500;202526200;208404500;198910800;200867400;202805600;198091100;201308800;201708000;202834200;204508400;201484400;205358800;210421400;203950700;215954200;211257800;213149900;208113100;210301200;213886500;198658000;209909800;252445100;264647200;239957200;212761300;207048300;216232700;197214100;208324600;217721000;220163800;212978000
1271;187736700;180839500;185162000;181601100;179453500;177147300;178905600;184902800;187191300;178240100;185073500;172892700;186133900;188001400;181034600;188333000;177389300;186191400;193489800;174466600;175814600;182151600;172952800;175458300;182001500;174939100;184153500;194168000;180757400;183031600;185519000;182772700;190137600;186194700;179351100;181657300;177438200;181051900;180902600;177464400;183114300;183949600;183395700;191742700;179801000;177251100;182591000;183872400;185695000;189887900
1269;232976600;245762800;254437400;260645200;264538600;218695100;223383200;229230100;217801700;233686500;221638400;225828700;217712700;229547700;224290500;222114700;234069700;219405200;232504200;220024800;220865300;215036600;221312600;230462000;226282100;227053300;216674300;232657500;218880500;218474300;217107900;217930200;219296500;219847300;225932300;222500400;234899900;220353500;223981400;214065600;228826400;214650100;218505900;215089600;215480000;217940700;213122600;231649000;228996900;226190600
1267;163697500;151237000;154502200;159414500;151853200;152963600;154452400;148829300;149259500;161150700;159665500;156173800;158147600;158166800;157231300;161763200;173986300;154091900;157120500;158798800;156824100;160924900;180803300;156931500;154654600;154647700;154769800;166000000;160701500;153980400;155823100;161078100;163115200;157716700;158406700;154881400;165439600;161275000;153497800;161666300;168852800;153114300;155038200;163614800;158375500;155932100;159927200;161040400;158111900;164938600
1265;216313800;210868300;211969900;202629800;217234100;207427200;223045800;211798500;207239900;216647300;219662700;217903300;207564600;208880200;208489100;203891700;214224700;209360200;222299200;215353400;211225100;213877500;212218400;210563500;208247700;208359900;207094600;204782300;209197600;208963300;218020400;213713300;223134900;207039100;214045900;217259400;210581000;221549300;204157200;211732800;205362200;205717300;222497500;207142300;223124600;206962100;208830000;215535200;216256300;219613400
1263;217434700;222282200;211363900;218080900;223206600;212001500;224254400;208675100;213959400;208458200;210175300;221821400;213613800;223535400;214329400;221397100;220772800;221982000;252187500;235683700;250048800;222575800;204981100;208245900;217293900;218921300;211928600;206384400;217208800;216374500;209021500;211220300;205667200;215008700;206602200;208424100;211175200;214215500;217794100;217863100;218458300;208662700;216645300;213689500;206082200;212461000;205879100;207910800;211821800;218413700
1261;228909300;215324700;217239300;224115900;210881700;210062200;209660400;213935800;214650800;216262400;216772700;224881500;211210500;228393700;216184300;223374800;224486900;222868300;224123100;214015200;221182900;216932200;229769500;216367300;216358400;223284300;212507200;222361200;208775200;215721200;219874500;218649900;224317000;210710600;221348800;266001000;217313300;208322500;210615600;213412700;215907700;214845100;209984600;223831200;224427500;222703200;223495700;215590800;223681700;213129000
1259;201492800;192361100;191386500;193459700;196558700;199580800;195893800;205584100;194184700;198826600;204261900;188908300;198032200;193487900;190344500;202067400;195105700;191535800;195028800;191010900;200748300;191952700;193480900;201309700;191420300;197522200;189803300;189883200;198706400;188697500;195152200;196484800;194681500;206788100;201223800;198927200;200157900;196083800;196523000;205158100;193857000;201732900;203654900;192754500;202194100;200408700;197009800;199731700;197432800;192706900
1257;225787700;206694600;213096700;229794400;225430400;219809100;208839100;222064800;215311800;215146600;208180100;205688100;211450100;204832700;208425600;205305900;210717900;227690800;218027000;231919900;207528600;219618000;229642500;208145200;211426100;206797000;213439700;213684600;221941000;221385400;215951800;222353200;214084500;221242400;210889600;212543200;209782900;210412900;208043700;210774600;214354900;216271200;221338700;222324100;223024400;217291100;213930900;210624800;207875000;215504500
1255;224164200;216168900;213537900;218071300;224032300;213629500;216590500;212247000;214134400;212439900;224374900;226866200;209979100;217083700;217118400;215974500;236873700;218808200;221410100;215756000;213446700;212537500;215491600;229757600;214009700;215753100;207955900;215843900;218157100;208591500;208906400;209696400;206477400;227117600;208445400;211560700;222736200;209970300;225403800;208386200;214548900;217550400;217459400;258412500;241091100;273512100;213181800;228270100;211421400;231247100
1253;213874300;215533500;211033100;203048600;214981700;203485300;209441800;205595300;204688900;227971900;208663600;214469200;210475600;219833600;211099700;207764300;238010600;218017000;213993600;251573900;213914700;218869600;211928900;211907800;211644800;218620800;212210200;214326800;209908600;213861800;210798200;207193400;222933100;209273300;226145100;249149500;240217700;258496200;219349100;202909200;204426900;236667700;214667500;225051400;204962600;214423600;225530100;215500500;208544600;202423200
1251;218457500;210363400;205662300;214859900;217519500;208224200;225355500;216638300;218260000;212502400;208065200;208722600;205463000;208911300;209811400;211636500;228917900;205457200;224213800;214609400;210759500;216605700;207876300;234445900;205754100;208776900;206983000;209459300;215855100;213827300;213838400;208957700;212322100;220926600;215210000;223669600;210442200;208944200;247862300;260593900;239157300;213166800;216001700;208297600;215509100;212850700;214307100;224431000;212096300;219435800
1249;213371600;233178800;239435800;212149100;211872900;205819300;199980100;208874200;203014600;201677900;211828200;221415000;226234600;203712000;206727200;219122800;201131200;203389200;200334500;200901800;203491800;204296200;205741000;210392900;217147400;225618900;206726600;219282400;200787000;208263300;208973500;204871800;207378500;201320200;213238400;221175400;208009900;211056900;203810800;217514500;216818100;216211500;214733500;223430100;246280100;227411200;246158300;233335600;207095700;209527300
1247;225266500;213215800;220185500;211311900;218290400;209667400;204582100;231332900;216866100;222329400;207555600;218958500;206814300;207204900;213350500;203371900;215899700;215149500;213781700;219809900;204992600;226235700;203477900;208213900;206916000;206393800;211151100;211740700;208126000;208257800;210457100;221712600;216505900;206045000;217669800;213408100;203109500;208491400;202675200;209526500;209994200;206228300;224480200;213183600;219024200;207562400;207573900;222371600;204204800;213293900
1245;140793200;140944200;138923800;142917000;132534700;131397000;152231600;140038300;146756800;141873200;154459800;134396500;135632100;140647200;146397500;139267200;142556600;144985900;139237100;137990900;148428400;141652600;144176300;137110200;140671700;146135000;137577500;141333500;145422800;147005400;136732400;144159700;137747100;136308700;151429300;139335600;148056000;137711400;144507300;138305500;143687100;145215000;141066900;144069800;139800700;143826700;173889500;160950100;155969500;171434800
1243;233295300;203113700;208431000;219415700;219509000;223464300;207261900;221799700;221376100;205490700;211246700;203265100;211100100;204395600;206460400;214638600;211503600;216320100;220970700;208961000;216010100;207918400;214243400;204416600;211458000;205268500;206952700;211560800;212741200;214044800;217177000;214475000;215774100;212498600;203538400;206404700;210794700;206774000;208631500;202451100;226099100;214177500;215093200;219556800;207287400;220539100;208731300;206281000;208916900;204944300
1241;228399000;204947400;223568500;210310100;210445900;213214600;206856800;218905200;209959800;212728500;221323200;207597100;219014100;205273300;226576600;218253900;216064600;218626400;208278400;209168800;210662200;208947900;207025400;211166300;207001000;218549700;211673300;208521700;222619400;202912000;209445100;202614700;206009400;209325800;209251000;211898300;213828300;213392500;217432400;212450300;211521000;205595100;208870100;205780600;204642900;210124800;201658300;208958500;207344300;217417000
1239;220017200;202985900;212197600;203697100;204630400;205577400;202221800;209875400;199974400;205902100;222307300;214265900;213173300;209736400;203507900;211416000;208618000;211795000;209475300;207168200;209187900;222818500;217724500;217927600;201977000;219380500;203655600;202883900;204351200;201305800;210004500;211168600;203336000;208297800;203510600;217677200;216322300;203792700;203400000;198299000;207799000;199065500;202763500;204825400;204042200;210837000;209683100;213489200;208785200;210315800
1237;213058900;199468100;204579600;203962500;202941900;200594500;206340400;215873000;214017900;213964400;205261300;209165800;211055400;212737400;207743200;199286800;209552800;200776400;202717200;216613800;209735000;212025600;201908400;204447700;214854100;204707000;215304100;205631800;216115900;241192500;210838600;212210900;208452300;212170300;203330900;211512300;212993400;205941900;213405500;220379200;208067300;209182700;204616000;205366600;210783000;210240500;214748500;210537700;209805200;200296300
1235;210771300;202584900;212098100;207364000;210151600;206836400;212390300;211577400;202632100;205413000;197830000;207796100;204272400;197914500;208559600;207914800;218923000;203115900;214700200;217668000;202016400;210931400;200064200;197302400;204004100;198056000;199805500;201001200;202054900;221279100;199682800;205472600;211983300;215376700;202059700;197680100;205014200;202851400;202556200;200982900;203331300;227107500;212828200;212288600;203421100;205609900;209135300;215991900;213126800;203265300
1233;198587100;195484300;198487400;194836200;196161400;200418600;186446000;193945600;193360800;181985800;185805400;192069800;198765600;188606500;186266800;182559700;209174600;196393900;201588400;208697700;187176500;198446400;188992300;185198700;186635700;182357700;198175100;201094300;187759100;192112500;186111600;193085600;193686400;185417500;187358700;185345100;183890200;186152100;186583700;187141500;184131700;189742400;199213200;193656000;203737200;188243900;186099900;188282800;190272700;186203500
1231;209356400;198004000;206990500;199830000;206513600;207473700;206701500;212527600;204382600;205413700;200027600;198550000;211350800;200837800;201736400;202626100;204055400;223880500;203101800;215605200;214052700;217463300;212461500;206786500;214755500;209925000;211446300;211562700;205239500;207971600;210873700;213693500;203341100;220964000;199290900;201659600;207077700;201271000;209174500;203626400;216320400;209290000;209055300;216323100;251344500;221296700;253631400;217216200;196185500;196288300
1229;218119800;210369500;213787800;199223900;208204600;215482600;203927000;209299500;196540400;204473300;202655400;196058300;214307900;202288000;210386900;214499700;208634400;202556800;199648400;203141800;206464000;199723500;197999100;211073900;201574100;210522400;221159600;203208600;206498400;204940500;206451200;205033200;196279800;199650800;205033800;200162000;205520000;198429900;199968200;206641700;200174200;203349900;202016000;207539800;209111800;205931200;212789800;198220300;201228000;230639300
1227;213006800;204691000;206992700;214017600;204364400;204982700;199791300;195882600;204188100;202180900;206772700;203247300;199494600;221178200;221856000;199863600;198673100;198873200;199869600;200325800;200559700;194354200;202637600;208540400;217183600;211832600;211372300;216512700;199017100;200837000;200640600;195524800;200760600;196403800;200896600;214169300;201763500;212490100;198783100;204037800;208271300;196503900;208309200;198572500;199030400;203526800;195799200;211204500;214188700;203701100
1225;209643900;183812500;198595600;208673300;206202000;188832500;191342900;210046400;205720000;187825400;191770500;203037500;200592200;186476800;190596800;191180400;184275700;193360800;187222500;196136200;194035600;185182600;201831200;191626600;190019100;196229600;187729400;190896500;193887600;196567400;193312500;180925000;183363700;200027100;192067600;195137100;197787900;186448200;199497300;187387500;186611400;188946900;181156900;186902200;185264200;181870600;185406600;196526900;191077900;191660200
1223;209545100;202408700;204888000;196958500;197121200;199671700;205181700;195477200;198415100;195115200;207322000;213556100;198561500;219473100;199020100;199240400;202586600;191535700;202084400;196930600;197184100;202786400;194887300;203441700;210166300;204910700;202115800;197579300;213340400;205638300;200368100;213894600;202259600;208213700;209716400;204035100;213307600;196973300;207918700;205135400;205762400;198737100;192298900;202167400;202461500;206860400;198459300;197827600;202750500;234412200
1221;236631100;200661100;199573900;195885700;198882400;200609900;193806000;207929000;210016000;218185800;210610000;199492000;221427000;202600900;200193300;200220400;201729900;203083900;197134800;196488200;211879600;202506900;213537600;203600300;200373300;203546800;194468900;205477600;199107200;200236500;200844600;195736800;201838000;214559500;210637400;210365700;209102400;208584200;210146900;201660300;204576000;195523300;204967600;202730300;199912300;200787500;204501400;209597300;208727500;205577800
1219;200550300;199415700;195575200;198320200;202285500;192687800;197033800;198613100;196124400;212808800;191154400;198822900;199770900;193000700;195178400;188366800;190851000;201773100;198513100;199326600;197965400;191470100;205134200;191792500;193340800;193035800;190028600;194571100;193799600;191978800;193348100;192106200;199098800;203407300;204170800;190474500;199047200;197970400;194619500;200830200;192475700;192408900;191512200;189479500;195189100;199917000;192422400;208414600;192016300;193291500
1217;203887500;191688200;201248900;195616800;197588500;203918100;194260900;206497600;202025100;197975000;214883800;194971200;216028600;208507600;204650800;205565000;205656300;208285000;264716500;235594900;254611400;206957900;209392600;199475200;200976800;196232300;202042600;210364900;202818800;207146700;200715700;207873400;202990200;212418800;206796100;235784900;230725500;236578500;197886000;192003100;203971400;203712600;206771600;202963200;195467700;213604200;200526700;194392000;199315000;193975600
1215;202583700;191380500;195527600;202324700;199090700;210671900;199030700;192924400;206957900;195540900;202251400;196592500;192373900;197317000;192994300;197315100;196289900;196585300;210805100;206283700;204076900;198212200;201318500;197042200;195947200;198056300;192576300;198030400;206566400;205893100;213800000;197519300;206668900;197469100;194485100;205049900;195267100;201639700;200902400;195376600;211154800;205041300;197553800;208092700;197986100;217356200;200502900;202817400;202417600;191849500
1213;194714500;185387300;195033200;196206700;182373200;188560800;187361600;182841900;191170800;233426800;209738800;225187500;210215700;184423000;185346800;188416800;186314800;191714300;193573500;179491400;188542400;185891100;183461800;189846600;176514000;182240000;191784700;176714500;184221600;183739700;182115300;203082800;180308400;181626800;202756000;181335900;179275200;181408400;177522900;183512500;176729500;175161300;184871100;183733000;183699700;187797000;186360700;179758200;193613900;189725600
1211;133477200;125966300;121626600;118275700;122121700;129560800;129631200;122209100;127286200;125649000;129486000;124434200;131742600;125040300;128876800;122892100;132572900;122666200;128706000;121395600;135329500;124358100;131224800;130992300;131765300;127006900;130115800;125476700;133558400;155770100;156354200;156195600;173360800;152228100;126374400;128679100;120237400;121843200;146493200;127726100;123348700;121481300;132317600;128754100;127144900;126712500;134801300;132410200;124094800;122566500
1209;214738100;207323600;219208700;242624800;234750300;236145600;215795600;199941300;193510300;205112300;205171700;194841600;213223500;202509700;206299100;207879100;195580700;198698200;193676200;205557900;195944800;194617900;206677900;198911400;208229300;206591700;201409500;204970200;196942000;206101600;201699400;199178900;196308800;196717700;199299800;198755400;202818400;203364700;200259300;207014700;200012600;199348400;196224000;193916800;200936500;192664600;196542300;201714800;200262400;215056600
1207;200092900;196777900;200338900;197445100;215266200;198192000;202633000;209179400;192948200;206032600;193100100;203783100;206855100;195563800;199627900;199964900;196329000;190816300;199837800;201390600;210553900;197994600;201361600;198612100;210011600;230442500;195510700;191845300;198160100;194035700;193772500;202817500;193297500;200324400;215205400;197038100;204489200;194778200;200200200;204197100;193159100;199034100;193821900;191271800;201845900;190744300;196412400;217643000;197806700;212627000
1205;107670800;99152400;103052600;101007400;105491900;96910000;95897400;102517000;99799900;99251000;98396000;103500200;99395600;95857500;98892800;102331700;104282600;101915000;98829300;96702600;97088900;99406400;98105900;103985300;101745900;107004100;98665500;102859100;98758300;101866700;104702400;96371000;100824100;97030600;96671200;98096000;100761300;101801700;107379000;98148400;105960700;100710300;100994700;97167100;107411700;101372400;107242000;110876600;99406100;99154800
1203;204836300;193878900;194311400;199559900;194603700;198088000;200837400;193079100;194487100;199306600;193301200;215199600;193413000;195314900;206298500;200354600;197877200;189721100;192268800;207804400;196296700;206191200;202323200;197805900;199448000;189011700;194083400;193432000;191910900;188694400;192802600;191722400;188665900;198670800;207356100;198312800;199888600;191695700;203214600;195941400;189998200;200336600;196845400;192134500;195005200;187666800;193685400;195556100;203529500;209976800
1201;204271100;216007500;191834300;193601100;200760300;191499600;197561200;194126400;191459900;206089400;200644700;203996300;205725500;193923700;202116500;204585600;202919900;203196500;197290700;229577700;213244000;196216200;212465100;202397900;196699100;197610300;198040800;197864000;196879300;201826100;203959900;198380900;191989600;200484100;206839200;204927400;203760800;197535700;210349900;192705400;197034100;200238500;191575600;194466200;202289700;201894200;207466400;197800700;197338700;202206200
1199;197679000;195953900;185601900;186226000;192020200;184356500;188921700;189378600;187833800;190793100;197474000;193680700;189099500;192825800;192644500;189314400;186977700;190050800;189975800;187942300;184764200;190026200;192918200;204230000;197673900;197054800;194578700;195266700;185076500;188108000;191839400;184598000;195673300;183849400;184857300;198716200;194960300;207226300;192091000;186161700;202042600;191885800;196413300;193842100;187639500;195326600;196775300;188713800;209717200;203104700
1197;205000200;205473900;190467600;200060300;194472600;196009300;200595500;197676400;203116400;200782600;192153700;209583900;199692500;217710600;235471200;224408200;243881900;198357600;188781400;195075900;206306700;208962900;202313100;195090700;203944600;203817500;192611800;206256500;190267400;192444700;194022300;189354500;197366100;195586600;201052300;209539100;194433700;194624800;196319700;187570000;198880700;193575300;192706400;197632400;190777000;194737500;196134400;196601100;203022400;204006900
1195;214016000;197371300;192707900;192543000;196083800;206644800;192348100;192104300;188743500;199588400;206525000;192517500;199256900;192310700;198506500;199492300;196589100;197904300;198115500;194747800;206907100;197145200;193535300;198360100;202224500;212841800;194417700;196220400;196301100;189292800;201055800;198827900;202362400;204255200;197695400;194750800;202979000;190066300;198545600;190081600;190670500;192201800;189673500;193554600;193716100;192450400;203302400;199384800;201215400;197408000
1193;209870200;194311200;191208800;188416500;184988700;187728600;190189600;189891700;196592100;197520100;196028600;197215900;186362700;193071900;191246300;184111500;191385500;185514200;187411500;191653900;184675800;189714000;195257500;190070100;189286400;191617700;194868200;200252100;188590300;192469400;187573700;186018200;195835100;189149900;187550900;194133500;197915000;194439400;193771900;187078400;199685300;190580300;189947800;188139800;200627500;196871500;189096700;194706400;191073400;193031400
1191;205880500;202790300;198930200;187101000;195669500;187573900;182964000;188561800;198849600;197250800;198366300;190722700;191617600;201766100;194946300;192890400;186429700;190791800;192925000;185044700;187904700;190578300;185339200;192323700;197498800;191830500;199712000;186858300;200128800;189379400;184819400;189277100;192873400;187293100;190699500;187760600;201660300;199957100;186232500;198532300;200012000;195800700;188188200;187341900;188266800;185875600;188418400;187359200;189786600;193762100
1189;141613800;139966100;144475500;143200200;133155600;147050500;146036100;145613400;143020100;145149200;148521000;139063200;141580800;154478600;167451700;163757900;141440900;139883300;147022200;136907000;145349500;142879500;136334100;149552200;139176800;137913200;135575800;144764800;138163400;139930200;145233700;150378500;132644700;134537500;146630100;143327000;136795700;138884000;144650700;138302400;143195500;149402300;147124200;135568500;134645100;134729900;145475400;133387500;141607000;139237000
1187;205922800;196111700;192745000;189310400;197489700;188879400;188982600;185995000;190553600;190099900;184864200;192409700;185104500;191368100;201033700;189876100;197498100;194009300;188712200;190441800;188514900;188635200;194485400;193294700;186902600;185384100;191339100;204176900;188832700;194837700;198847100;191278000;193721200;188013900;186529400;191675700;184852700;189776900;190560000;187326800;194467400;195686200;191116000;192661400;196467900;202694300;190467000;195880000;195130000;193711800
1185;203515900;187450400;188456400;195408100;189947600;198173300;189376700;187896200;198540800;182379800;186388500;194922700;187177000;200676800;189580200;185206800;205740800;191621600;192993700;188950200;200536300;202331300;184883100;185587700;192091500;183004900;192443500;198690600;201972800;204282100;187853300;192407500;194018700;182377400;187898800;185634300;184238500;188555700;190424900;185191300;189784300;190478800;195360400;193587400;185939600;191760700;195773200;202017400;194456500;223354300
1183;218908100;229773500;187652100;188160000;192303600;199206500;190660100;191673600;187662000;185655400;190718200;181820700;190053100;186226000;189803100;188627600;182647800;198000100;197288200;189299300;198880200;186179900;186180100;195270800;188829800;198836300;200530400;182872100;193897000;201838200;193250800;195276900;193421300;200886400;186034300;187947200;189311300;187043800;185359900;189606500;200171100;186892900;186633100;188799900;192538000;195474600;185384900;182479700;187432100;188123100
1181;186741000;187038700;180699600;179495200;200518400;188235700;182822000;197170000;183780700;186569400;200983300;182926700;186617200;182807200;180929800;188965500;180908100;182452000;194564900;187767400;201942100;192533600;182817700;196812000;182654000;182241100;190122900;180848800;185641800;186423100;182349200;192224100;195536500;187072000;191858400;193663900;191073600;189473400;196663700;187990200;183716100;185387400;182723200;184742600;182474300;187888100;190794300;195665100;184775200;197131300
1179;104838500;99088700;99635200;99859400;115461900;102705200;102971800;101264700;104100500;105720600;101483100;96922000;98581900;95479800;112366700;113615300;100495100;106713000;104952300;105668000;98744400;97892200;101820700;102759200;107595500;100679500;100695500;98108800;100889000;103304100;96840800;95076700;95013000;101273300;105400300;101491500;100010700;99876700;104048700;104798900;104670200;97239500;97057800;120369900;104075100;132030000;120614200;103068100;97343700;100455000
1177;186356300;183009500;180247500;177321600;182159900;180948500;180708000;193226600;190252100;190464600;177811000;182569600;186484000;178017800;183938200;179799800;176750600;190268900;177104700;176496400;191172700;193739300;189506300;190774300;180307600;197104600;178120200;175912300;185512500;176984900;176460400;180567500;176188000;180298500;196045300;187684400;194597500;192657900;180689600;181326600;191125500;186827800;223077300;183153000;192826300;201701400;181910300;186488100;201042500;180987300
1175;187818100;174703100;176893100;174351900;176576300;184855100;182401600;179077300;179077000;175934000;180406400;182656300;177498900;178223600;187872900;216393300;204233000;225053500;189221300;172481900;173829000;184264900;172487200;173173500;185962200;178508200;183994300;185556600;171877600;173904200;173353700;173188100;179074500;177906100;174100400;173796900;178760200;178419800;185386700;180492000;173472300;186419000;184567400;176069100;181925700;172233900;176624000;175001500;174284800;176330700
1173;156938500;148752100;163354300;148270200;168356300;153984500;147005800;146841600;152867100;145768500;142244600;147545400;149610200;143039000;142687500;150987300;145699500;155007200;159893400;155571700;144590800;145829300;155947200;144928300;146408200;152485500;150470500;148043300;146119200;151441500;145175000;151677200;156071500;179400800;155241100;148857000;149878200;151627300;145479700;153770000;144582000;146835500;152716200;143606400;142782800;148798600;155916600;149262300;152332400;146791300
1171;154583400;141659000;154379200;160840700;146726900;155471000;142093400;148532700;142207900;156683400;149854900;137994400;145311900;139276700;145408900;150761100;153200600;142096000;151374000;150641500;142400100;146743800;152699700;141664400;138408600;145916700;144417500;139127000;143725600;149637600;141465600;138539500;152760800;149247200;144529000;143969600;164719000;152331900;144320400;154189000;137834700;143364100;140129800;149093800;142585500;138257200;146420700;142043700;139096700;138876000
1169;177711600;157641500;151494200;169330300;151549100;149920600;165633700;161640600;155665400;165958000;162457900;154212500;160882800;174021700;154804700;164130000;151714200;165926100;164752100;154264400;161650300;156683200;153028800;150126400;149766800;158484200;152851500;156656800;159647200;149402800;153148600;160391400;152810100;165052800;170150300;165842400;188686100;176441800;182637100;178066100;160657700;152132800;156398900;168998300;156408300;161982400;153773500;152825800;148428300;160879400
1167;193536400;173624200;178606500;171490000;172244000;178939900;176732900;171355900;181057700;181786300;184422700;185675300;179371400;179734400;184634900;171697900;177907100;176871900;172378100;178981900;182956400;171328900;181015800;188039300;184479900;177025700;183925000;184910500;182719400;196701100;186292800;169393800;175179400;176536200;171137500;176078400;182229800;171963000;195440600;179360300;176414300;181678000;172224800;177025600;179316100;177910200;175453000;183147900;182980300;186587300
1165;211406100;185102200;185262300;189702300;186114500;191517500;180757200;191757600;183167200;178173100;191606200;195137600;185130700;185770300;183135100;189367500;200608300;185475200;194926400;189798200;186562600;185047400;188233700;183179400;178556800;184948100;206347500;187935400;199623600;184459200;186066700;197878200;181679900;184203000;183158600;178328000;185296100;184973400;181373600;186613900;188509300;191775500;190221400;183456500;182766200;191133400;178658100;184025400;180432800;179780300
1163;192216900;176884200;174271800;193091200;192489400;190361800;189676800;180345100;188354600;192493800;180071900;182759400;183009000;179718200;181929400;182301200;179649700;177399400;186544100;190906300;184783700;181100400;185176600;187337500;181642300;180333900;187422700;192791100;181481600;184191700;197884200;184805400;203592100;188143100;180432200;186489900;176803000;179035200;179807500;174402300;176688500;189209700;187052900;185477100;180907000;180011400;181742600;184006700;178167800;184763100
1161;168272200;162131200;165146500;160431700;158560100;165594900;162741800;160603900;181954900;180186500;173580100;167899100;168098800;167205900;166127700;164520100;160277500;159275700;162525300;158534400;162755400;156541000;163246500;171517300;163319800;167627700;172592000;160589600;173064000;171423300;163110700;172594300;177176400;161562200;163455900;171772200;163146100;162783100;188218100;164371300;164016000;168298600;161197400;161861600;169027000;162866100;168119500;169081200;164569500;163623800
1159;209592700;207103900;179249500;183112300;180244300;190782100;179993100;178206800;189172400;173603600;178033000;176553600;184718500;183605500;178908400;179303600;201366300;190613000;202388600;180943800;189346900;182413300;180789900;185152700;181711000;174642100;180270200;185722600;185113900;183277000;182658600;180347300;185558200;185037100;178185800;178652900;173695400;183789200;175721700;174520100;178165300;178240900;179762800;195461000;192724800;174157300;189513100;173724700;175263500;184245500
1157;184475800;180381400;179083500;179121500;181617500;182986600;179975600;190879900;186892900;185989500;190486700;178133200;180054400;176061300;176458200;184458100;186748900;181875200;185092700;185753500;190104500;194226100;194153800;185908100;183904500;202505000;193443800;185300700;186788300;178791400;176923800;179482200;182764400;186812000;187923500;177987900;180924700;181430900;177547500;188407300;174580700;175361900;192135900;180840400;183364200;191452300;181267700;182088800;198700400;183327200
1155;89814400;85294000;83526800;81849600;82493000;81441500;87088300;81998600;92781600;81766600;82005300;79353000;83194400;80870200;81199900;82617400;79144700;79615300;85447400;89707200;84675500;93193200;82561500;81954900;90364100;86933100;79304300;94045900;89009000;84401400;93727000;91889100;82670700;89549500;80618600;79068600;85823400;80666100;79714300;82219100;83244500;79983300;86743300;80684200;79594200;80749200;86137700;82391600;90300700;84067700
1153;187291300;183900100;181133100;175757300;177682000;179144400;176054400;185362000;172869900;175855900;180358500;172330500;171935400;185659300;181686400;180958100;183976100;173902300;183780400;186541100;173901100;198075500;173674500;174131800;191428900;176047400;175313900;183989400;177822300;181747400;186398900;175957100;178766500;181298500;179085900;188053800;187653500;185611200;178442800;179008100;182958700;180047300;178977700;181852900;179194400;183507600;185122500;179600200;178757400;174779400
1151;176478900;181057600;177313800;182776300;180791300;172658000;179104000;185236900;182696000;174214500;170420200;168634000;175632600;178170600;170768400;170462800;169300500;170301600;191907500;173152400;175072000;178677300;175552200;173005600;178134900;172320500;170776800;176089200;175343800;169706300;177411200;173281500;178346500;176344300;181340600;182937000;177864900;173167200;173462600;169158500;174478200;180752200;177401600;171050000;175039200;169263300;174230000;183948400;174845500;184887000
1149;181233000;179513800;183751200;180687200;183727200;180738900;177745600;173725800;180626100;177982700;175137300;176196500;180633700;183937300;177220600;174803300;177070900;179299200;172420900;189411600;181260900;187126400;189351400;170736500;185011900;180929200;175874200;173564600;176967900;171232400;175031300;175049700;172839000;174555800;175653300;170280600;181807500;177235900;184375000;174751400;176593100;174914100;185401100;187136800;177020200;171936300;174965300;177633200;176435900;174628500
1147;185618700;179339100;191373700;176908100;176452500;182295500;176578200;172192200;187548500;171173200;172033600;179268900;170848000;171641700;177196900;179525100;179151300;184970800;181698300;182041900;190450800;175610400;175255900;175784900;170626500;179427500;180081300;171217700;177514000;177979800;175808000;181577800;178468800;180822800;171712900;181763100;177302700;172065200;175799600;179759800;173592900;179612200;185669500;179287700;176704900;182177300;181405400;183293800;177199600;179017500
1145;183107600;170298600;173091100;184783400;184755600;178082200;180406200;174710000;179809700;184218800;173779400;177661700;171369200;169981600;177184300;169678900;170400900;176863900;170977200;170722200;177883600;178009500;180383200;186446100;176163800;178808400;180256600;174564700;175222200;174122800;170792500;174790600;174878300;176968400;185551900;176940700;180956000;184147700;174907300;173837300;176086300;173258700;172443000;179605700;173485200;174059700;170909200;173042500;176195300;176816900
1143;189122500;178188200;170605000;179486100;178576700;181759400;175638400;166807500;168027000;173792600;175808500;174268400;169803900;168783700;172733100;183453000;172507400;176426000;180428100;169156900;168829700;181279600;178294900;182450600;176613400;177541100;170737400;182332200;177554300;174120500;176012800;173999800;174311400;170887900;179341700;172263200;169399800;167142000;177847100;173333900;190566700;187624100;171727500;174249200;188421400;170998400;174733900;181751600;181071700;178640900
1141;126211900;118397900;124226600;125546800;117544400;115609700;120155300;133199400;124019400;118429800;122376800;137531000;121551700;119781500;121319400;126715400;120429400;122467800;125988000;123151600;118675400;115730200;116575600;120424400;122257400;116496900;119946300;122288900;123980600;122068800;126071900;123103000;130326600;121844200;120444300;120332900;124980100;124322400;117116900;116681200;127255000;122127700;123589000;119870100;124669600;120215200;120630900;125268300;134802800;125693600
1139;181283700;178984800;169427900;167823300;178416600;172886700;178453000;177543400;174602900;167518700;185234100;174209500;172225900;171517300;172631200;178681500;173837700;164927300;181743600;166242200;164665300;180551000;168937800;169545200;177483200;179011800;166711200;182894100;170812300;173009200;181422800;212339200;192960200;195850900;192572200;177636700;165233500;167668100;181951100;174636000;175280000;179647900;166058400;168753600;180157500;173509600;169579700;167467400;168534000;170169400
1137;173926300;173067500;170850300;172462800;179707800;178651000;178142300;175948300;176841400;173182500;173737300;177555100;171509900;175630500;175119700;168391200;175635400;171001300;175674500;192721700;174179700;170605400;185449000;169754900;173399600;176595600;167246300;165374300;178807800;167653000;165479800;174708600;174765700;173515100;177905800;177586800;175625200;174454800;169581600;169366800;175620700;185018000;178805500;180576400;167848200;173039900;174943500;168874600;172559400;173864800
1135;125371400;121102400;116057100;116622900;112832500;111528900;125935100;114891200;117851700;110987200;130241900;121487400;120239600;119071100;119746700;117512900;110683300;121408600;131094800;114313200;117478600;115854400;118153600;137310300;147124900;130548600;139329600;138006900;125955300;114969200;117269500;114279100;110537200;110047300;120412300;120015600;117153700;124335700;121170800;122699600;120647800;119039500;121184100;120036700;118512400;112166800;111991600;119917100;116147400;113144300
1133;171818000;173192600;165937900;166662400;175668700;173469200;171825800;178994200;172086200;170050900;179139900;166527000;169235400;170634700;173715800;169440000;168782300;169382700;173425400;167912000;178630900;178450900;177739600;171793900;179097700;175323500;169653600;172828700;167463400;170313200;172857900;166042600;173155400;169133800;168891800;171089900;180816000;172385700;178177700;170573100;169195300;177660500;171774200;180198600;172489100;170188500;169346900;184828200;171939000;178717000
1131;193546100;165077100;173603300;172400200;164791700;171202100;173899800;169874800;177104200;182286200;164793000;167243100;171610500;162992300;167867400;172760900;173268400;198887800;193950700;198518200;189740100;172477500;167539500;165058700;166319800;174767500;174689800;184618300;168562200;171747700;167709300;170762400;175357800;166295300;166880300;163924800;162442800;172873000;162405300;165560300;174504000;170510700;173914600;177889700;171804300;167207500;174073000;165398700;162835200;170501300
1129;171037800;170171800;174498200;167867600;168905500;176366900;171121000;175380700;175328500;170219300;167792400;175446900;170015900;168251400;169537200;167748000;169629600;174111600;172713600;168603500;166622200;179463500;182723600;168202500;180194500;174368900;169613300;174199800;179607200;174002900;184699700;175198300;173538300;186928800;181173600;170369600;189224700;170836500;171817300;178074500;165450200;169033100;174678800;164321800;164071400;173883200;167767000;169251900;174993300;166147700
1127;172972600;174598400;173166400;163190800;172357800;165755000;163849900;170397700;163531900;169059800;173449400;167360500;177343000;179681900;168653600;175566600;174201900;175482300;175134700;167598700;164982500;166503900;164055600;169029100;167868700;164390700;169718500;172477200;167772600;175717000;172474900;166255300;169536400;172624300;168888300;167612100;169711400;163208600;171227600;169399400;165728200;169905800;171817700;166908700;170845700;173811300;165846400;167451100;171320900;174924200
1125;173038000;174927500;163643800;162382800;186663700;208940900;174472300;205982400;169437200;168660700;170875100;165508700;164546600;173154300;160594800;172200800;165931800;177082400;173133100;172303900;169524800;177406100;169441200;166404600;173418400;172406100;162959300;165954400;168647800;161616700;163777400;159955900;162523600;177818800;164912200;172009700;169749700;163062000;171043000;174485300;176632000;168759100;162003700;161280300;165792500;163808100;161124000;169844500;166584300;172999000
1123;181537000;167868100;167060400;171371000;169666000;169705800;168455900;166605900;161895700;166734900;169261000;164889800;168133100;164917100;162365100;180484900;181479100;167293400;178226900;169056100;167550800;168195300;164842100;163543500;168365300;169419200;167741700;169230400;169632600;167536900;174498000;170627600;175479800;176077100;169160300;180465700;180308000;165330800;170449000;182623800;170148500;174732000;180852400;163953700;179471700;168608300;169212800;175953900;166994700;163440400
1121;185496700;163134200;162362000;170999100;166301500;171147700;176951800;171958900;164269900;167212000;174637100;168614400;180953000;200994600;188209500;191129400;204733500;174677600;165742500;163459800;168480800;172789600;169656600;167994500;174044400;164829900;173736000;172403900;164575100;166786300;163513700;165393100;165814700;161509900;170062400;167357900;171375800;173642900;172896300;167140300;172226100;178100900;163345200;164164100;169388200;161814500;163247600;168262700;163547900;165047200
1119;170028500;162900400;165443300;175978400;168302800;163034400;172775900;167106800;161907900;169991200;162144800;161254000;169333500;161411400;165669600;176660900;164076900;165985400;178307500;167428600;173295100;166372900;171862400;166390100;172128400;175215500;170534800;165872600;168256500;167562300;180103000;204291000;167049800;168435400;172993700;175481400;162683800;170138700;169104600;161311600;165246600;166874200;169812000;177465500;177181500;166184900;165904800;179280800;199284500;167378200
1117;167933100;160668500;163498100;162730300;159962200;160259500;167128800;159697500;163928200;180374300;165201400;162085200;183454000;165000800;162310200;181894000;161709900;161410100;167258400;165203500;162772600;168877300;166163400;173348200;169165300;174809000;176270000;165297900;172480000;171757900;165402200;166350500;162304400;163156800;163471600;161947600;160694700;165569800;162105000;171790300;169257200;166976300;164548300;159538200;176717200;170602500;166260300;177895000;163411400;165596400
1115;185060600;168560300;168734100;169808900;162819300;167816400;169179400;165200800;161132500;176177600;161785900;160088300;171032400;165720200;165655100;166629500;172913300;163972900;171419600;175132000;166594800;177649800;177589100;210002600;194768600;206399000;184081100;163767800;160799500;167287900;166692600;180641600;178771100;164971900;166367700;175761300;200948000;185880500;169159500;160173700;168543100;167140500;158913200;165058200;165600900;160188000;177805300;178991200;161153400;170711300
1113;121463200;107360500;110571400;112863200;115822100;110684000;106144000;107715300;110308300;113620800;113108600;104940000;109851100;113437800;108355800;106178000;114459000;118720800;117345100;107606300;107630200;112203300;126051200;112656100;109015700;113484800;113052700;117237600;107514000;106062700;107617000;114394700;115371100;107986500;109248500;111346300;110658300;112800200;107808200;118264900;111610800;115896900;111730900;115940300;116658000;114017200;121719400;109864500;112825000;119499600
1111;166683700;154992500;152660800;153330200;152907700;163983900;169321800;156251800;155084500;148391900;150757800;160089400;154011000;149142600;156366400;154640300;146051500;150465100;162199000;155544000;154657100;161707400;150669300;146601300;154433100;155975400;152023000;159649500;159242600;188815100;165736900;172565000;193349100;159530900;149444400;145158000;147854500;161343200;151004900;154944400;156669200;158309000;146425000;158732400;164450000;148564100;150240900;152516500;153686500;147013800
1109;169888500;164399200;157345400;164802300;160903900;164276800;168902900;169574300;157851200;182038100;168376700;160661200;165361700;157240100;162372300;165061700;157113000;161980600;162636400;156227000;165405400;185989900;168309900;171808900;167930100;160367900;166310500;174734100;155896000;162811200;174030600;157816200;160055300;163040300;159603900;161527400;176378000;159454100;157650400;164538400;158594400;160229600;169849300;164008000;161689400;161211600;172023500;157508500;171477800;170718800
1107;139247800;145887500;138067700;139188500;129930700;148674200;150767400;131735000;135470000;136689900;134013200;130156400;137453800;137015000;144483700;134064700;140056500;135277300;140245800;136661400;146818300;145356000;136718200;136175100;128558100;128687600;134651200;137102800;129341400;131606400;136746400;133762900;128779300;129023400;139418000;136073000;139679700;138634700;148327900;132455600;129989000;133036500;139652800;131427100;129157200;135744400;132698800;132033700;127991800;136600700
1105;148134100;140047200;140042500;149310000;145833700;148483500;155496300;148933200;141777700;152018500;150790100;139400500;139838700;148534400;145930800;147600200;144337600;143436500;148145200;139951800;147105700;144170000;147291100;150987300;145845100;149095500;148032800;143726200;151742700;144461000;146563200;140278400;144331800;145611500;144155200;142153700;143054600;149158300;146148700;151943800;151008200;143056100;145375500;151562800;149157000;155697200;143232200;146934800;142232700;141605400
1103;174051300;160982100;161018500;170249300;172029900;166730100;181685700;162588500;162739600;172681900;158378100;164135500;169858500;160519300;156181900;166633600;176343000;166333700;167427700;172602500;161538800;173016800;168762600;160559700;168628200;168931300;157994700;162145000;160554900;159098900;161140500;158277900;164079000;168048700;165136200;169025400;174430400;161798500;168020000;165847400;159571700;162597300;164173100;157340700;157097800;165122800;159682400;157333600;164555100;164017900
1101;143841300;143788600;144915000;137481400;138151000;142387000;138691100;134628900;131378600;144118100;132883500;130119800;132745000;139747100;132595700;132154300;132572500;143661700;139739900;139462200;144628600;146601200;133674500;134741500;143009100;145774100;141219300;148732700;139570000;136612400;132508500;153723600;156961800;140788100;137129000;138774500;138305600;136638200;140212800;141685500;137701800;136479600;135496500;136271700;130621300;141074800;132086300;147527800;136585100;136334600
1099;163838300;158605900;162180000;165208000;161467600;164235200;161110500;160556600;164625900;159149500;159581600;158297400;156243700;160195600;162630400;155355900;158276000;162997400;160503400;154805500;160004500;171259000;160358300;155968200;158584400;153690300;155213100;167259200;153065200;153242500;162636600;153761100;159091700;162413100;166406600;159684400;158839900;160672400;155773500;156896500;162334500;156864200;160851800;154848800;159678700;153976900;157955600;158754300;156887900;159543300
1097;160121200;147954200;155143100;144255200;154198200;148242100;143082300;145148300;143136600;151748100;142679600;147950900;146882400;143070000;144515600;154070900;150568600;153181700;158145000;156042400;147559600;147663100;163201600;151369200;158606000;181785900;150156300;143325500;156171400;155347700;149997700;146313900;164484000;149615500;145642900;165722300;145887700;145604700;154073500;154009700;145459700;142477800;158097100;147262100;153335400;151753500;157252600;144892400;144501200;156160100
1095;172353000;171251800;197308700;188635000;180364800;204954400;169864100;155966600;159257200;156002800;170719600;164155700;165192500;163543500;163207800;166025600;173411900;163039900;166681900;166035800;154724600;161315500;162218200;161271900;159858600;163117000;160511300;168437300;167849800;161041000;160097400;175106500;167056300;154698800;162731600;155302600;160887200;161073500;156641400;157179900;159462000;160897900;160573100;160986000;165033100;159604700;159295800;167758700;163991500;157407500
1093;106261400;100305200;96011200;94793400;101571800;101195800;101917800;98440300;95794200;98912700;101548000;106149400;99742400;98904900;105214100;107125800;100064300;103266100;101832000;106284900;100957700;98602400;109534100;98119800;105419000;99153100;99043000;106165300;100974400;102056200;98746500;95994900;99635000;103513900;110040400;109790900;96805800;102435900;102039900;107412300;100074300;108054800;98365800;106444600;109976800;97860100;96367100;99833000;109340800;98668000
1091;159565700;150822700;164508700;153576700;156679700;160979100;157052100;151932000;161224200;176104700;167853300;157549700;156151100;151570300;154144000;159457200;151468200;149951400;158561700;152484200;155817500;163173800;163673500;153430700;160453000;159713400;154087200;166203600;156636300;151810500;155493600;153317300;155659100;151209100;160589200;153404900;151726300;164043100;156285900;168987800;160279400;153768400;159523400;166658500;156167400;155059500;155158100;153400300;152539300;162140800
1089;155684200;145966300;153974000;157180700;155648400;150415800;161028000;154215700;148675700;167184600;150656200;150025200;161603400;152718900;151616800;150143400;168924400;152238700;150253700;166183900;156428600;151244400;161737100;154659600;148640700;159316000;159291500;155724200;156737500;155395800;161228000;160449300;155372000;153589400;155540100;153980000;157826600;150996700;154119400;166981900;155988500;155656600;147929700;155750600;150518600;148560300;148850300;150858300;164726600;151985200
1087;159076200;150630600;145945900;148460000;155372800;149063900;142657200;151870200;147727300;147692400;152504700;148610700;142847500;141050400;147830800;142626100;140915200;145596800;160617400;148586900;147261600;153169100;145166400;144645200;145662400;153603500;143518000;142535700;151574900;145266000;141089000;144512600;149590200;142675500;141758300;151285900;150027000;153342400;158520700;154965800;149226200;153490900;145923300;148047000;143860000;155078100;151298900;144344700;149655700;141878600
1085;162850000;167440800;157675700;165378100;161746100;158518600;160911400;158861700;160069500;154717800;169396200;162492200;160077000;161978900;165565900;159656200;155389200;157963600;158476700;168183400;174362900;158570000;154706200;171893600;160484600;154393300;162935200;159071800;156511200;164082300;156049100;156001200;159683400;169682100;160395400;168571100;162778700;158687800;160905400;162297300;152991000;152709400;157557200;153761800;150971600;165132300;157506600;164557200;164060400;164316600
1083;160788500;165092200;158294800;152849800;157178200;152363500;158749800;155713000;151964700;156834300;154560900;155977200;155876600;161835200;165235200;161081200;158271200;163512700;155955600;158902700;162477300;152467100;157506900;158295600;153125300;151953500;161233700;153091000;159353300;160630800;172037700;156628500;155004400;160431500;155732800;151717400;158892200;152880800;152514700;162079800;154386900;151766500;158843800;157261600;155088900;162902400;167034200;156287600;161801400;162982000
1081;166253400;164876700;154212700;159406600;157542500;160016600;158665700;153096600;167431000;161971600;166261400;164280000;165251400;155544800;165555300;154862900;157990400;158424400;151101500;163656100;155942300;156941900;166927800;161965600;158910700;152977900;163641200;185933500;158787500;163883700;153737600;153218300;157494400;153785300;152843900;152151600;159529900;152098800;155268100;164188400;168613800;163337300;175861800;153381600;153885800;166677100;154348400;155378500;155302400;158054900
1079;160884000;153984600;154622700;152328500;152192800;155834300;155698300;160636600;169931200;159992100;151021800;155719000;159718600;151784800;157601900;149954100;162771300;154891200;150288400;156680000;159014300;154079200;155990800;158332900;162617000;155746300;157891000;161691900;156079500;158591300;155096000;148690000;155738000;166359100;153928300;154993400;159706300;152256000;154789600;164002800;163131600;154498200;152765100;163512000;156091100;152574300;161565700;153368000;159635800;166934300
1077;158126200;151798200;152620700;158521900;154471700;160413700;162841500;151018100;157808000;155496400;155138100;150957300;154053700;153453600;153477700;160005600;160098000;157078500;154774200;156564400;154268900;157727300;154487900;156170000;148395700;153170300;151470000;151063600;155716000;150829500;158900800;153203900;149095000;153458400;168417700;156585100;158474300;168741000;151026900;150502200;161513100;159191800;149993200;151647700;155482900;150013300;152817400;156795300;149241400;147400600
1075;100213100;93394300;93470600;96342000;101682700;94317600;110386500;94599000;92608500;94509100;98450700;110860000;96712300;90674400;90755400;90845000;95389200;99276900;93607700;90310300;92067000;92108300;97410400;97089900;91328500;90630000;89653000;103770200;93178900;94578300;97121000;101858300;102436900;98511000;99181700;92176000;92430800;102712000;102354600;101176700;97380400;101609500;103538000;93628300;98977300;105108000;95435900;101544600;102037700;96379300
1073;166155000;155550200;155024700;169756000;158240900;153879400;158075900;158885800;157748500;153404900;157043700;162071700;156734300;161041500;161906800;153743900;156604900;167976900;162252400;154753500;181563400;163250800;153543200;163392900;152617500;154020600;152701600;149381800;151770100;154101000;167571800;161649900;160044100;168243000;153095500;150350500;176699200;162022100;153090600;156856500;154720800;151017100;155711600;156348400;153790600;152693600;152029900;153219300;154125700;163457400
1071;167825200;154787900;154024000;155989900;146490900;153652700;146917600;154159400;150856300;147679700;150598900;151160700;151690100;154110500;154592000;160800400;151447300;156678400;156248000;147842800;154898500;156228300;146063200;146131400;149349100;157388600;147318300;148316100;154901900;146196800;151064800;165784500;158247000;153160400;156770100;156042100;150443500;148905500;164215000;158387500;151413100;167840500;149762800;155993400;160692300;159656000;153103400;159878100;159866800;148466300
1069;73484900;75321900;64111200;65192200;67185500;66562700;63197400;64852400;73268000;71435600;65880600;68273900;73554200;64117200;62020200;63063300;73409600;65938500;64098500;74285500;70720200;65217400;65819000;69433700;66761400;66970100;65047300;69334700;65777200;65067700;63131800;74919200;68620900;67231600;66417300;76089600;66697200;66320600;69944000;64398500;63540400;64958800;66111400;74633000;63112200;67537900;64556300;62416900;62729700;62247200
1067;156834700;150254700;145544000;145506000;161545200;156115700;158126500;155628200;157410200;152317500;154805300;166404400;147308000;145974000;152422800;146443300;145711000;148309700;148451700;145355200;145541100;158239300;155638800;160634400;166221200;151674400;152901300;156980100;156527100;145516200;148809800;156247300;148221600;147765900;152844300;151805300;147193100;151782900;151101100;155534600;163516200;153481500;155934400;150293700;151685200;158157300;148015900;152301500;145579200;151627000
1065;133913200;115712000;115033700;121789900;126005100;113366400;118387500;128648400;129642600;121880600;119837800;121891000;121372600;122170300;115862800;113147000;121227700;129751400;119497300;122031400;124675200;126386800;118416000;116082200;119211000;124743300;126477800;120891600;119493200;132833800;117106400;118271800;120334400;126694900;122906600;120796200;120286000;121841800;117517600;116675100;119281000;123761100;131791300;118648800;125227600;119887600;125043600;116096100;115806400;116925000
1063;117869600;127334100;105072900;101497900;109475400;103673100;102174600;100848700;100496300;109618700;103392200;104655900;101724700;105984800;106345800;109668600;103871500;103216600;127070700;102027900;109149000;109799600;106479500;111437100;102661800;109218700;102307300;104789600;107704700;101382700;105966400;105727500;108664000;101615200;103189700;104757000;104792600;109202600;100699700;99816700;102073200;108729300;115918000;109173000;107206800;113923300;116110900;103482200;101670400;101714600
1061;170641600;148752600;146580600;148087600;152426500;146089100;147133300;152366600;145144300;146010500;159677600;155982200;155567400;149307300;167399200;147320300;146829100;161147900;150117500;151312800;156015700;159472800;148168600;156273200;173016100;165749900;156863700;155303900;155704400;149040200;151742100;156085800;148079000;164104100;150875500;147117100;154076800;150228500;162735500;156080400;153154900;152704100;152536600;159504300;151096000;167190900;158550700;182922600;168481300;174980600
1059;199441500;159369900;143898300;143134000;147822000;156248700;149722400;154812900;155604000;148753500;144945600;157891500;156081200;144287000;145588000;149004800;145823500;143928800;148540800;145105200;143853700;145818600;150135300;148148400;149908300;164584500;149390700;146992700;152819400;158192700;145102100;147514000;153665800;146152300;143886500;149818200;150579000;148675600;150873200;143907200;149438900;154568300;146808800;154383200;146073400;156029900;148426200;154989300;149027000;143476300
1057;148661700;141154000;142993200;138655100;144650700;148024400;138713100;148055800;153764100;149352900;140193500;153509400;144900200;141880900;143685700;158976100;143298600;149890300;159227200;145817100;139022300;141851600;159998100;150122200;142477300;147437900;146439500;147656900;146434600;150832300;139840800;143979400;145810000;144335800;137441300;137611500;160103800;148832700;145923900;152192900;152634100;140784000;151528500;154843900;139391200;138002300;145984700;143487400;138991300;147640200
1055;147815500;147441500;145726900;146273000;144902900;148961100;156505800;146721000;152809300;152646200;144670000;151740800;149023600;149993200;142639300;147854400;146393000;141379300;141316500;150262700;145517300;141475000;145866200;150219000;145955100;153769500;155778700;146160200;145620900;147684200;158035300;142868800;142026200;152096700;143818300;143507500;147182700;150452800;142782400;142003800;164037700;148581600;150438400;150902200;158973700;141726200;146193000;155598500;145814900;149603200
1053;190103000;149200600;142844300;164944500;186238800;160861800;150223000;154049100;153731100;153532600;153518000;155839000;154762200;155239900;156771200;145947000;155067200;156584300;146574100;155673200;145753200;154951200;149920600;155096300;153049500;158993400;148777300;146127500;153153300;152033200;146796200;147880300;150521900;143796000;142164400;152008400;152108500;150270400;149452700;152564900;149757000;143733000;163744600;150389800;146098300;146740200;147552000;149410200;141741500;152050100
1051;149116400;138491900;146198200;148495800;143137900;146527100;169305500;144865600;150663000;148727700;149220700;147746800;153891700;147930000;143182900;142792000;146024100;147986900;140484700;147093800;142104900;151080200;162117300;150040200;159594500;152602600;155228200;155556600;151562400;150860900;141931800;145226600;147912900;144676900;141537100;147832600;147625900;142672900;144379100;156443900;151381300;145283000;150441600;154689100;141603900;144745300;156426300;144637400;149366100;150272400
1049;158233200;148209700;161819400;162147700;151857300;150008100;162816400;154507000;146312700;172794800;146385000;146317900;166097500;152769400;144972000;153532200;163275000;150887100;151348700;160526800;147366100;151822600;164699700;157840500;148868000;152496000;150311700;146646600;150194800;145104800;151126200;145527700;148597400;150134600;154189100;158681700;155530100;164347800;159359300;152061500;150453700;154613100;169851000;187490000;152974500;151231300;144581600;153710300;148017800;144643200
1047;150552400;148370800;146493300;148501600;158916400;147930700;144486400;150661900;151589800;146944600;143281700;151113400;141687700;141448200;145876400;153405900;142942700;142368100;151407100;146423200;145232600;152677900;150528200;151498900;150230200;160223000;147687800;144288400;148793900;148074000;141321900;147793900;146790400;146653500;147665900;144575400;147249500;147516800;160239500;145287100;152913400;148836400;148339800;148882900;155850900;153066000;151436300;152695000;150684200;146497000
1045;131466300;121596500;128570500;155782200;159916300;158729700;162971200;137256800;126347500;126293000;122227800;120396100;140073900;119236400;118435600;119439500;130479400;126917900;124964600;122348000;122437800;125204600;119413400;122746100;124855200;138195100;158881200;130379000;143648500;130230800;127104800;118659700;126698700;120332900;121990000;119345400;126801600;124364500;118238700;120625200;130766800;134763900;122389800;121889300;130638900;127033100;120500500;119387800;135955100;130040700
1043;145493300;141051200;137001600;141727900;138110500;144116900;137117000;144109300;139992500;147052900;146105200;144851200;149120900;140780300;147967600;150532100;139074300;136574000;144942800;145148200;137422600;140418400;142146700;138112700;137725900;139854000;144009500;142090900;142424700;156210700;138889600;141939000;137902400;158875200;143566100;141054200;141982700;138004700;137498600;139862400;151834400;139028200;139655200;139767000;143452300;142311800;140720000;154055400;144539300;143000100
1041;157451000;151378600;142135800;142973200;153407700;148201300;143921800;151119000;151383900;143014500;147342300;166815900;183730200;179178500;189123900;165597300;152169800;145914200;151687800;154462900;143704100;146579900;141237600;148664000;144215500;155906000;154985200;145307200;144133400;147271000;146447600;144750300;151007900;144224200;141219200;139854300;148029100;141568600;139584400;143328700;147108800;142105700;140117900;148966900;146416200;145494000;141557900;159744400;148001700;141557500
1039;161714500;142857300;145473100;141363800;142536100;139648300;137942800;144861600;141512300;144086200;143545400;151889700;147766100;142169600;151828600;147146900;140750800;148283500;138436800;142677700;138831200;149511800;143161100;142613300;141995400;137639800;149455200;137421500;148201600;142938200;155643300;156830600;142369500;146816200;149453700;147505700;143590300;148387200;144873600;137305000;138114500;145193900;144172800;139297400;144125700;145856400;140998500;141855700;154974300;146894800
1037;148106800;142133700;147233200;142441400;139598300;145784700;141671500;145853900;144171700;151909700;140779600;141555100;155774500;150769200;147500400;158944700;155186000;141847000;142142300;149805200;144442300;143810100;146550500;143242800;138821900;136789500;153656600;152293700;142702300;143841300;147921600;142176900;141689300;156620500;146092700;139383000;143219200;140496100;144271000;140411700;140570200;137213800;144935700;144067600;139019600;143144200;158192000;147387000;146311100;146244500
1035;110397800;96265000;99793700;99214800;103342300;107323500;99976600;95184600;95279800;101315800;101691500;95679700;97049500;94216500;97408700;102839100;96425800;93770200;93101300;94702200;113163600;101259700;100050600;96417700;94222100;110177700;100061500;98577400;103231500;98412400;113609500;96794300;97095200;92360100;93804000;103688400;99630400;96547700;94232900;93473400;104155500;101965100;96526700;96318400;94104100;104210800;104034400;98176400;96408700;94029500
1033;147293400;141025500;132263800;137656700;145964700;143006600;133810900;142045300;189557400;137691300;138572800;138798000;141533200;133493700;139903000;139338800;146056900;137186400;134666100;136035000;137280100;138541900;132199000;133729500;134514000;146241300;135712800;143325900;135645400;139132900;134325500;135195600;143208800;142170600;133724000;146663700;135988900;134101600;131914300;145311000;139782900;139285400;135702500;144373600;134768100;132685200;144086900;135682300;131951900;136237000
1031;97339900;83704600;81758200;86384200;84411100;88523300;89403200;92244400;91945300;92878400;110242300;92742300;100906200;92387300;108059500;104510100;88339600;83321600;89011500;81560300;82806900;83497800;94124600;84263000;88296500;85459500;83739900;82827400;95441500;87253700;86953800;95542800;81962700;87052500;91203600;87560500;90039600;87263900;84174600;92867000;89918400;94040900;89218300;84291100;82812500;89763100;84055000;83347200;88907300;84432800
1029;144372600;134184200;135898800;136380900;142846600;139163600;151712300;146507300;136864100;136554300;147135500;142642300;134372200;135920600;144153700;143952800;133944000;136472600;141734300;134087000;135491200;136260000;136400100;138460600;137886400;152507300;134798600;141293100;133761100;152913200;144397300;139326700;139062300;139607900;132835000;134906700;150641300;135478500;134127800;136770700;140914600;135871300;139337100;148482100;140458300;139404700;136746000;137961700;146215100;135703200
1027;75258700;75912400;67734000;72514400;77458100;70250900;69007400;73619600;74719000;75141600;70164700;75250000;71114200;68064600;77922500;75867800;78105700;76902100;79351500;68419300;71014200;82159900;74279900;72520300;71075600;77601700;73120500;73354500;76477000;71398300;75738100;70810900;74697300;74511300;77109300;73441400;70514700;68778800;68080800;71966500;72566500;72805900;74097100;68417300;71828100;73300200;72947700;78635600;76219700;80376500
1025;115408000;107362300;111441000;119161700;111604700;107795300;110320100;115811800;106176600;103171000;104749500;104890300;112597200;105498300;104622700;108075700;105706700;113234900;107275700;102299500;112652100;117946300;118047900;117095500;107282400;110914700;117099000;109845900;105400200;110308400;116854800;119882600;109661900;107450900;107574500;109762600;116639800;104592600;104541300;107932300;108180800;109503100;105310500;104330100;120966900;111445600;111539700;106579800;111228800;109501800
1023;147331700;142961600;148236200;132859900;144334600;135456700;140471800;136488600;135756900;137144500;135073500;138308400;138098700;141748900;142065500;149052200;138998800;138836600;134660500;147430800;148106200;144969800;139001800;147782900;162513300;137116500;138912100;157524200;172712700;156457600;147563400;177091100;155384300;150489000;135045700;141988000;143537500;139710800;136166500;136764900;147105300;137082900;142778900;137401600;150124300;137111400;139927900;143144000;148606700;145500900
1021;150322800;141426400;133921100;135376700;136046700;139829700;138861100;129935400;133858900;135934600;130664800;133693700;137300100;143675900;135741900;135077900;135887100;134159400;134136800;162602500;160968100;158302600;155372900;144289200;146839800;141709600;135495000;130626400;138223300;139418400;130670800;131423900;148784300;141292800;133463700;137191900;141839100;131997400;132113300;138835100;140562700;134361600;132319200;133210200;133544900;128948900;128898600;133744100;133095300;127841500
1019;142090200;148774700;136904000;132405900;139036100;145162700;135657300;136810900;145719700;137881700;130621100;132278100;143293100;138148900;134372000;133678800;134917600;136055300;132457700;148753000;144004400;140048300;133656300;145720300;141131400;131842900;142681000;136490100;149098300;142236400;143233200;135884900;142323200;138879300;143564400;177801400;144913300;179004300;178261700;145294700;142471900;138087700;141225900;139624000;136320300;132771400;140611500;141705400;135321600;136706600
1017;151923600;138736200;132641100;138932800;149536500;135304700;139418600;148900000;145128000;177631700;161400400;149121600;173874100;146131600;140664500;132160900;131256400;136734500;152863300;138108300;140072800;145889100;144096500;134737200;142136200;149974800;136212600;133763800;137197500;137822800;132490900;132881800;140324800;137983200;131665100;136325100;136217000;145845500;137451200;142094600;137198600;144229700;135642500;135051200;138202300;142857000;141253700;135181400;143450300;137384700
1015;142315800;134577800;136093300;139714600;140751500;133062400;147411300;147383100;138054600;138611800;148570700;133989700;135111600;135737400;140229300;134266000;133551300;137362000;140246500;133286800;131394500;139602600;133915700;137418700;138580900;143174500;143186300;138884900;138751500;144745900;135260900;135352600;147235000;142929400;142865800;142239100;150701100;136057300;133508100;139289200;145948400;133339000;135158200;142041800;145250300;135266300;143653200;133397200;139753700;138021100
1013;140390000;134394400;133531700;136002700;138631500;144155600;135929400;140093500;137280300;141176300;136808100;140337500;139926000;138030600;136679000;132255900;129001500;137982800;142690700;139982600;132575200;139336900;133424900;129805200;127843900;147221400;137594900;135581000;135145900;151417700;131998300;132434100;146677000;144882100;132507800;134704800;136771300;131024100;129334000;129926300;140477800;130598400;129158300;130234200;151542500;134995600;132170000;141932000;148377200;133984000
1011;88063400;94437200;88541100;86287800;78426900;78928600;79723700;86331900;90634700;86697300;84342900;79403000;80019100;83893500;82494400;82083300;82815000;78761500;78299700;82724300;85344300;81770400;83904800;83622700;86394900;89675500;85428400;82226100;84614500;81794300;82037800;89160200;88932800;81544100;80749200;81158300;85175900;83098100;91206000;81466500;82779300;93328000;80073900;93162400;83353800;82954700;82462400;86305300;80255800;86082800
1009;139587500;137294300;143607800;141859500;136773500;135609300;143006600;137104000;134651400;134355300;145875900;136466400;140497500;140594200;145368300;132979400;132961100;145038400;145532700;141940500;140282500;142658800;139095400;137961400;145480400;137625400;133966300;130780900;143026100;130798800;130297100;131535800;152591700;138937200;135100300;141664300;145112300;134473300;133233100;143109900;155266400;137012300;135702200;134726800;132813100;130953500;140509100;138346800;132260900;132817500
1007;134483200;131676600;133390700;141810500;133079000;139949800;134211300;135556500;129630500;146463600;135487600;134655100;131038600;132994900;132343200;129946900;128313200;134443700;133715600;128322100;128958500;145735300;145781800;133939200;132889700;150731500;132847700;129914700;138047300;152676000;129314100;127456600;127571500;140788000;129647800;131548400;132107700;136021000;127829500;128549800;135854600;143001800;137863300;130145800;149023500;134546000;129148200;135357200;150254700;134964300
1005;132564900;132174600;133563500;124789000;125411900;138796400;136973600;125543500;126651300;136082500;139192400;136748100;129002100;129203900;127680100;125797000;134008500;126470100;126993600;124272500;131444200;127841500;141166000;129588600;135694800;131163500;131322500;133360400;137616000;127861200;132335200;139838200;131558600;154654800;150570000;155120300;146493300;163311400;132940000;123155600;122438700;123343000;133484300;127701800;137509600;130999000;134338000;132390300;126459600;126250300
1003;149334400;135256400;134473600;135237300;135235200;128016200;128304100;137226000;132066200;132991500;129024300;138710300;133919700;138985600;144757200;142341100;134416500;129710700;143685300;140490200;133292600;129539800;141849500;135303600;128425800;133660700;139294500;134672000;129042600;131913300;127891400;135007400;135059100;143438500;131917800;134415000;133100600;135895000;133057900;143785700;136913300;130896400;129096200;135429700;138351900;130754500;133801300;135033200;136875900;129891900
1001;127325900;128502300;128627700;120931500;119326200;142855700;123487500;121210200;133013200;137644300;130572000;126436700;125720400;133171000;126739700;120513300;124180500;143483700;130114800;123325900;126583100;138954700;121511000;127416300;122458900;133227400;126447100;123164000;119111700;128603300;124461200;118246800;117117700;128967700;133140300;135536800;126816600;131913200;132014500;120588200;124053100;136657900;128595400;120789700;119244900;126390000;122332300;120900400;118973400;126719800
999;133315000;128002200;128767800;128194200;129686800;140020300;139085200;130570800;134425300;132400200;138267900;130939800;130326100;136456000;136547300;126658200;127306600;134772900;130625500;126591500;127236600;138201600;132769400;138486800;132760500;148892200;130658500;127433800;131251400;134210500;129599100;127669200;128226500;131731000;127068500;124664000;126258800;136557200;129119600;125883300;131254800;133358700;129527500;130517700;140853500;146800300;129429000;131230200;138290900;135057100
997;135473700;134491600;140020700;135723700;132923400;163040800;144553700;128269600;126090400;137897600;139282900;136246700;137072100;131737800;139702700;128703100;139863200;132419500;139931700;132972500;134947200;126709700;132628200;128993200;137213300;134938700;140332200;134731600;133341600;128261100;138967800;142404500;130418300;133153800;144288500;136897600;167605900;150792900;147520100;127926700;131943100;135790500;129773700;125786900;125282200;133440500;136825000;136596500;132675200;137577200
995;137833700;132522600;128925100;149601500;133703500;128783300;133724500;135237700;127362500;127438500;132835800;134889900;126393300;127389700;136077600;140819500;133065200;132087600;142871000;142892500;131936300;139165100;134035400;135695100;128467900;140274300;135888400;132203600;129395900;136555200;131854500;130356500;131007900;131567000;132336500;147192500;141570200;131157300;137848800;132771200;139494800;133393400;141599500;136799700;129995900;128922700;133139700;138521700;130017900;130570400
993;115539200;112841100;106571300;109301000;115076200;120618700;115338100;111380900;108037900;113532800;114112200;108606500;109261100;109116900;111230200;117666500;110378100;109581900;110078400;112817000;110123600;108497200;109913500;112666200;122010200;118614000;112912100;112343300;123321900;113654900;108395600;108400500;121607800;111315400;105700800;109962500;109754000;121743900;114448000;106008700;106561900;116905900;108863600;113896100;109426000;108093700;115090500;118420600;111488000;106099500
991;143536600;153658800;156232700;158404100;130009600;180688700;136645200;129468000;130339000;129119900;137440400;127192400;125680400;129130800;136493600;131134100;132836500;132829400;143291800;130875200;129880600;132739900;136799100;126824900;123222500;135979800;127810800;124266700;123452900;133233600;129093100;126724200;126947300;133931000;125974500;127459400;127703600;133379300;132915200;124358900;129609500;147752100;126671900;124392300;124523300;141779400;128698400;123778000;128794800;133581600
989;131825800;127544900;132594000;135231800;127067100;138471600;133236400;135975300;128565400;128506400;132183300;128583200;131870100;126968800;131049500;127712100;125951100;124237200;133875100;128664500;132898400;129174800;126369300;131687100;127733600;130229400;135716400;131881900;132253900;132857400;132770800;128701900;125647200;131189700;133226300;137853000;190143900;132184700;126667500;135377600;130332900;132258400;130245500;139800700;141200200;126283800;127780400;133159400;131745900;129405400
987;130984300;126905300;125506800;124349900;123159700;128786500;132151400;128798800;130513400;129549900;128959500;125427500;125442500;128610500;132725200;123680900;123210600;130660200;131526300;126901600;124228300;128500500;129541100;122738900;123514600;130602100;125749300;125303800;123912100;135879300;139835600;129505000;132722500;125298400;128506500;129783800;128122400;132577400;127106300;129649800;131219500;123942200;127253800;128264200;129172700;122934700;124901200;127601800;125722200;124573700
985;139446000;132674100;135876300;128658500;129766400;133404500;127448500;122577400;121272600;130221300;130351900;123822700;122247900;129081700;124700300;121720000;125374100;126956900;135853000;124011400;129680300;136793200;130202100;122663900;126249200;130079700;125319300;128226500;127899800;124666300;129740200;125502200;125363500;136879700;132885300;126473700;122017100;131257800;135491300;125836200;127966300;130735500;138297100;123937200;123888500;129812100;134091600;121200700;122153100;136940900
983;128087200;111100500;109379500;117451000;106429900;114089000;106460600;121531800;108696600;111430800;113660100;118763800;114161100;131717000;138524100;129278000;117663800;145292000;133260800;114067500;106172800;104003300;105478600;109588300;115406200;104838500;112711800;110386800;114362600;110466900;108825000;108313900;111026600;121614600;115618000;107507200;106686700;116516300;107155900;107078300;104937700;110228000;115695100;104726300;105085400;106014700;106010600;113281900;106785100;108261800
981;105665400;101728500;97207300;94984500;99376800;94992900;106865000;100986900;93194600;94930700;92437300;96033200;100519000;96783200;93926000;95838200;94442000;100462400;99031100;93161000;93370900;93012300;100473700;97679700;96487400;95561500;93281800;105195600;94920500;101930600;99388300;94740500;105023200;98087700;104451500;99942600;97308800;100860800;93312400;93253500;97524600;92414500;98632700;100948700;92181500;101248200;93296100;98173200;95777600;92337900
979;137311600;122570200;139577100;121869800;131255900;136383900;124205300;121592600;134194500;129967400;134132100;127256100;134623000;132812400;129993600;123224400;134409600;129900200;128627400;122740800;129146700;140269000;130161500;125707800;128162700;137014400;123308600;123449300;129562100;132475800;121574700;119725100;120260400;135741700;130439000;131040800;132577700;139289300;125837000;122956100;125759500;135981300;164700400;143506900;134164200;132054200;125763800;120749300;129768900;129070600
977;128154800;120216700;128130600;125360200;122243800;122414200;130079500;125788600;132335600;123795200;133158600;126889300;123285800;128392500;132067000;121874800;127772700;123494500;122054100;121613600;128820700;122804700;123135600;120854300;128561800;125411100;124589800;126842000;129676300;128222700;130684000;121575800;127334100;136518700;130749000;120024800;121001000;131749300;130248500;121521500;120622300;128906400;122398100;121610000;121126400;125956500;126429500;122944700;131878600;127706500
975;120272600;114817900;115181000;121607100;117268500;117320200;118318100;115340300;119727100;113727900;113405800;112455300;123145800;122531600;115149900;115440500;126099900;118645300;123354800;119071200;122453200;125971000;118516300;122744600;125606700;122466200;122149800;118077300;118424400;122206900;125599300;119243000;118929700;119280800;117152900;119198300;120896700;129694400;121495700;120256800;120432700;119831400;124500800;121610800;118836800;122151200;115169500;120768700;123759300;120740500
973;128830400;121250900;127995600;133362300;124551200;129273400;134172600;132540800;126379600;123595400;126803100;134161400;129811800;122662000;126586600;122089600;122759600;119466300;124545600;128550800;123214400;120760400;120551000;130639300;122697300;119762600;124270800;131451900;132606400;128278100;134149800;129835300;126504300;129811700;126273300;130304900;123329100;122272000;124744900;121439400;124424100;120805700;122462100;127479400;127574800;122647400;130607900;127569200;127147800;132691300
971;136811600;120204800;126981600;126393300;135075200;120528600;123743800;119436100;123495100;123979000;123197200;121679300;126748500;120306100;120332900;127454400;136549900;123807800;125459600;132292700;129164300;123702400;122129800;127322800;129944200;122130900;123735400;131662100;135961300;121901900;124289600;123504600;143557000;151667000;149958100;137417200;158492300;158000200;129492900;127250600;125697500;121832400;120421200;140571000;122571000;119345700;120085000;133209400;124933700;125547200
969;135976500;125851000;129072700;118837300;123710400;128191500;157162100;159363000;160986400;162942800;140822800;127552000;125158200;126758800;119068100;134278000;123522000;126517000;118283100;126607900;126974000;124664600;127546200;131454400;125745900;125727400;121874100;123438700;132450000;161980000;134364400;131465200;129738100;132697000;127367800;123476900;119999800;118945700;123439000;125799300;122228400;120968400;124006100;134854600;124556100;120433900;128925000;127557900;123046300;119687700
967;118008000;119226000;105717200;105375400;106600800;115854300;108975800;106403700;106867200;105650300;116373100;107097000;110873800;109825000;111575300;119166000;108240700;115458600;106307700;120510900;110592100;108968600;107692900;114970800;111385000;107296000;106824600;105599100;118520500;113648000;108085600;107884800;110748900;107101200;113439400;107545700;110734600;120997500;110440600;114112700;111161100;112658400;109999900;116366200;108534700;107468000;115312100;111630300;121512400;110757500
965;115110700;114494800;110176100;112988600;112809700;119426500;113591600;112827100;110171700;113219700;110313800;116202700;114405400;119139200;104396100;106675300;111177500;115632000;115121800;103965800;103190200;106736900;110950800;104816400;108638500;110015100;116272100;111987200;107204100;106921200;107386400;116102300;112428600;118397100;106937600;111727700;112775700;104176100;105787300;104842000;111729100;110989300;104282200;103542600;106501400;112429600;109265100;103291800;105550800;108415600
963;135320500;130982300;122107500;127344300;126468200;121278200;121659600;120009100;128181400;123347500;118738600;120246300;128730900;121828100;120078600;118058900;125495900;122608300;128099100;123183400;134044600;127147700;125836900;120811800;132430000;118901700;124332800;124280800;129264600;118004700;133279300;118674200;129621200;117421800;120895000;122383900;126392200;118727000;117190500;125629200;133555200;121755200;121586600;129426900;133028000;119218100;120150700;122974100;131862400;121720700
961;115563100;107124800;118143300;102053400;100924100;100476500;105843800;112528900;105743400;102338300;104355700;110982500;112809900;107159500;110382700;107009100;113319800;125975400;102199100;104925400;124982700;109565600;125983900;100295400;100522800;116175600;120045300;108211300;106459900;117133900;124290500;111002800;103243000;117302700;117231600;121114700;148159300;132445600;113824400;109828300;102433700;101297500;106668500;107200000;105399400;104759400;121762800;112314300;102807400;107507600
959;123381100;130276900;121614300;132130700;120377800;128590600;126477500;120420700;122616200;126620100;125598400;116989900;126400300;125019800;117375200;116649500;121818900;121735600;117711600;117962700;125981300;123378900;118637900;120781600;123799100;139102600;147298400;125320100;120688800;134594200;126373700;121521900;118221900;124114400;126128500;118861900;118871100;123990400;126379200;118435000;116829600;118092300;126142700;121013100;124505200;127488600;129530800;121050000;121012400;121272800
957;127067900;121919000;118938900;121364400;128730900;121379700;115268100;116925300;126809500;122986200;116063400;116703000;123905200;120957300;122305600;119691400;134054500;116841000;127292800;121370900;123498700;116564500;121757000;126031800;124586500;118170700;129840200;118826500;125122000;124714800;118984000;123750700;122330200;125415700;116705400;127983000;129860200;122782200;122359500;127572200;126581100;118569200;119732900;119855700;121384200;128646800;116186200;115109400;133908500;124245700
955;127017800;120844700;126146700;120583900;115518900;115265400;118702700;128267700;130073100;153474400;133493800;122464800;122899200;120948500;120539400;120985100;114989300;114015300;118180100;123539300;115286600;114876900;121479900;121719200;124552600;126670400;122302400;124376900;121945100;115729000;119076800;130955900;120364900;117046600;113846900;121678300;117926600;122929400;115507500;119207400;116370100;118656200;115283800;114631600;119629900;115482100;118180700;122334200;131679700;120440100
953;132711100;119386500;119496600;114264800;117274900;117336800;129472200;115883000;115880400;121434800;122592000;120935700;113805000;119302400;119736600;118994000;117143200;122319700;128898800;117692200;117778800;116164000;127987900;120978800;118520900;117724900;118488100;120216700;113648400;111474800;118193400;123199300;114853800;114387400;113840900;120537200;118813700;116550800;119384700;128045700;127813500;121942800;115209600;118847500;121964300;119291200;115103000;112779000;125629200;125023000
951;84258000;78616400;78287300;87145500;89461600;85392500;75202900;79171400;75560900;93394700;77512000;87851200;80211100;79668100;80291300;90244400;105111000;81766700;80182900;78472000;76823600;87876900;77375700;80101800;84072700;82581000;74636400;86354400;79097200;80136800;83146000;80797700;74967800;86975100;79779200;76192300;77082200;83550400;82587400;86966100;76791300;76868600;79363900;79660800;83824000;81718100;87319300;79665200;93791500;104133600
949;146815400;125503500;117709400;120762500;119184200;115017900;113731500;113569100;121616400;126112800;118971700;113729900;115841800;126553600;114862900;120026700;115398800;125705400;120350700;114249700;116319900;118195900;124714800;119757900;115543100;117328700;124108100;115397200;113686400;114682300;124748800;115639400;114105600;113045900;120856000;128230900;118757000;117223500;123794100;126338700;121224600;115186200;121285500;126652700;119848100;113411500;117394200;126860000;121598900;116172200
947;74735100;77465300;70007100;74434200;76344000;68679100;68242100;69852900;78211600;72688800;70197800;76165800;76588500;72504800;71374600;78501400;72237100;69552200;85295100;71916600;69088700;76023500;74009200;70205100;73844400;76412800;73128800;71868800;87000300;71935200;71087200;71003900;72419100;77687400;69011000;77875300;73563400;71865700;69639000;70814700;76384700;69741500;77524800;70076500;70893200;74188100;73483500;81382600;81476900;77491300
945;120605600;118054500;123288900;122669600;113457300;118479200;120329500;129615200;122875700;119389700;118664900;124392100;127462500;116349800;116409800;123779300;123360500;119901600;115876300;116568300;130797000;121390400;115623800;124172700;119912200;119724500;115765100;120370300;123581300;115091000;115774800;112482000;124395700;117682400;122239000;124309400;122119300;123967600;116297100;115839600;122336900;135778000;153792200;127449600;124050100;122934300;127648400;123576700;122101100;113851100
943;111505800;101004000;103170200;103697200;105345500;105544900;99661500;104959800;103781000;105732600;108301500;106913500;117882600;101064800;103233100;105128400;105917600;111979600;100495300;99776900;104322100;104959100;101523500;98782700;98832000;103167700;105791300;100075900;100100200;98496200;101902500;117860000;106699900;104877200;105063400;109103100;114071600;105313400;101067800;104691200;105755500;110113600;105546000;98702800;101623800;103989900;103435500;104124800;101095100;99960400
941;122744500;117826200;111300800;109847500;114620600;116193100;113972200;115779200;115544800;115955400;117830500;111352600;111442800;123186200;123740500;111356400;113789600;113750600;110526400;114778100;109719300;110072100;118638000;111489300;110489800;110064900;114677000;111964100;122245400;114687700;119947300;113346000;110544500;124102200;112204600;123147200;113881900;118458700;111866500;122747700;116879800;115853400;127081200;115056800;117114700;117447800;117835300;118745000;122130500;117247300
939;120006400;121748400;119910500;113945700;116739300;117637500;124495700;112708600;113433400;114123600;119722200;111871100;110662700;111754500;114750600;124157600;115390200;116598400;114809500;121112000;117360200;112333300;114068600;136475000;122361000;113337200;112900000;118916900;118357600;112894300;111647300;113515400;118512500;111444600;114263800;114677300;117825100;120187000;112733700;114176700;124969100;123737800;114545300;113473000;119649600;113299100;117473200;115068300;112682000;119222900
937;117656900;111764400;109840200;115911500;111474200;114838900;110466400;113466900;111676500;111537500;116566800;116161600;126423600;116098900;116288100;113375800;128122100;111366700;117102000;123058000;122474800;111648000;112968400;113242700;114834000;119284700;111806500;112677800;117470200;119229800;116835900;113263900;110616000;124441900;110641400;115711800;112229200;117107100;121181800;112864500;115007500;112306800;127934900;113746300;113355600;112916400;120005500;114526800;119238700;110602000
935;123809300;119532100;117240100;117226000;120604500;125835600;116911500;119707900;112605100;130069000;121753100;112041000;112194900;119556800;127824300;114084300;113342100;124151800;127551100;118985500;116632000;120217800;120202500;122212400;112739600;122310200;120417100;124164000;117102900;117754800;120600200;145386200;134710700;134140900;121968900;151272900;131630400;118918500;114537800;114896500;121560300;115060000;115105900;115833100;126163300;117128900;117483700;116032300;115207000;121323600
933;130071400;116837100;111269300;116641000;119060600;111376400;112025600;110313400;120511000;110915000;108840600;114475500;115456600;115173800;123539500;112417100;114492000;120050300;110823700;115121700;109322100;117882900;117242000;115629100;119072300;112241600;133138200;115911500;141351100;140421100;121984800;129826600;117943600;115413400;115531000;111853800;114744400;116153800;124711100;119064600;115943100;114697300;118879100;111557500;119356300;114436900;113143700;110726600;114447700;108643400
931;112045300;118661200;108648600;114642600;110539500;114940100;110896000;114375400;118999300;119545600;117733900;114081300;117347500;112260600;118061000;110650000;112435100;116785500;115859600;110233000;114008300;120747900;113359800;112498700;115526200;109890700;116318700;124583100;116107100;108654800;116446400;126572200;115764100;115670400;110092800;127298300;112323300;109649000;109342100;120670400;121609900;109885400;110298700;108787200;122209300;113185300;111718100;113362500;112781200;119056300
929;124046000;111252600;109168900;123000100;132588900;143733800;117941000;120281600;118420800;113163100;108103100;113918200;111915700;107635000;107482700;109779700;113413400;112755400;107227500;107999400;118521500;111991200;123897600;110694100;114601300;112165500;115221400;109481300;111600600;128227800;121344600;115030600;109654600;115965900;109597600;113436800;110151600;111166200;114488700;108527400;112230400;111432300;119856100;111642400;125439200;121514700;121102800;115740400;109009500;116157900
927;126425200;108303900;109633400;107390700;113501400;115617400;108357700;110663300;110451400;113736800;108596400;109462700;106537100;110930000;119465800;109014500;113107500;116743900;117350100;111334000;113418300;108405400;110395000;126835700;111807100;110489300;111818000;127096200;111189400;109560200;112077100;112207400;129458000;136309900;137150600;118481100;118160400;141485500;123153100;121117000;112848600;112458300;109622900;111075600;117072500;120316200;111472700;107188400;117972700;111764600
925;122254200;110911000;116500800;114160400;116647600;112335000;108025400;120483700;119045600;122361100;111675400;125181200;109403300;119733000;112734800;117678600;108394200;110471800;117104800;109512300;109839900;106510000;110059800;114549800;118129200;113099600;111148900;117159100;113168400;113608700;111884600;116244500;118189800;123068600;137396700;141905600;117651600;118063400;121441400;116620200;107945800;115537200;105902200;106813100;108146700;108025200;112028900;105834300;109545600;110133300
923;132921200;111451500;108910000;109763300;115640900;114721000;107430400;111798600;108303600;128711800;115844700;113623300;116101500;138292600;126564800;131374800;123770100;139730100;119963600;113973300;114510700;117372600;116462300;116337000;112863600;119851900;108927400;116775100;108916400;109649700;116399500;107035300;113668500;107313900;110784400;110849800;108112900;114508400;106392100;114282200;106696600;111315500;111445400;123974500;112185400;111670900;118032100;109603400;118580600;106553800
921;111216700;107816600;115437800;104314700;104526900;115005700;110632000;106828300;102409900;107783800;106785600;113478000;111720800;138014700;121809900;117063400;104252700;111021400;113450300;109560600;112816400;107121500;102141000;103659300;110511100;108163900;102588500;102503200;102058600;109459100;108698100;106971900;108176500;103646200;112296100;108624700;101539300;106944100;107688900;115984100;109854100;105584900;107263500;112541600;113194500;136049200;126192400;128744000;113198200;136937000
919;126862900;112211100;105459600;112077200;106050800;107439300;117568500;111478800;115129000;110958300;112746100;110789600;111014300;115253300;112892200;112864900;117373400;113481700;106004700;111845000;106019400;106459000;110548300;111208000;108285800;105631800;111420700;106748100;111937400;104915500;110238700;114635100;119113500;116109300;106290400;109271900;111384000;117327500;108040900;107695300;109067500;113970000;118133200;106686900;106440600;106667900;113947100;109676000;105500100;107586400
917;112668600;109262700;109006700;110735500;109332600;123012600;106248200;105941700;119939400;112139900;123453900;113093900;108970800;107670600;111909900;109718300;104621400;107787400;108097100;114525600;105885400;107168300;105845600;112186600;108109400;107457800;109304100;108551600;121450400;118615800;108375200;109657000;118204500;106124900;114925200;110206700;109934200;113968000;113252100;116171500;109495300;112791500;111587500;110329500;110210800;110336000;119255900;141049600;130110800;115117100
915;114768000;112753600;122328200;112400800;114464600;109172600;108906200;118834400;118810300;107026300;110651500;110171300;110630100;114722200;109330300;113707100;114227700;117496200;109403300;111207000;109034300;128769000;111771300;112107800;111275200;122461300;119988800;128450200;143797300;116864300;133995800;121667300;149812200;115939700;110372100;106966400;106733800;107693000;120702200;115097500;112363100;111823800;113083800;116852300;110894500;114638800;108126300;122217000;140391000;116523000
913;110181100;113831400;112451300;106094200;107930100;111844000;106366200;111762200;109034900;105454000;113253600;107984500;117144100;114436800;116236600;107673800;115385400;111763500;110698900;117449000;107875000;112594800;109722800;111040300;108346500;103953800;111424500;106480000;115521600;104635600;104344500;113927500;111583100;110399200;107446200;111879000;116931600;123756400;106664100;113340700;119060500;111925700;109925800;110637400;108351700;112016700;112151100;105194300;105151200;107827200
911;123733100;110382200;104469500;109794600;106165200;111032000;103128100;108826800;108054400;113049400;115067100;115899100;108667100;110120700;119527600;105813400;109133700;108011500;111460500;111220200;112858100;112644900;114242900;118130200;112754300;107320100;107668600;119104700;114807300;107595500;108493600;108544000;110425800;110949800;120229600;109975200;117281300;107622200;114821400;120494400;123370300;118465200;126074300;116550800;118096200;121082500;115436300;125080600;109617000;125490900
909;117661800;118631000;110135200;124327800;116446600;127654600;141525300;115024900;113086500;117101300;111902100;106659100;105848600;103190100;103358300;114163900;112141900;114331200;113084000;119324200;118012500;113018300;122822400;116084600;121381700;116335200;109852800;109613600;120549200;118256500;113808200;110905700;108532700;111860500;109903900;106195300;104852500;106287100;118571300;106305100;105483000;106682900;106389100;118898100;107361000;110985600;105598900;114977600;120769200;104670000
907;115974900;115296200;117937800;109879200;107804500;107784900;125410400;114912400;105865100;107163500;113190000;112800600;115386300;107901300;107469500;111790800;112835600;115271100;109566100;120578000;109217400;119200000;111337300;114048700;114880200;105682100;119549200;110856000;118315800;105481300;112861000;110453100;118631900;122118600;108961200;111701300;112726600;113507400;108655400;108923100;111644700;111708100;120318300;116116800;111905800;122934100;112339000;118132700;110989800;110744000
905;123158300;108177800;109250700;109932000;113988400;111132900;105480900;105988700;105762800;119021100;116091100;124379100;107871500;110758700;112736800;111333800;114074200;114415100;122087200;110125200;112850900;111049700;111639900;108458100;107544600;106419100;108539400;116507200;112300200;113640100;111095300;111738600;120193100;120021200;115994500;116493500;130527300;118877900;126845100;131087400;107053400;120056600;105908800;104046700;110676500;107006000;110949900;106320000;116384500;112171500
903;116863500;106621100;106361200;118979600;108917800;113477200;110223300;113380100;110232000;107792700;110040700;121668000;113439000;111797700;108614600;107098400;111506400;105005300;108875400;111606900;105644500;111083600;105232500;103854800;109025900;118497400;113455700;110534100;111265700;116300500;117780500;105394100;106859600;111646300;108755600;116800900;105476600;106738300;105022300;128770100;107001600;107382400;105726100;116586300;107167700;106090400;111788100;110293200;109807000;108203000
901;113613100;116807400;110808900;110963300;106841300;111311300;115349900;118418900;112143900;106851000;110509900;116153500;110054000;108821700;109345800;103227000;130175000;108964300;111758700;110557500;112812600;105390900;104895200;105859400;113926400;113177200;106589400;109327200;103153800;113996100;105804800;106145500;109855600;103746700;115364300;103801700;104285000;105031800;112469600;108796300;106758700;112423600;107323400;107407900;105769900;111502400;121130400;108047900;113937300;116123300
899;137726000;128295800;137786300;138061600;139360600;117998200;103125200;103646200;100386500;108321300;116519900;106031200;107952100;105742400;111062200;109111700;108377500;104062300;106945100;116539800;108836100;110893200;108784100;104888200;115806800;104457300;104657000;108369300;108147800;113626500;103770100;103620900;102482700;113758900;114213600;105975300;110370200;117080800;113186900;107492100;113349800;107285700;113308400;116094500;109288600;105909800;115482800;114784900;111808400;105903900
897;93116700;96386000;88425800;96668400;90553200;87430800;95434800;96083300;87728200;103366100;93182200;98672200;98215900;97287200;103967500;92505600;91328400;100349200;89590200;92939100;100269800;92399600;95072400;90259300;88358700;86870100;92548600;91251600;95591100;89279700;87635900;88329900;95255900;94405800;91741300;94187800;89642600;94395800;94314600;96024700;94624500;102325600;92479300;100488600;95296000;89869300;88833900;96446900;110655500;104972100
895;115101900;108254900;110897300;120360500;109998100;107100300;111436600;113264900;117205200;141749700;111330500;107872500;114872600;113792800;110748200;107382900;116789200;121210900;109182700;107752800;117138100;134622400;113660400;118801100;116078200;122110600;116803600;109349700;103286200;110481700;102796400;118932800;105506900;103738100;116629500;111787500;118568300;106714600;108130800;120686400;125373100;128118000;134207900;136833400;121423000;103945700;102087700;106702800;101536600;104815100
893;108575700;110208900;111768700;107686100;118148200;106930400;109908100;108289500;106177000;114151700;113266000;102518200;111253900;109183600;104893500;107639000;102270300;103376800;104745700;106266500;109486300;104314100;108638500;105543400;109997400;105389300;101906500;108136100;107409700;118004300;109781500;104000800;104353700;108178100;110179400;105436000;102302300;103034700;110957100;111217100;103046200;102804300;102623000;116498900;112983600;111985700;109393600;106005100;110685900;106089600
891;81864400;77016900;74983300;78733800;82301800;72603700;74148300;75971100;72989900;82815700;76313800;80487600;75239600;73200000;75728900;72767400;77690400;72738600;74991600;72847200;70618900;72150900;72187700;84493700;75481200;77061900;78224500;78511100;76938700;80491400;76508100;75825500;78119800;76407200;77041400;75674100;76027300;76309400;79786900;82670700;80848000;79701100;84225200;74599300;71048300;80455900;75896200;72079400;77453200;79294800
889;106473500;104677500;107576900;108006700;103478700;103368000;105308300;113048800;117228400;106335400;104597400;111321200;109520000;109711100;104562500;102426000;111082000;112534400;102827300;101824800;104666900;105650400;107767000;102158300;98404400;98317200;102997300;111715400;103386300;104369600;103603200;110395000;111942300;107736600;99501400;101135600;104421500;111788000;129901200;131875400;109070200;113631700;108111300;109127900;104604600;108696700;106109000;99534900;103070100;99175900
887;110110500;107813200;99094100;104567700;111746100;110042100;119393700;113504900;112119200;117666900;123471500;107559000;105866700;115880200;116136100;111182100;107305900;103213200;109691700;111207700;108771500;105303500;109951800;106465300;105664500;110503500;104050400;114245700;106935800;112559900;111657600;107247300;111852200;106787000;108498600;114778000;118577700;109468200;104454000;113523900;113310100;109956500;106450700;104658500;112058800;111723500;107289100;105548300;106829800;112469900
885;66729600;60409600;57166500;57198900;63555600;61277700;60269800;64795400;65545200;59920000;57472900;61599600;56337300;57808000;60870600;60921300;64562000;58749000;57632600;57891700;62344200;56775300;57113300;56819400;57487000;59656200;57890500;57161300;57332800;58989600;57897500;56447500;55981800;59185800;59926000;60158000;58663700;56164700;56869200;54619500;54659300;57603300;64346200;64491300;59400500;58794900;57274200;58389500;60201900;56893200
883;118023600;105681200;107817200;102201300;112432700;112694500;110652500;108370600;110172700;118347800;115807700;116869400;109167100;115841400;106348000;110240600;107753800;108596000;116296700;129077400;110073400;111475400;116814600;107130600;107215000;105853100;106153300;114978900;108981200;113859500;109287500;115750500;103413100;102197100;106998300;102036100;113136900;107632900;107396800;116006300;105271300;108317700;104576100;101608100;109095700;113136600;106787300;105186600;102008600;106949500
881;109552500;99125700;100625800;102026800;108650100;105241200;100519400;99277800;101957200;112057300;103839100;102919400;101208800;104863700;105960900;116181600;106993400;103499200;106019500;115478600;103438100;102967900;104207800;107464000;111767800;104091000;102346400;102402500;107501600;112596800;103271300;103542200;103178700;108278900;107241900;103445400;102586400;103447200;103806800;106045000;107502400;106877300;112280000;110214100;107114500;106681400;106344800;113512700;103098000;109809500
879;66750400;61309300;63402300;82269600;64596900;63008700;68460900;64535200;61277800;62750700;67071400;64069700;62683700;61452500;66204400;63790200;61808600;61340900;71548400;62386600;64662400;63416900;63985700;66432000;62402500;62247600;67745100;65646400;64683600;62779300;61918800;65999700;64883900;63714800;68714900;61917800;62988600;62330400;66479900;68079900;67409700;69910700;64135400;64339800;61677600;61172700;62508800;66081400;62245000;68526300
877;109070400;100418600;100403400;104359600;108131000;101220700;101238600;103706600;110286100;104967800;99708700;98692500;98438700;103230800;104410900;102074700;98574900;98679700;101256400;105330800;103050000;103626700;103810100;102508400;100642600;99750100;96821900;99528500;99015200;107423200;107947100;124647600;125895900;105214400;103298500;103894100;104598400;97915000;96978700;102093300;94379900;100063800;98035400;101562200;98823500;95282300;94811400;95426400;107147400;100424500
875;106160600;98625800;95679200;105031200;103268700;103737800;100078800;99339800;104022900;107747100;102179800;95886800;98674500;96633100;98153200;100334700;97469400;99066100;96366900;94551200;95313300;96916200;94021700;102134800;97987900;101270700;100143500;100227700;109610200;95736000;98928800;103096200;99051200;101127200;98293400;99364200;96967900;98223900;104564200;95075200;95035200;95472800;100974400;102880300;95209600;96939300;94570800;101035200;106191200;94622800
873;104318600;105494800;116579600;102227800;99222500;100705400;96800300;101350200;102544600;100415000;100586200;98546600;98832800;106005300;94179500;96510800;96112000;100044000;107224100;95722200;95738500;95814800;98001200;99735500;97264700;98577800;97552000;100146900;102124600;104786000;95137300;98349000;96867400;102251600;99181200;100344300;100341300;95666200;111197800;101565300;101210100;102516800;102164400;97716900;97204600;101005100;96994100;98079300;111477900;99710700
871;116071100;98739500;107140700;101027300;98356500;105416400;99128200;110294300;94362300;96898100;102636700;97114000;104186400;92741300;94852000;97096100;101319800;106571200;100867700;104038100;98751300;108707700;102761600;98851800;95124800;98932800;108276800;106457800;108435000;128133900;123514500;106761000;102399300;95592600;96076200;96676900;105687200;97836000;92034900;94794900;94364300;98579900;97111200;92575300;94407000;96183000;100815500;111137500;100649600;98635100
869;96744300;99813500;102810200;94702300;94473900;98091400;97171400;101653900;95782000;94797600;93462700;92445700;103658400;103135300;92880800;92512700;97360300;104521200;97271800;94267000;92530800;91943900;105196600;98414100;101736100;96855500;93326300;105644500;96318600;100394200;95524100;95986800;102054100;97234700;96098700;95161400;91425700;99795000;101424000;93902900;98928100;94187000;96915000;94022600;92516900;97463300;94758100;92110000;104755700;100973000
867;85981500;96205700;76583400;83427700;82309100;78465900;75393000;82789600;77997900;84180400;83167200;80922800;79853800;77586200;89536000;86639500;78663100;105647400;77698200;79913700;83284900;89136800;84527200;97606300;103008800;91496300;86615000;85858300;101146800;103457800;96051900;79447700;86296900;79106500;75926400;81526600;76818900;79164800;85965500;76570400;80650600;76842400;77503800;76548500;76673400;92899700;75910300;76507500;79692400;80677300
865;102254900;110688100;95465800;96119000;93360100;96864800;112762100;108196300;99643100;98148500;105877300;105039300;97637000;96390200;95389100;97401500;101090700;102092700;98732200;96899500;94435400;95518900;95521200;93180400;90405200;92445200;112578900;97473500;105099200;97627700;94622700;100203900;97305300;99148400;91558000;93273300;105384100;101689200;126476900;120010800;106155100;102515300;101197400;103193100;97861800;99217500;95555800;91879800;95994900;97594600
863;99901600;93930200;91513600;92238100;97961000;99932900;104131700;102210000;97339500;105624400;99562300;95121600;94481400;96376000;100011400;104707900;102841900;92698900;92962700;92119100;97814600;101115800;91966000;90672300;92322100;93084700;104832500;96285500;91750700;95270700;95857600;102027700;97314800;95826500;93675700;94224600;101163600;104264000;93046600;99889200;93857400;97787200;107364400;93680400;91099400;92096500;92793800;105723500;98918000;92435600
861;97079700;97936000;97177900;99446300;92742600;91125700;91649700;108148700;104182800;95343600;91743100;93583400;98642400;95064300;98853900;93584700;92244100;101130000;95082000;92751400;94906700;96197500;92904400;102316800;98025900;105710400;90702600;96248200;103482200;101164100;115792800;123420100;105770700;123165700;120361800;117315400;102482400;94513100;99675300;96789200;98806900;96669200;97071500;92054700;91021300;94091100;94231800;101684400;94330400;94943400
859;106439600;97016600;106034300;97094400;91487200;94909200;96562000;103543900;97951000;95965200;96521400;99168400;107408000;95102800;93243000;92480700;91022000;109573500;94657600;95520200;95381100;91070800;97112900;93134500;89926300;89739800;90636800;94805400;108590300;94543300;94040500;99023000;101628800;106962400;98086700;91797200;94002600;93994600;100998500;100224500;96734900;94084700;98638600;98869700;94011800;93608900;89585600;90630500;100352800;93428700
857;103593300;93300100;90565500;95530700;98596000;103676100;93066000;95888200;100562500;100949300;100048300;99271600;92235100;92500000;104838800;99573500;103750100;92686600;91107000;102242400;93024000;92242800;101124700;90543900;100118500;93880400;92878100;98630200;92277000;100001500;97835300;94358500;93496500;107379800;102774800;93248600;91951000;95716700;102630600;100665800;98120300;95679400;95193700;97558100;96107600;95351700;91914000;95361000;93338900;98592600
855;93182400;73249400;74604800;76669400;72741400;74615200;78894800;73102700;74066300;72649500;75693000;73856800;75599400;81020100;74935600;81649400;76588300;75881100;74276800;78430400;78383800;75294400;72033900;76754500;71685700;74460800;87089500;79713100;76966500;79679500;78918800;73991500;79084100;85970900;76102100;71959000;74720800;72677200;72663500;85799500;87943000;83245800;75113400;74534500;77474700;88700600;76655600;74605200;72482000;83168200
853;97822700;104333800;92928100;94886700;92046800;92487800;98484800;90122300;93391900;91046000;88940700;94213200;99772100;95644500;100851000;94186700;93116600;94530700;92111700;94770200;92718600;89672400;103941000;91323400;94431400;102463000;95772300;102590300;93771500;94704800;98969700;90218200;100989800;91436100;93894200;93654000;101155200;97878800;90934400;89384500;90089100;90445700;97696800;108747500;101014000;94495200;95759800;100465600;107421100;92742900
851;95425600;90702700;92961800;94466800;102439600;91009200;92802300;91212500;99815200;90948100;88654000;90099300;90273700;89255000;98080200;90851400;89499000;98229800;92090700;97893600;91506900;90942500;95756800;93301500;95500600;105202100;92137500;89736000;91958400;90575300;98407100;100301000;91432500;89648000;87014100;96776900;93551000;92024800;88892500;91118700;90515700;90426400;93045200;89121500;87610300;87721700;97156900;97455400;106314800;93815900
849;88345200;93954200;82301800;85821500;89036000;84253600;86484000;90347600;81760600;84848000;92691700;86466100;81262800;87532200;78963500;79757900;88084400;81797300;80753900;90364200;84145100;82737900;86749600;85920300;84182100;83292400;80724100;85240700;84115100;88440700;91549600;92686700;84926200;85692600;93343400;84484800;91651400;81857800;86845400;81110500;82949800;85716800;94726800;85761000;87836000;91875100;90095200;92672100;86993500;86705000
847;91883100;89905500;95730000;95214700;96093500;89202400;90488600;90225700;105666800;91212500;91245800;88509800;93613500;92855200;91066100;90558100;88489700;90514700;90415900;93162600;89928600;86959500;86344000;85650100;87103500;98055600;92471300;89194600;92625000;89575800;93373400;92650500;102460500;87610800;89111200;91044300;96072300;98182600;88507600;88573100;87788400;94496100;88073100;92791300;87347400;87222300;92303400;90902900;87137900;93418500
845;73021500;69625100;74661100;68451100;67424200;67222000;74079200;68197600;68179900;69661100;84868800;78735600;72290700;78316700;69454000;72178000;77959000;73265300;66849800;68330200;73576300;75266600;69501500;79044400;71700200;68309700;69026800;70971200;70573400;68764500;72320700;69888200;67431900;67217700;67265500;72152300;68430100;71172300;71023100;67112800;66660600;68883800;71052000;74691700;72334500;69573300;70684900;75700300;72090100;78138700
843;100895800;106247700;88645100;90329800;89941300;93566300;96123200;93124600;91299400;93005600;86235800;91727900;94625400;85967500;86284000;89127100;89277200;93490700;86823500;85685300;87438100;85435600;86852200;108614700;102250100;90436700;90830800;90335300;98045000;98466600;89144000;87799200;87832700;93063700;102734500;93759600;90332300;92416400;92071500;101184000;99566300;93888400;89842300;88322900;106014700;96732900;121001600;98471600;93137200;95975900
841;96785300;92432700;90378300;87888300;95156800;86854000;93300800;96309700;84933900;89602400;90543800;88320600;90236300;85194000;84182100;88093000;96055100;93682100;99526300;87294700;88952800;93488800;88466200;86953900;98953800;86196000;90862300;90953400;90136300;88722900;99081400;90868700;94816000;88420400;88127600;91261600;89437700;98122200;83279800;88387400;89544600;88816200;89657900;93483200;83422200;83053400;83620500;83186800;92048500;94020500
839;91427200;89253200;91134300;92136300;97290100;93119900;88150900;87523300;94393600;96041200;92678600;90929200;87733100;86469900;89942500;96020400;84650600;86440200;85466300;84720200;86803100;97895100;84757700;86805900;88536200;93639100;92006600;93927500;85443800;91247700;88111300;90661600;98211700;96545300;88700000;92439800;90320400;93622300;90811900;88102500;87363000;91150600;92025500;95925300;91595900;87489100;91147100;89041000;94898400;90437300
837;89955900;77805400;77905700;76982500;87137800;77227300;80413000;79696200;81697600;78912900;92256000;81542600;77864600;90888400;81437800;81819800;92233900;77836700;78434700;83345600;84803600;80894600;87701900;80309000;78878600;75808800;83782400;76261500;82908500;83544700;75902800;77013700;81577100;78608200;81678600;79335400;76914800;76154900;77008400;82656200;78786600;88187900;83542400;82393100;79009400;85312200;81535100;94600200;78029800;78851200
835;82177800;86638500;90478700;91793800;80073000;80337700;83602900;84051400;93195900;82298000;83203700;79900800;77824100;80842400;85631500;88888500;82813200;80396000;77955100;80845000;90973600;82964400;82837200;85620200;81693400;82061300;87289900;96695100;82741200;80305000;83373400;80302500;90350500;97401500;79270100;79772500;77522100;79375600;86644900;87456600;84600300;85615100;89982100;81978400;89120100;88751900;89246500;80018300;80374500;80483700
833;100597100;97077700;88948300;89946900;92302800;102392400;94210800;110345500;112193000;109686100;103059200;111533400;115592500;102813400;93020200;85947900;84692800;90078900;88835200;86024600;90516400;86799800;90190800;99258600;90108200;89835500;89708600;95394700;86804300;96443700;87078900;103124600;84972300;97243600;86216900;94353400;90679100;86763000;85796800;86186400;85923800;93808900;92289900;88802100;87903800;86264900;85702700;95067900;95485500;88071600
831;90509200;85636200;92735600;104252500;86937000;96279000;89568600;84836900;98031700;90368000;86839500;87005100;83484600;84208100;88250900;92033700;84211500;86952700;84069900;91842500;98015800;89014900;86754500;84258000;85300000;83310500;93906000;84282200;87310100;83930700;84202200;92655900;97954400;89519000;86518900;87440100;88927400;94598800;90799300;91856500;83961200;84287200;88015300;90252600;89218400;85713900;84179900;83459900;90081600;92363600
829;54282200;46206400;45333200;45595500;44758200;44706100;44981400;50353700;46628000;46204100;48745900;47540800;48288100;47207600;44914700;45035000;46713500;46739000;56644300;48555200;45473800;47986100;50061100;50519700;47571000;46938400;46978000;46366600;52822200;47926000;46224200;45177300;47555500;46956400;50947400;55274400;47710100;46070500;49012800;53639900;46220200;45515400;46208700;47860400;51022800;52038500;52113900;48346400;49012300;52691000
827;94216000;86472700;89750100;88177700;97438800;95700900;89884600;86015200;94142800;87341300;100973000;93439700;91805900;89098500;99283200;102243600;85541300;85346700;84288600;87098000;101426500;95647800;83528000;85618600;83209800;82869500;96167100;94335400;88744400;87659800;88363400;85504100;98810000;88435700;85950100;83992600;85809200;86531800;100124100;99610500;116597700;106375500;94183900;93651900;84544600;85606800;83860200;82195800;88414200;94269100
825;87109200;86754300;88491400;82119500;95756300;90924400;82392100;86010000;81998600;88280400;93674500;101457100;91835500;90059600;82341000;101554500;89288300;89226200;88182900;83272700;89044600;99015200;92824600;87060500;86163100;83680900;91555200;86609800;90402400;87824400;83359500;81567400;92928200;83986000;84173100;88126000;83957900;81621900;97612500;85281000;87978300;93967000;83488400;94331900;90659400;94509000;92028300;91208600;84539200;98447100
823;91016400;83199300;86689200;83536400;86139300;88344300;80762300;80913400;84047000;87163400;88960800;82945800;80735500;80595900;82923200;89740900;89515100;88905400;83569100;87871300;87511500;96818000;92306900;82152600;86656700;85464700;83177500;96501500;88220100;83813800;84040300;90107100;82856000;88634200;83379600;83239900;82094500;84093400;80194500;91110900;94205600;84463800;83429000;83046900;83530100;91671200;87441700;83458600;84660900;86672400
821;92829100;95247700;87607500;90353300;87235100;82082400;95933100;93178600;87957600;84918600;82305800;80858900;91855200;90086900;88525500;88844600;86753800;87395800;85973600;91642900;83536600;88084500;82676600;93612900;84350800;93462300;85454700;83749700;85926000;100062700;86409000;87301400;87159900;84027800;81364800;99889700;81703300;88651600;86346100;84505300;85503800;85220900;81644100;81182200;89054700;82339300;90966900;86722200;84291800;86702000
819;90690000;75017100;81247000;77524500;75787800;72755900;79101900;75393500;87890400;78986900;83847700;74711300;73777300;80517900;75146000;78972100;74243900;72738000;72047600;73339200;80194800;77166200;75699000;72274500;77981200;81702500;74242800;79432000;80625800;73322000;71722800;70874600;76299400;76926300;88380600;80329600;75698200;74658200;75112700;74752200;75870300;87251400;73136500;74498300;72487600;76839500;74946300;78755700;84636200;74017200
817;81066900;80823300;81316400;82532100;89477800;82142600;80809300;81531700;81570900;82310400;86369500;82650800;82125300;83892100;82539700;86795600;88887000;91672100;81689300;82888100;83826700;96487700;84228400;92855100;84501800;82318600;82466200;91804800;83832900;88915100;80256900;79658400;84289900;92100500;83434300;84803800;82953200;81435100;81252200;91289400;82659900;83682900;83489200;80394000;81155700;93682300;82693000;89435200;94914800;84007100
815;80166000;81704000;76281600;75449400;85760600;75487700;82933000;84125800;78279200;76640400;87177700;83589500;76932900;90315000;78791200;78937600;77016800;79068200;83928900;82809600;82556100;82201500;78948800;82696300;82067300;82126100;77683400;76055300;79899100;79675600;83855100;82017000;82014300;78058500;80384000;76603600;76106200;89724500;79617900;78084000;74935900;74023200;74880200;77183100;87583500;76648900;75414000;82769400;78487700;78009900
813;89652000;82087700;82744900;79686200;82083700;79768500;86246400;88267500;88143900;86178400;82470700;82883600;91696400;82789000;85755000;80258400;79409300;78988900;86767400;84445100;79844600;79245400;79165600;80319600;85626000;79809400;84308500;78761900;77671400;77805300;83380700;87147600;93874800;82679100;82692000;80808700;88734800;82589600;87916500;81355400;80265400;79499700;85791500;89204100;100717000;82284500;83751400;80117500;88821500;80963400
811;82303800;81666600;79749800;78683100;86160600;78943900;77836700;82548000;80480600;78457400;87269000;80335300;83435800;83009900;86912200;81666600;94415800;79596600;81522800;81465400;86147800;80253100;86651800;83852800;78933000;81089800;81647200;81121100;87923200;84394800;79297100;80026900;79051100;89677400;88371300;83351300;83728700;79573000;79458100;83796500;89521000;80757800;80616100;79575400;81347500;84837200;96086900;81135200;79466300;81451000
809;85571000;81578500;95840600;79341700;91662700;82929700;79544200;82179800;88315600;79800500;77587600;78663300;77524300;78264000;87528100;79539000;77461700;77363200;79284200;77428000;83802600;84268200;81773000;77740700;80295100;81640600;82146300;84130100;89152700;81918300;81769000;82194100;83063300;82887100;87513100;82912700;81060200;81056100;81846000;88460800;88459200;85201300;81258600;79263700;85189000;82319500;87533300;82014500;80968100;78703800
807;93295600;79814600;86914200;89996600;85114100;80525000;92137400;87524900;82987100;91696800;80898000;84431100;92382800;80182100;88026500;96110300;87158700;87337900;81303000;81761000;78607300;84199000;79962000;80683300;91341900;80226600;80189400;81906300;95810500;84070900;84576000;83272200;80345900;80422900;92479500;85733500;87194700;80770100;84022400;79084800;84083200;85712300;79785700;80722000;79628800;78913600;79796700;88298300;83152400;79356600
805;79327100;82292400;84173200;88296100;79480700;79554300;77377200;78423800;76459400;85676800;89930800;81766900;81075400;83947300;80250500;79557800;98321000;79191000;85168200;79755800;80120000;83183600;92199500;79429900;82478100;79124100;78030500;77265700;86351800;81049200;77267700;77099900;77574700;76841900;88443200;83916100;78367700;76692900;79445900;78275600;91860600;78747200;93147900;84473100;83044400;80245600;88191000;84581900;95816800;88838500
803;78660700;83355600;90813700;82520000;84166200;79438100;80865100;77327400;92228300;87157800;84099800;79518100;79849800;76989100;87838400;78373800;79538100;86170700;78646000;75977700;86206100;80857900;79177400;87140000;84724100;78896100;86709000;81891300;84676000;78053100;86696900;78589900;88993700;81527500;82966800;82488600;89617500;81510900;91273200;79703600;79553300;78604800;87767800;80858200;96781500;86870500;79726400;88358600;86799800;92451500
801;81678900;78933200;80011200;79087700;81963100;92828600;82081700;78826500;81820300;82590200;77018100;83949200;81884200;81287700;84633100;79946200;77789400;77807600;86460700;77759800;82727500;82236600;79085400;78121100;85399100;83406500;81242400;76911100;80799000;77966000;85560800;93715800;87976200;88303100;87646700;87737000;92613200;90786000;83905300;85806200;80626500;79958600;83154200;82495400;82765500;81895700;78547000;79613100;84461600;76923500
799;79471700;80288400;76379500;80309600;89242600;80523200;91825900;82033200;79419300;78703900;86266000;82241200;87439100;78469200;75720300;79028900;86011400;77857800;81659800;90494700;80692200;75948500;84754400;76348700;76673800;83446600;78596900;81614600;81965700;79011200;76236700;77091100;81803100;78359000;77517400;79511300;75664600;76739800;78265700;93660400;79663700;90203500;79376200;81433200;77149900;88496500;78945800;85139900;79121600;77799700
797;73621400;67877700;77989800;75291200;72793700;69291300;72466000;69042400;66774400;71553400;74183900;68182400;66937600;68162300;68808500;67226200;67672500;76022500;69858000;67004400;67317800;67992300;68303600;70222100;70875700;77551100;72647800;69355900;71002900;68698100;66600300;71584400;80455600;66957800;68412300;67445200;73497400;70451500;67523700;77217300;68251700;67450700;68948600;66627400;66416200;69104100;74554900;73919000;66861800;69744900
795;77367000;75460200;75518300;84873400;85708500;76285200;76651600;76596700;76655900;89436700;84133100;84630700;81578700;77130500;76533100;90046000;79529200;84668300;82022800;78479200;81432900;94206300;80163500;84025700;93651900;84870800;85678800;90564800;78767200;87230600;83786600;76468800;79241900;87437500;88496600;84612600;82770700;78088800;76718700;85556000;76339500;77850300;86548800;84152000;77176600;85387600;83360900;79530900;78863000;86037000
793;79581200;87495800;79507400;76134300;76648800;80577100;76667500;81632000;79393900;76040500;79921100;84275300;87628900;79988500;80169400;80490300;75747900;78121000;79002900;79890400;86600800;78933500;77814100;82841600;80874500;88112000;90771100;87039900;99838300;101506800;83359300;102485900;102186800;92933500;93444000;90418500;88994400;90025000;87729300;87640300;85654900;86287200;87158700;85988600;89313400;88773800;88108800;91183100;86419400;87954400
791;86216500;86701500;85321000;88036700;86617500;87201300;94181700;97774400;99660000;93468400;84976300;84642600;88894700;85951500;92514600;92260000;95340600;88819000;79146600;76057000;79443200;75713500;79568600;79010400;77576400;77943000;77597600;87165000;77068300;87788600;80387200;77979600;78357300;82049000;78922200;75764800;82924600;75915100;75604600;82280400;84326200;77335600;83361000;77646000;75474800;78989600;77430000;75788400;74689300;81530500
789;68450300;65964800;75529100;67770600;67124700;67723300;70852400;72256500;72094300;79341700;69878600;66973200;69231500;71276600;79911800;67859200;81576100;67420200;71362800;66951500;71190500;71587300;69030000;76331700;67872600;65956500;66615000;67820500;67262900;74250000;75058500;72794000;67313500;67627200;67248000;68157300;70710000;72694000;69221100;68906300;66869600;70169800;69215400;70997000;83840500;73120700;69193800;69006600;70309300;74598700
787;75288400;83497000;78521000;74088700;77789100;79856300;76411900;78709700;92357600;78011300;82424200;85954100;77057400;82616200;85791000;82364300;74496400;76337700;79107200;75190700;87423400;91207500;76521900;75587800;76087300;77058100;87092700;80020600;81222400;79877300;82182700;77925700;86979400;77195300;85678300;75164500;78281100;75860800;77023900;77800200;74575000;83141400;74939200;79473000;74312900;89649700;75220800;86244200;83253800;79527900
785;38173600;36668900;38840400;38862600;37519100;37721100;37739800;37867100;40090000;38424900;37766000;37383000;38127700;36640800;36531600;37835200;46096100;37492100;36872700;36296400;37230600;36353400;39809900;39105700;37670000;36746200;36606800;36221300;41244300;38220000;36719400;36329200;36079100;36288600;36566500;36616800;39544900;38740600;37159600;36724000;36642100;36026700;43086000;37731100;36865700;37922700;36530900;36226200;38281200;40640400
783;82458300;74284300;81101600;72409400;73166200;72189200;73708600;81482200;77694600;84143400;78109300;74721800;73842800;76049100;78677800;90647500;74561700;74508800;74810000;74249000;78355300;84140600;82853100;75687300;75139200;73830400;74590500;78026200;82601800;74565900;74653900;73428500;74965700;74328700;78188300;78717400;72633700;72592300;75082900;81354800;76213200;85448800;75660500;75693800;75233700;75862200;75130600;76038300;88782000;77626700
781;75143700;78816700;74724100;73694300;90074600;78979300;74811400;72687100;75331100;73752900;79267800;86220300;78883000;75863200;80393200;74106500;82186000;80545100;79722700;75445500;72136700;75917900;72909400;80584000;76915100;82781500;76525200;80556700;82514400;87045200;75502900;83452300;81698400;78650600;77957700;76592700;86368600;75146500;85436700;74358500;77872700;82312500;89657300;76510900;74381100;88795900;78700600;72931500;91927000;81652000
779;103710100;97825100;72846200;75667500;72793800;77370100;72828900;72193700;84245800;75344700;80821500;72317400;75863600;74198800;74478100;78828600;72837200;82812500;74444200;71845100;72440700;71670200;78359100;77234000;81363700;71749400;72412400;81866700;78087500;76138400;81241200;73201400;72916500;71160800;73307400;71326800;86217200;79964700;80469800;73167500;76381900;82365400;80579800;81468500;75215400;74428700;82234600;74255000;71222700;83493500
777;72879000;77123400;73323400;78455700;73275300;72626900;83486700;71933300;71637900;72618200;71995000;72306400;74453500;91845800;74101000;74747300;79802800;76017700;75668500;84495400;85213300;73692800;73515600;72837400;74867400;76729000;82085800;98282100;76114200;76660400;74597200;75181200;75580900;76267100;73804400;72752900;73236300;71920300;77792600;73181900;70642100;77850600;73852800;71499300;71457900;80575100;71514200;72602000;80974700;72833000
775;73956700;72489400;87675800;72473400;79773100;77027000;75295900;73523600;80206200;75787500;71677400;79425200;77952100;74320400;73449500;79120300;75851400;74977400;75342300;73064600;72366400;77913200;71571600;70506500;71573300;72037200;78474100;71802500;78447800;72398200;71604100;71133700;71437600;84034800;75201000;78816300;74629500;74712000;75471600;72837400;84794500;83519300;73856500;73382600;73905300;77392600;79452400;79061400;76706700;71753800
773;75017000;71216000;68492900;71915800;75201900;82007500;69616900;69831700;71974300;71967200;75032300;84482100;70528200;70664700;70688100;70632900;70851300;74086900;82639800;73653400;75837300;71772700;71164700;69911300;70819100;89245300;71999900;68596600;72967300;71383100;77980200;76760900;83611700;78242800;71621400;70965500;75275900;72837800;80783000;78558700;74264300;71838000;69424100;73891600;69918500;83370800;79922500;78055500;70842100;69947100
771;41739400;40606100;46564400;43242500;40593100;40801700;46539800;43982800;41143700;40465200;41275400;41297700;41361400;40956500;46206700;47540700;43776800;44356000;45663200;41376300;42221500;41814500;40583500;40608600;41309100;44311000;48382700;42293500;41493500;40418100;39713000;44045300;41689200;40796600;40209800;40942500;40895300;40481400;49598100;42147800;40831700;40194100;40639700;44549200;43854100;41836400;40280100;40863200;40569300;43900400
769;75945500;73819600;72069200;79425300;73201000;72338400;83042700;72849900;74984500;71536500;88325400;74977100;89276300;77274100;80598900;89364100;98532300;90260800;90632500;84282400;91113200;98505000;94299900;78265200;79790000;70947900;72559900;70759900;71593900;80921800;78224400;80875400;74233800;71937900;74322000;73999000;82545000;83588700;77915200;73565500;70507000;71589300;73193700;90004200;78165400;81155100;71689100;70817000;70847300;70123700
767;82511500;70114900;69787800;69793100;69839200;71236300;70932200;82259200;70277800;69833900;68687300;71412100;69300800;70077200;77784000;71117300;73020500;72637800;70718800;73406200;73987900;79380000;77888900;74532200;71146300;70834800;71013700;70460700;78767700;86792200;69711600;72770100;69509400;71969400;76384900;80518300;78249500;69727600;69373600;69134400;70305200;76461500;69710200;73211500;71422400;69520200;70790000;73083100;79334900;70075300
765;47703900;56049800;47110700;49638400;48662800;49521800;47622600;61171400;47014900;47739100;46519300;51976500;52848200;47548600;47894900;48440600;47218900;57911300;47953500;46368600;47465500;49024100;55077500;50690000;47131400;47001200;46053300;54234400;49426000;55018100;53469300;51620100;50623200;48092600;46355900;47751100;47036300;51732000;52844700;48022300;48104700;48194700;46863100;50803200;49480700;50884100;47749600;51489800;49317000;46776600
763;62242700;61974200;62816800;74704600;64734500;75566700;66252300;63077600;63356100;63393400;63479900;77649300;62187100;67393400;62139300;61094700;63321400;64569600;64305100;74332900;69476100;72040400;65084400;65653200;65452900;64485200;61303800;70187200;67619300;63074800;64239200;62405900;60646100;61924500;62089800;68296100;71530000;61838600;76316700;63903000;61873600;63081000;64217600;73114600;69070600;61869600;63197100;64137900;62262500;64797200
761;31156000;33944000;35119200;32357300;31593900;31204000;30989800;30322600;30397200;30373100;30438600;32705700;32400000;30689200;30409700;30606400;30994900;30596000;33998600;34587800;32190000;30954100;30549800;30235000;29975500;30048700;29986500;30128600;30485400;30686900;30582800;31029100;31456300;30752800;41270900;31499500;36511600;31712600;32063200;30424500;30342100;31425700;31077400;30319600;30747200;30655700;30240900;30877200;30975800;35856600
759;73279700;81198100;69280100;68435500;68410700;71567700;74985900;74123600;78529500;76977700;73830500;71563600;66922000;78908800;68249700;73748900;69216600;67133700;66854400;69132000;75400000;68213800;72332600;76388800;69460400;68181200;66720000;74309100;69946200;66936000;72036000;70383600;67676800;71504100;75711800;71644300;72800500;69315300;86234600;71500600;70160400;80962600;72688000;68388900;69242200;77947600;69007200;72440200;82770200;76031000
757;58404500;56691000;56671600;52571500;46486800;46655900;51491000;46851100;46296500;43818700;42799600;42498800;43697500;43059600;48959100;43744700;44483900;49730200;44538800;42225500;42126000;42726600;42282300;42742900;42806500;42694900;48457800;43348300;45943600;45372800;43259900;42831300;43642200;44509100;43765200;44028000;43066500;43408700;48800400;43529300;51624300;44978100;42183800;42820600;42738900;42436800;43883700;42676600;42544100;43680400
755;83685600;69813200;69859600;68017400;67893700;67119700;71969900;76785600;75409900;68515000;72468600;68822600;66805400;67300300;89304600;69489900;67166900;67062800;67033300;67087700;66878500;75417700;77673600;68739100;77299100;79976000;69799200;72143600;77294800;84045800;69043000;70638200;70064400;73286800;69180700;81896000;73777000;73081600;70306500;75383000;72278900;71546600;77399600;71808700;69340900;67554800;70382900;67244100;68560100;94875500
753;35640100;37593700;35780100;35227600;34513400;34886500;34452600;34387500;34666800;34148100;34592800;37512900;36853700;35047200;34651700;35181100;40007700;36454200;35119300;35006500;35161500;36311600;34510600;34230100;35138800;42611200;36008200;34538300;35564600;34575400;35721100;44723200;36297300;37290900;34461900;34186700;34210600;35198000;34875300;41542600;35037500;34132300;36440400;35859700;34542200;34627400;41695100;35437100;34298900;33980900
751;67377600;77416900;69208000;69142300;70274800;82501500;69028500;68486100;76167900;71084600;69078100;67390400;69591400;68518200;66848400;76517200;76015200;83226000;90416100;87731300;87004500;86966600;88436600;93390100;89123200;74866200;69089800;76055900;70725000;67359300;67290400;68997900;68422600;77858600;80632900;72455100;66489800;66609100;67103200;67572400;70407100;74627200;74248400;67440400;68441700;69481800;70784800;70720000;77643300;70720300
749;69246800;66593000;69118900;68485500;71186500;80197400;77976200;82811500;88059200;71490300;68505600;69705500;79556500;68993200;67293400;67139300;67313900;67087600;67321100;76143200;70444300;68540400;68484800;67274100;68053200;67464500;73626400;73389100;68202200;66205300;66869900;66558900;67137000;71382800;79873500;80615900;72230800;67778600;68117000;69673500;81119400;71517000;77005400;69691900;67713400;68302400;67845300;79572200;71343200;74152300
747;69224900;68631200;67286000;67841200;73919800;66205500;67482200;75111100;66646200;66349300;66966300;72039900;67758300;65924100;72261500;67597300;66039900;65747700;66463100;81257400;66328400;68206100;78697500;71942300;67300200;66594700;80452100;70694800;66955200;66487700;78877000;65834600;70738000;76924500;67040300;67092600;65874800;70871900;67878300;65462800;77861400;67601000;68540400;70481400;66634100;74925400;67127200;74526400;69033400;67418400
745;68370000;66065600;70374700;68087400;72280600;71097600;68055700;69447600;69914500;68079300;78521500;81137200;69426300;69958100;69327400;65689700;68146300;71200300;79035400;74269600;67688000;70597600;65988300;68330600;70168700;86622500;70364200;96449200;68606700;69756200;69614300;67458600;86356800;74855900;70802800;69067700;67885700;66529900;68019800;75869200;67440000;71978500;68945200;69071100;73925300;68255800;81705500;70670500;69523500;69153700
743;67937700;64410900;69930900;75972000;74920600;69428400;66210200;66130900;65756900;65541500;77410500;67471600;70561300;78068600;69458300;69796400;66407600;74192900;69587800;78967800;66948900;65381300;67093400;65704000;75215100;72143900;69600200;71182900;66509100;68528000;72824300;77985500;70675000;69546300;74482300;73852400;71475500;69294000;72090800;68102300;66449900;67964800;73615300;66529200;67135400;68893900;68739400;65973800;64792000;67875300
741;65848600;64625700;64805300;75177700;63683600;64858300;66119500;74482200;66790900;65365600;70306000;66818400;67852700;66267700;65494300;72078100;68939100;69042900;80745200;68757100;68481000;65771500;71120200;68090400;67476400;67477500;64823800;64393400;65005200;65038600;66379100;67398500;72026100;65634300;63647200;70648000;65052600;64010300;68713300;65400500;70506200;64782100;64306800;64035600;66668000;64782500;77086800;79125500;68593900;64782100
739;67507900;65499100;66007800;67296800;74361300;66759400;67210400;64239900;68664300;66493900;65692500;68353900;74216600;65598400;64091400;64973400;65416800;66513700;64909600;72345100;66410500;64673000;64640400;64511100;64127200;64595400;64651600;76909700;65166000;63603600;63554700;63315800;65796200;63911500;70341000;71983200;68006900;66593700;66305000;65414100;64311000;71429200;74479800;69761500;67854000;64026700;64389900;70301300;63917700;76246800
737;35760200;35492100;40672600;36675300;35507200;35327100;35065600;35051100;34937200;35247300;35098700;35284500;42968500;37043400;35490300;34785500;37658500;37862500;36748900;35710300;35476400;34814100;35319200;35066500;34738000;38491600;37565300;35812400;35640200;35307800;36507000;43855100;39529100;35607000;34961600;34951600;34816100;36542300;35757800;45104900;38110600;37389400;35284600;38453100;36108600;39802100;38187000;36316500;35894800;35836700
735;49764600;59704700;49975700;49370700;49558300;49454200;53631600;51997700;47968400;50796000;50070600;61479100;53311900;48825100;48409000;48426500;50471200;58967100;51062500;49515000;53542500;51707300;49719400;49318600;50041200;51667100;49003100;55381500;50170000;50338500;54871200;61245700;50060800;50292600;50587200;48042700;50203100;53767600;49678500;47912000;59294800;50017600;49193900;49981300;51041700;49920400;49808400;51649100;52504300;49407000
733;69589100;65826200;63722800;64951800;68883600;63276600;71237200;75597800;64877600;63535500;63238500;64830800;65062200;63617000;71916300;74329300;66869500;64293800;72673000;65695100;63164100;66579100;73153200;67382700;65497000;63071000;64174500;65600400;64104600;78220000;70947700;64794300;67397400;63477900;65333800;64471400;66107600;78423800;66222600;76922700;86419600;88517100;74566300;84384800;75772400;77395300;88443600;86679700;73053800;71359700
731;66928200;70464100;69652900;62537700;63153200;65104700;63124700;78396600;63674700;65074300;69111800;64414300;65712000;67142900;70542200;67153600;66474800;79298300;63108000;64027900;67485200;70748500;74159500;64017400;73567900;70863100;65518800;63138200;75026200;69151000;62975100;64809300;72120300;64500100;64223200;63965900;69950600;66743900;62886100;64308700;74638700;63598400;62379600;62813300;71283500;62987000;70543100;69986800;80031500;68136600
729;63836800;77421700;67404300;61999900;67404300;71290800;63561600;62561700;68697300;68233400;68619500;64403000;66751600;66350100;65479800;65044700;70023200;66113600;61815500;61787900;62652500;65239100;64128200;64505900;63504200;61941400;62111000;62855500;61759800;61878200;69551800;68492500;66256200;63009100;61890800;63965500;62223800;65624800;65603600;65092400;62787600;75355600;66405000;64594000;64221200;66308900;73111400;70652600;65356800;62657600
727;66554000;64601500;63099100;64589800;72117600;62735700;62171500;61978900;62526400;62789900;62852800;64585100;72436200;67449600;62811500;66898400;68526000;68009500;65408400;68967600;72610400;64065100;63205300;62200600;64420000;62976300;67790600;69591200;77107600;63938700;65072200;66002600;68678600;63957900;72938800;63730200;75522100;62575100;62951500;65430300;64231500;64543500;77315600;68102500;73921300;70089900;68665700;65894900;65275600;74069100
725;52465500;54429600;55671800;49143900;48901500;49797800;50544400;49819300;61430400;49742000;52507200;59377900;50866700;49996800;50523600;52808600;51361000;56140000;55733500;51958100;51449700;55224500;53609000;50861400;49616400;53917600;52141500;60255200;49270300;50842400;49699400;54665300;55776100;52749700;50389600;51017900;52867900;49686700;60360800;49468900;50268000;48606100;56431000;49429400;49068600;48466700;61308400;50108200;55568900;55821800
723;84354500;69464100;66795900;71868600;64706300;65658700;64744500;63107000;68160400;66197500;66242700;72059100;73653700;86882000;85628800;82030000;69265600;80225200;74291000;65334600;65643900;72140300;63840900;74575200;79854700;63886300;64978000;64619600;65642600;65379200;67886000;71714900;72985900;64448100;63194200;63214800;62805600;62969700;68268600;69271800;65897500;64599300;68118200;65399400;70413000;66138900;73784800;67910800;65065900;62748800
721;67462700;63166800;64457900;75421200;74287200;73787000;64781600;63435100;62621200;63226400;63367600;70046300;70449100;63330900;63494300;62898900;63315500;63087700;66208200;65617700;69759700;63725900;65977100;65177700;62407600;63961700;69660100;66549700;64055600;66671100;70923300;63710600;66710800;70699600;73124300;67993400;74603300;63537700;63456800;64339500;62429000;76041400;64454200;67162300;65394200;63349800;63559400;62966400;66912900;71031800
719;65916900;66183400;65170900;61761000;62087700;62152600;70582500;62691500;62211800;65552900;64794100;62069200;61612700;67077200;65431100;63847400;63207400;64406200;74428600;67730800;63291100;72651100;64273700;61898700;64747600;64305200;71137300;62413800;63926500;74728800;62486400;69498500;62392500;67309100;65004300;61963100;68682600;63592900;61616900;61677100;61454700;62377300;68597500;63435900;74008000;64273000;63773200;64829900;66502300;66050200
717;63215500;67977200;62253400;61562700;62134000;62454400;63862200;64235100;74329400;78804000;61442400;64071400;64059000;66588800;65313800;61426200;72071200;64874800;61964000;68460000;62460800;64331100;63191100;61082100;78922700;63776700;63435000;61915800;66392900;69804300;68104900;70513400;65501900;63782600;64060500;61221100;62179600;62966900;62734000;71017000;72393400;65281500;63867100;61876200;63992800;62962100;63478500;75746700;75446200;63581300
715;51005700;50014100;49250800;51030400;49877900;58860800;50020700;56219400;51166900;48699400;49681500;48684100;49523800;51032100;48706200;58693800;49448900;52834900;50036800;48820300;49111700;49156700;48532900;48526100;50101600;57793800;49738300;48424800;58796500;51213600;54972900;52536600;51349300;49339600;55052000;50119700;52054100;49948400;57022600;49381100;48852900;50484800;48552300;48560000;58322900;57697300;50426800;52863300;50530400;49407000
713;60276400;58079700;63013400;61773300;58794700;62672900;62730900;59913300;58796400;57516400;61291400;61339200;58608600;58902600;58067800;63881600;60289700;59311400;57860500;66124100;58699200;58302300;59002400;58006000;67482000;59215100;59105200;67161500;62229900;62426700;61368900;59234800;63016100;64643400;60651100;70998300;61564900;58208800;59000200;60808300;57990700;73644100;60790900;73110100;62980800;58447900;58425400;58207200;58436600;59691600
711;55898600;62136200;54563700;54160500;53839700;54452500;53876900;54489100;54463400;60793700;61812700;55680300;53720100;55816500;54561400;58009700;55901600;54352300;58798200;64914300;57865700;55986000;57568800;54802000;56211900;55055200;54958400;58858100;63840600;57528500;55615300;56391600;55864100;58586700;54879100;54188500;70729200;58782900;58791500;54621800;53949500;55953300;55675900;54797200;53985900;67744400;58877000;54488000;56524200;54039900
709;48113800;47013500;47506800;47052800;53806100;51673900;48519500;47128900;47434600;47470100;47163600;48025100;47672100;47654500;53765700;49722000;58026900;49375300;49672600;48917300;50061700;48401100;48123400;48418300;54395200;48607100;48850400;57889600;48876400;47241000;47248600;49515300;48067700;47326600;57638500;49826100;48106900;56077600;50495500;47632100;48333400;49033600;48962500;48286600;58931000;48917800;75819400;51839800;50766100;48898700
707;62214700;59888100;77961600;63704600;63401500;69573300;65172100;67621700;60086500;62692300;62385400;60871800;61675000;60794200;73851000;64325400;61526500;69972800;63038300;62218300;63406100;61457900;72447400;65296600;59721100;72430200;62285100;60795900;65357400;60802800;71165900;62315000;60409900;70345700;62950300;63804100;63351800;64616900;69209200;63290400;64121100;64225700;64592000;61220000;61154800;60156700;60306600;68849100;65617600;66308500
705;71394600;66432300;59585300;62197900;72817500;70234000;63043700;60953000;61265200;60769900;61285500;61225900;62737600;68757800;63616000;59673800;66693000;60119900;60353200;60100800;59451600;66630600;61212800;58975300;59707200;59410500;59605200;59100700;59768600;59889400;71540600;60854200;61808400;63770300;61201400;69673200;60931800;63943400;72087700;62063100;61013300;60669900;60493700;59492900;59173100;63394100;78872500;69775900;62233800;60307700
703;38500200;36845600;37081400;37089300;36747200;44171300;38113000;41643500;38316300;37326900;36701400;37269200;36744700;36669100;36705700;36865000;37314400;36751700;42432200;38273800;36855400;41437600;38588700;37672300;37141800;37556600;37395000;36923800;36691800;37200000;36749000;42036100;38436200;36900000;36610700;40876100;37955300;37048300;37205700;37247700;36864900;36866400;37213800;37883200;42947100;41468800;39947700;37945200;37860700;43234600
701;60489500;61831200;61125300;59967100;64057000;59355800;58514900;62803700;63539700;58618500;60475900;58528200;67461600;66068000;59262600;59413800;65246300;60996800;59108500;58537500;66800100;59193200;58370100;58846700;60702100;61416100;59242600;59555500;63517300;60239000;58663000;58154200;60686800;69166500;62379800;59952500;67591500;64793400;61430500;61368600;58872500;59703200;64961600;60927400;67073500;65642000;58893300;58589700;63300600;58935300
699;65226500;59455500;67463800;58669100;57977900;58919500;57684500;58357100;62389600;59800600;65018700;68541900;59037500;58228000;58836500;59771500;58623800;63700500;64380600;59521300;57881900;58434600;57796800;57649100;58631200;58398200;77429900;61300300;61857100;61402600;62152900;63762900;59580000;59309800;66838700;65958700;58864800;58418400;58541300;59526400;58235300;61609200;59698400;71654600;60063600;58682800;58938300;64727800;63241200;59672500
697;57629700;56942100;52507400;51439400;53234900;51797800;51047200;51107400;53008600;51703000;64222100;59766600;56549700;64930400;55230300;57829300;54046100;53006600;54456700;54660300;54168000;55034900;55312400;55265100;52278100;57679600;52122700;51833600;58369900;53484600;60270400;54222100;52896800;52304100;52026400;51851900;51398300;65619500;52034500;52350500;61362400;53763300;51310800;53089000;54268300;53841400;60223200;54852700;52756200;54905800
695;64028300;61253800;57905700;58425800;69351800;59430000;58279200;64204000;63865300;61496600;57806500;59287600;63294600;66319300;60473800;58538200;70595200;61627900;60241600;60141200;65783000;61770400;57991700;62159300;60708600;66344600;58772100;60824700;63465600;62307700;60690100;57355800;61089100;62253000;60018700;57900300;58035500;66035200;57808400;57019700;57771900;58359600;60700700;59360600;58103600;67329500;60000000;57572100;58836800;64053000
693;67911200;63391000;59812000;64956900;60221600;59046300;57277300;57684400;61907900;59840700;60983900;68917500;59181200;67983800;57930300;58829500;58000700;57561200;64114800;65137400;58409100;56935000;57143000;57234100;57304800;58041900;57716000;64381500;61753600;57596100;57885800;57226500;58657300;59520500;58618700;57762600;69180600;58193200;57380600;58012200;58192000;60266000;58876400;59756900;64110300;65006800;58245700;57523100;59746900;58666700
691;55864900;55999700;60433600;59548900;58637000;56130200;55534700;55220100;54801800;55301200;55699700;60547000;62733000;57277200;55229300;55928600;57920400;56778500;55340600;62460000;62429700;57390100;57915800;55092400;55426500;55646000;54918000;54663000;58360700;57988900;55392500;61788900;56058500;59043700;63089500;57948600;58895700;68110500;59798600;57209800;66455100;58146700;56165500;57082000;55084800;62952100;61293200;55145500;58312100;67753900
689;47240100;46927800;46165100;46975100;56624400;48508600;47827500;46411100;46914900;53362800;47297800;46208100;46559000;46304900;51446700;55059700;47996600;47020500;46512800;51445300;51336600;47017300;46525500;46156100;49298000;50001000;47340400;46429200;46971800;46805200;48986600;53198500;46591700;47758500;46972700;63304500;47233300;49793300;46878400;50112400;47574200;55709000;50054700;48354100;47678000;54456100;47296100;46417300;46304100;45872100
687;56944100;59507500;57601500;59686400;67472600;59061800;57939700;56821000;58521800;57685500;67191600;58490600;68245300;58399700;56168300;57547900;58437600;56931100;55991200;65369200;60964600;61992900;62384000;64655200;59775500;58618200;64260100;61375400;62969100;61617200;60215200;59176200;56922200;59652100;56061000;56965800;63369400;69306800;57527900;56437000;57564200;56637200;57931200;59988200;59750700;62598200;59306000;56259600;56344400;57325200
685;44791800;43881300;43951000;44200300;46911900;55010600;47902800;44531200;46526900;45121700;47316800;45212700;45890400;44530600;44799700;49465100;50775200;51102100;45766200;45250800;44335700;44423500;45036200;44895700;44100400;44535600;50088700;55268900;47954400;54025100;56484000;45141000;46338800;45045800;44804600;44162200;48605100;46184300;45303800;50436700;46056200;44516400;44156700;44380000;44264700;44113500;44051800;47469900;46355900;44571000
683;63332000;55569900;56328800;58234900;55562200;55192300;63330900;56424500;56180100;62850400;55973000;55161900;55217000;55096200;60782100;62260300;57610000;58291600;67100400;57553400;61698500;58373800;55261800;71801200;57330600;56247700;57291800;61541000;57183400;55771700;54996700;61389700;63592100;55940500;62947800;56859100;62238200;56133100;55382100;55063800;61924300;55440400;57470100;55144200;55909600;59444900;56740400;55447800;55787000;61891600
681;56071600;55896900;55646200;58178800;63012500;56481300;55328700;63037900;56688300;55969800;57113500;59199700;56602200;68447500;57618000;62272900;63659100;56992100;58360200;55295500;56788400;57131500;61480500;62948900;59733200;56014000;57365900;55835300;55631400;56185600;55792800;61458600;60398900;61762100;56466800;55499200;55619100;55873900;56171200;55840000;58935300;63147500;56729000;55550600;56355000;55874600;56058900;55919400;55327800;55618500
679;56964900;56819600;55238000;56463300;55915200;64029700;59579700;56137500;68432200;56199900;57511100;55919300;57164300;55925000;54908400;59403800;61171800;66112400;56197100;55671400;56491500;56172600;58632900;55223200;54655700;58952300;58509500;56847200;55879800;54965900;54448600;56990900;54793900;55881100;60616300;62410300;59388500;55709800;57802600;57763000;56079800;54984000;55129700;61483900;55827500;60756600;58291300;58039800;56494600;57388700
677;58467500;56899000;65248500;55161900;61097200;58031000;57160000;55337900;57618000;63565200;58081200;56280200;55880900;56641100;53805100;62666400;53808900;53027700;60756500;56208400;53246200;53440100;65023400;56244500;57125300;53624500;54371900;62292100;55643400;55373800;56664600;55397600;55818300;54217700;53097900;54485300;70098600;54134200;53653800;62395000;56760800;59506500;53561300;54424600;63677400;57924800;53746600;54842300;59957800;55327300
675;59215300;54704000;53906600;62639900;53863000;52578100;53407300;55794600;56675300;62730400;54859800;56787100;55293600;53312100;52410500;54232600;53457300;52855500;57383700;55208800;55151000;59000500;56652700;53002300;56356600;55548200;62741700;53747300;66107800;60970000;54680200;54950600;53718100;53373900;53889700;52924800;52416800;58543900;62881900;62213300;59604700;56067400;54274500;54572800;56137100;53438200;57168500;60979400;54441000;53154900
673;57677600;52743600;52312500;51955800;52071800;54816600;59391700;52817400;52092700;52136200;51974400;52171800;55732300;52624300;52167900;61653900;54523500;52438100;51914000;52609800;52639300;54331700;52972200;52678600;56686200;58155200;52974400;52171200;60570200;58696500;58986400;55939500;53020200;59026900;54330200;58550500;53977000;53316800;52276300;52744800;55143900;54728300;61253300;64931500;58462600;54295600;52007700;51915400;53213300;52397800
671;55136200;55969400;52800500;56046800;54479800;52681500;52735500;52049200;52085500;52214800;59568600;53205400;51541100;57677700;53495700;52255900;52690500;52345900;53427400;60106900;55608900;53501700;53848700;64819600;53642800;53736100;51971200;53633600;65137500;65644500;54252500;52368600;60313400;54196000;53423100;54628400;53081000;60889000;53979100;52504000;51912100;52732200;59525800;53317400;52095500;51880200;56286900;59326400;54412100;52270200
669;33513500;32631300;36482900;34655400;33341800;32615700;32909800;32631800;38944400;34268000;33152700;32843000;33188600;32783300;32668500;32744000;33861500;35613200;35090500;33476900;32585200;32752500;35743500;35462500;33987400;32949400;33243200;33295600;33134000;33180300;33277100;32970800;36436000;41928000;34368500;33813400;32706700;41095200;35095900;34161000;32853800;33476600;32848100;32637000;32622000;34522200;33128400;32967600;36369100;34304500
667;53936100;53109400;46796700;48537000;50591000;46622200;47379500;48208000;49251500;59447500;56288500;50383500;48455600;46859300;46534200;49055200;48059600;47257900;46320700;48764100;50613100;58767000;47764800;46687800;48166600;47232500;46877100;48432200;48768000;46616000;52308200;52092100;48407100;47566600;48615000;49347400;49378300;50149100;48220600;46572200;47543000;52714200;50369000;48690300;47693900;47025700;46183800;51141000;49840200;46848100
665;42270600;55455400;44909000;42739600;43035600;42339800;41959700;41875200;43178700;42660600;41923200;41575100;47598000;52552200;44989500;43206200;42519100;41954200;42735700;42565300;43940300;42222700;42486900;45776800;43617600;44565600;45126600;42909100;41786300;42173000;42186100;44654500;42251100;41802100;44043600;53178900;43912700;42512200;47393000;42676200;41593900;41668500;43767300;43399400;42730600;41841700;52518000;43605100;99151200;56050000
663;52583900;50868200;44982800;43815200;49544200;53666500;43401000;43533200;52836500;52307000;49376500;51175400;50976600;44253600;43609100;45710700;40723000;39338500;39023700;39007600;43517300;41054400;39639800;38795300;39524300;40032800;39261000;43221200;46752500;39688700;39550500;39937500;42644600;49829800;42954200;39959600;41016100;39554100;38972100;44358500;41621100;42162200;39353200;40320400;39531400;39121700;45212800;41221400;40750800;39815000
661;53738200;62507200;56492900;67480500;66789300;64752300;56871700;51240300;50415100;60698300;51394800;50179800;50458100;49871700;49818600;53898600;52354000;51926700;53839400;52432700;50641800;49803600;49972800;49983400;49823800;49923700;58350200;50707900;56754400;51815800;50157600;51221800;50956000;50037700;51724800;55367800;55171700;51487600;62021300;51909500;50257500;51390600;53030100;50779500;50866000;53852600;61721500;62000500;50537800;51086700
659;40996800;39652000;39559200;39474300;39798400;39905700;44815400;47830100;47660600;40887100;39817200;40732900;39605200;39407400;39274700;39525700;39327700;40523800;39630700;44400500;42379900;40207700;39630000;39399300;39746000;39930700;39718600;40011300;39631600;39950100;42128700;40897200;45125700;41739200;39764200;39537700;39560700;40574100;39417700;41112100;40019900;41109700;40795100;40680100;49604000;51595400;40939700;39837700;39724600;39352800
657;49913200;48090700;48201500;49488200;55386700;54419300;49480700;49154300;48034400;48252200;48240200;49725000;50832500;48460900;53663500;49502400;52754100;49069200;47767000;48090700;47639700;47422100;47990600;48608700;52425000;52754500;48518000;55104500;48746100;47859400;47804800;47585100;49227800;48162400;53080200;49383700;47883400;50814700;49535200;48270700;48622200;48912400;48105800;48670400;52402600;55897400;49607300;48028500;56712800;50452800
655;49444600;53281400;53075000;51764200;50680100;48067900;47788100;47839100;53794700;50993400;49361000;47930800;51457100;52174100;53993200;48575500;47310500;50886300;55401900;49936500;47980900;48827500;49641200;55724300;49071100;49518300;49057200;48891900;47920200;56306000;49734500;47468000;48019100;51677700;53924100;49329100;47617200;54188800;51586800;52750500;50520200;51674600;48402000;57987900;50265800;53483900;48705500;48879700;48659300;49330000
653;51497100;52514800;65640700;55594600;50600100;49804500;49915800;50342400;58047100;60504500;51023700;55530300;50935500;49233800;49027600;49932800;49401500;49257400;49545100;53763600;51478100;56350600;57234000;49589100;49395000;50023600;54201500;50878800;50429900;58303300;53683800;52419900;51180700;55764100;49961400;49166500;49068500;49558200;49608500;51328500;54437000;56572100;51492800;49607300;50773100;51134100;49163300;50971500;50009000;49907200
651;50648500;48775700;48520000;48837400;48671500;48642300;49250100;48944200;48886300;52683200;54990500;50382500;48759400;48681100;48936700;48742600;48872900;49751900;51200700;51417500;52111800;50146900;48929200;48765100;48801100;49519900;53868300;49274900;49094100;58806800;57724100;60090200;51197100;49815700;50387300;49802700;51015100;50563100;49685300;58825200;51136500;60257100;49623900;49351700;52460700;48912600;48887500;51498000;55192900;57286700
649;56373300;50371800;48768900;53538600;48767800;48367500;55715600;55524900;50456900;48972400;51417300;50886800;48930600;49049000;48801400;48571600;49270100;56553900;51261700;49523100;49567900;54582500;50089200;48556100;48580200;50629000;49242500;57560700;49701300;49281800;48631500;53486600;53461000;51054700;49431000;49580500;50191300;65174000;49494700;51330400;49495300;50561900;52154300;50453100;49288300;50366300;56903300;53285000;48695700;51318000
647;49162500;52635800;50731000;49711300;48375700;52419300;56270200;50047400;48521500;48899100;48444000;50968200;58311500;49499500;49627300;53649800;50273000;48622100;48414400;48722100;48465600;48792500;52701200;50532400;48740900;53911300;52554700;49163800;48832000;49344900;49024000;51191300;51744900;62129400;50501100;62170300;49589800;48694600;49016100;52992700;49200300;48822300;48553100;58355400;56417800;57316800;53535600;52027200;50241800;49297500
645;36417800;35310100;34833800;39725700;37564900;41589600;36493700;35639300;35104700;34853900;35041000;35563500;35099400;34903700;35446600;35530700;35265000;35366200;40310500;38982500;39288400;36742100;35926900;35318200;35123600;35255600;40435500;35442700;35128300;35054900;35153400;39962800;39355900;37051500;35799400;35174800;35026800;35246800;35716900;35329100;35068600;35630400;36249200;35591100;36074400;36135400;45054600;44160100;36569900;35776200
643;49047900;48168700;51313300;48574800;48628100;49512400;51144200;58481800;49525700;49252100;48830200;54191500;48891500;48977800;48355500;48355000;53606600;52414500;57790600;51054500;52819700;49627600;48501900;47918300;48827600;52003800;56715200;52869200;49657500;58388900;48752000;47938200;48373000;49365300;48145300;50620300;52517200;48972000;58417600;53965600;48698500;49562200;49116700;48378400;49160900;49391500;50981500;50880400;48364700;59445500
641;42978200;43029100;43379800;43624600;43204800;47897600;45170300;48426600;44416500;43261300;53112000;42782000;42397000;43869400;44476100;42890400;52047800;44874300;42895700;41948300;41913300;41820500;54038900;43052100;41997400;42015000;41974300;45062500;52095500;42469100;43348700;43717900;42360400;44342600;55430600;44513900;42185600;42418200;42826700;48819900;44732700;43422500;43210200;43244600;41906900;42795200;50718200;43283100;42122100;42075400
639;53489200;49069800;54953500;49473900;47398300;47564300;55968900;48707600;47436700;54307100;48332700;47385500;48785900;47815200;47319400;47317900;48911700;50266300;47969200;49199200;49817000;47655300;47844000;49351700;47195500;47107800;47552800;49687600;50039400;48688100;53970000;47707400;47128000;47221500;46955000;47025100;47137400;47597900;49256100;55681000;57711800;49777100;52059500;48447100;51241700;47986100;48961000;48284900;48036900;59128700
637;49327500;47300900;47077100;47274700;46992800;46859500;51731200;47374900;47539400;58347300;53579000;49742300;49259500;48499200;47656300;46826700;47238000;47260000;47780100;51054500;52624500;47937300;46856600;46710100;46648500;47099300;46863500;46788300;51029800;47177500;56476700;49215100;47816900;47856700;47093400;47113400;46786900;47042600;47664700;49763000;56741800;53457700;50129400;50681000;47285500;47190400;48782800;48286100;46710500;47472800
635;54962500;55763300;48936400;49024100;46818500;46727200;47576300;47067200;47137800;56390500;49906700;47516400;56352000;48555500;47760300;46629900;46617400;46503400;47203500;46814500;57486800;48429700;49820300;53893900;48180900;46888200;46575900;46709900;46891700;47456100;55501200;47714500;46560600;46584500;53536700;48222900;46678700;46492500;46389000;46473600;53867700;51986300;47077200;48056400;47351100;62049000;48077400;47993900;47131100;49449000
633;47451600;46519500;48505200;45794400;48176400;52351700;46903300;46034100;45296400;46712200;62455200;46585600;52005700;47665500;46828000;50134200;51152100;46550000;47816300;45978800;58801700;47525900;47918300;45686000;46050400;47477800;54893500;47890300;45771200;45860600;53832700;59141700;51942300;50460300;47294700;45827000;45627600;57226900;48814300;45268200;59928600;47703600;47191100;45788900;45567400;46873800;46644800;48665400;58724600;48037200
631;55264300;46549200;46638900;48622600;46444300;46509800;45963600;46063200;57960500;49318300;54217700;48473000;46268800;45887500;47714600;46120300;46043900;46219900;46234000;52598100;52320900;53484600;46358900;49962600;46377100;48194300;52380900;47046400;46064600;47256900;59547000;48266100;48017100;47278200;48585900;46877500;46373700;47648000;46045800;47408800;51380600;54716800;47998400;53027100;49397600;46514600;48304200;47888000;51963500;49162600
629;62934600;49557900;50298500;46895100;46159400;48285700;46662500;47380900;46138200;46621300;54634000;51137300;52052100;55435700;49338400;46127000;47309100;46100400;46343900;47176900;52034200;48543300;52376400;47729900;46570700;46104700;46020500;45687900;46054200;47529600;46429700;55923300;48081800;55781900;49241600;46967400;49630800;47246600;46791200;46125000;46632100;55517700;47813400;48660400;57613300;48041300;46044800;45718900;45881500;46450100
627;30001100;34836100;33051100;29814500;29414000;29332700;29315500;37700000;31565000;29977700;30211400;29688700;29376000;29051400;29131500;29085500;28974000;28941600;35277200;30455600;29586000;29232200;29141800;29594200;30874000;31935400;30343300;29569900;29140900;28946500;29113200;28961000;29143400;29210800;33728200;30655200;29988200;29343300;29154900;29461900;29316600;29169700;33832100;30768900;29756900;28952900;29043400;29178900;29370200;30604300
625;54625600;46066800;44845600;45001500;45498800;53308800;46934600;49721400;51559700;54599400;56435100;53494800;51827300;52996900;52659400;56108300;54249500;53639100;50747800;51743600;50209100;45923700;45453800;47083100;48243500;45643100;52351100;47700600;45589600;45884700;52628500;51643800;48202000;49409700;49324100;48877100;49825800;54641800;53541000;47762700;57783800;50955200;45379900;45001500;45370500;44988300;44990800;45175400;51177400;46075800
623;47670800;45528500;45235800;44984600;45194900;44712500;44899000;46335500;44956300;45302400;46688600;51035100;49511300;45523500;44828600;53933600;52116700;46388200;45368500;46622700;53986500;59964200;46343800;45315300;45625900;45569900;44846800;45745400;47464000;45006700;46446200;52526000;46512300;44642400;44705700;44515900;44633500;44704700;44569700;44836500;44743000;44850700;49362600;51777200;48221200;46516100;45001200;45630500;45071300;44854500
621;45578100;44567000;45307600;52849400;46297400;44740400;44669000;44798100;44622000;44896700;44735000;45788700;45491900;45798100;46303500;45057600;47600800;45694100;45249700;46828100;51457900;48297100;44832400;47170000;56235200;46782900;53281200;45757400;45878600;45207700;44917400;44699700;47935000;46089500;45275200;57951300;46248200;59743700;46599000;49387800;47621200;46053100;47012300;46151800;46386900;53106700;45489700;45540200;56759400;47805600
619;45354000;48194100;45484800;44822600;44773600;56741800;51573800;46691000;55726600;48107200;44662300;45497400;45276000;45117700;46450300;48514700;46194300;46305200;45252400;45956500;46866500;45451000;53569000;51574800;46424700;46021600;56730900;45789300;44895700;44712300;50921000;47275300;45762900;44684500;45682500;47964300;46942700;47933600;48218500;45048500;44545600;44557400;51849000;45510900;44516700;44702300;44954300;56471900;45462000;44436400
617;44658800;54119100;44587300;44012300;47694900;46900200;47206200;46294100;46034500;45153800;44381300;44071200;44266700;44659600;51773800;45415600;46313700;47469500;49159000;44412700;53233900;47135800;44131100;44949300;49506700;54021100;46240200;44149000;53945500;45609400;46278500;51254000;56864000;58383700;57974900;52973500;49406300;56063900;52477900;48773200;52311500;59350500;56709200;54866400;54037200;53123100;47391900;53753400;44603900;43853400
615;44807100;44049700;43825200;43816900;43803000;43823700;50733200;50968200;48502200;43852100;44128900;44949700;45376400;44925200;44332800;44094200;44211700;46754600;49849600;46621400;47513700;44790400;44394400;43823500;44024900;44286200;44731700;44003300;43716900;47756600;50539900;44190800;51972300;46755600;44938300;44324800;44219800;44035500;44015100;44260500;49912400;47781300;45291000;44164100;44193200;44016200;44111100;44136300;43951900;43976100
613;48808100;44912000;48355600;44949300;43303300;43233100;43204000;43423400;43094600;43023300;43234800;47153200;45016800;43980900;48494800;44086500;43217900;43210900;44805000;46410600;43976900;43541700;43771200;47450700;52785400;48042200;45460800;47290700;43981400;44903200;43369700;43591200;43724400;46502000;45519000;45653300;45968200;44429900;45881100;45856700;43840800;43385400;43182200;43462000;43408500;49309900;47691900;44345700;47135500;49713300
611;44221100;43113900;42900200;43076700;43121300;49528600;45426900;43272400;43651400;43838100;49383400;44664700;43384700;42972600;42774400;43121000;48477500;45114200;43501400;42988100;44019800;45835000;55587500;44442500;44365400;43272900;44929900;52945000;46580800;46767000;43551200;44551900;45471600;55426100;45701400;43942500;43301800;43126800;53233500;45177000;43530100;43365700;47481400;44374100;43875900;51145700;44014800;43053900;42893500;50342200
609;43336400;42439500;42365100;42832700;42559700;42474200;48995900;43577900;42555300;44514000;46489800;44041700;42779700;42721500;43271000;42367900;42416800;42812400;47745700;43746600;42651100;48867700;43681100;42516000;42416100;42280700;42614500;43548200;43279000;43838700;51767100;45127700;51571800;46424100;43025900;42982900;43363900;45702500;43280500;43960700;46519900;43359600;56365300;49317400;44603600;43328100;43733300;42891300;42682100;45524800
607;45478300;42984700;45514600;46318600;50017600;44072900;42555000;50535100;45330200;45246100;43118200;43140100;42630000;43222100;47664200;44004700;43934200;44532900;43567200;43151600;42689900;42698200;42981900;43325900;42634300;43309300;47224900;45576700;43219500;52847400;45119700;43191700;42969300;42986100;44465500;42672800;42816200;46346300;42903900;48787800;43016400;42973900;44381200;47171600;44798600;43296300;43268500;43643000;48213900;44770500
605;37801100;36340700;36022000;37800500;36354900;36527100;37466300;36384400;36276200;38301200;38712700;38080200;36197200;37916400;37887600;37035600;36193500;36125900;35974100;36145300;36180300;36002000;36082800;36090700;40827700;45858700;36392300;35754300;47976300;37637000;37794500;36850100;36614100;36611700;36241000;36228200;37592500;45295600;37033700;38096700;36779800;46626500;38320600;36478200;36761500;37075000;36980100;36070400;35994900;35942900
603;36999200;36243600;34600600;34159600;34270300;45038700;35634600;34871500;34944600;34508200;34843400;34295000;34603500;38521400;35382600;34810600;34795100;34043100;34855000;34565300;38211300;35619400;34607000;34349100;34332600;34398300;34354400;37336600;35738900;34990000;34202500;34121800;36666400;35585300;35164200;39083500;35640100;34485500;34359600;34213300;34195600;35932400;36923000;35133800;34869700;34131300;34194500;34483700;34471600;34183500
601;43005200;41681700;42203700;41647800;43435800;46498800;42212100;42544500;42113900;43317100;42205900;49923000;49867000;43160500;41509900;49677500;44159200;42513000;42419600;41531400;41614900;41672300;41364700;41631500;46853500;45094500;42269800;43508600;51476700;43790200;41893900;41630200;42398500;42196000;41933000;43728200;44101800;42526400;43874800;43461300;42244500;41951900;41679200;41807400;41912300;41766200;41609800;41777300;45269600;43219500
599;43276300;41728100;41072800;41105800;41503700;41948700;41313400;40939500;41290700;41785500;46943000;44809900;43301400;41773700;41316400;42763300;41147700;44430500;41682500;41493500;41936100;42325400;45017100;49543900;45763400;42298600;41618200;42382600;42112500;41676400;45561800;41568900;41830900;41647500;44548800;43179300;41472600;42290300;46360700;42025600;41195700;41966600;41741100;41134600;41358400;41482400;44922300;46078400;43254000;41529200
597;43755800;42056400;41358300;41503900;41194500;42081600;41579900;46877700;43452000;48035300;42477500;41344200;41241800;41258600;41161100;41031800;41064900;41458300;41281800;46167800;42968300;52021800;42483900;41176700;41828300;41551500;44393100;42260100;41937800;43093000;41710900;53533400;42766700;46008000;45223300;41997100;42151900;41431400;41979900;41656200;42599400;41759100;48349300;43143400;41385300;46548800;45704000;42019400;41916000;45007300
595;42067900;41414300;40936200;45808100;42977900;41684600;41288000;45049700;42845100;41821000;40942700;40935700;41040100;41125300;41167800;49906500;44104200;41753700;40987700;43279700;43585500;41793600;40973100;40941400;40965300;41472200;44559200;43030900;41918100;41964500;42172100;41434400;45982200;44253800;42384400;42860200;42026200;41462700;49298700;43907300;42855500;41032900;42023500;43356600;47188200;45997600;41573200;42325500;41719000;48033600
593;41857300;42345000;41375500;45582400;40560600;41191100;51300400;41884000;41380400;40815900;44484700;47455400;40987000;39949100;43484300;43510900;42251900;41418100;53056600;42091900;40982600;41351600;49428900;41642300;43617300;41702600;40928900;40730400;40639600;41015500;44424900;43153700;41323400;41735900;51954400;42841900;40705100;47030900;41937100;41264500;48782100;40877700;43208600;44595200;48548600;51841200;41416700;40855700;41421700;41795400
591;40934100;39894100;40778800;40246900;46999400;42326300;46612600;42305300;40236800;39868600;39858900;42320400;41954000;42714900;40449300;40620200;39993100;49376700;46790900;40973100;40318600;40957600;39814600;41421300;40371000;42161200;39972000;39857100;40024100;40130700;48375100;43207600;40169400;40033500;42848400;41054500;42566700;47819300;40329800;39690400;40447600;44788800;52654300;41953600;43411100;41088000;41559400;40398800;39735700;40273200
589;41378500;40053700;40257300;50831300;50557100;40934600;42350900;44005300;41110100;40091800;41104000;41634700;40538200;40456900;44366100;42511500;43197900;41844900;41256600;40538100;40650300;40166100;40581500;40671400;40239500;40459800;40506600;47361700;41497100;43821200;43233700;41632700;41204600;40249000;40184200;40093800;40178200;40052500;40177200;45894500;41453800;40145000;47247600;41126800;40128800;40037300;39976000;41214300;40415900;40154200
587;31077000;33223000;30628700;29316300;29107100;29564900;29309700;29820500;37501500;30147200;29846700;29018600;29851100;29948700;29823200;29278300;30495000;34240300;29904400;29734900;29271300;29617000;29533800;33294400;30112400;29497400;29995900;29327200;29313400;28942100;28936000;29204300;29096700;31785000;34640600;30647600;29768500;29032300;28987500;29366600;32631600;30123900;29533900;29122200;28956100;28979200;28695500;28761900;28875800;28874100
585;41157100;40349400;40030700;39920800;39672500;44307300;41088400;39975900;39749800;39498800;39481000;44027600;41060000;40015800;39817000;39617200;39693900;40125500;43202700;41421400;40208500;40035400;39904600;40472400;50569400;41798400;40202400;42742300;40324800;39955400;39927600;49158700;41834200;39981200;39804300;44102000;47539300;41111400;39869100;39657100;40198400;42161600;40457900;40223100;44310100;42065200;40931300;43200200;42494800;40572600
583;40412300;39204100;39293800;39031800;39031200;39231200;45396000;40222800;39339300;46424300;44223900;39923300;39291300;41565800;40572300;40493300;39554700;39355000;39614200;42989700;39940800;45328100;40051300;39259600;39132000;40414500;39185500;39249600;39045700;39138000;39345700;39367000;44047100;41096300;40947100;39983100;39184000;40505100;39993000;39855100;39930100;39551900;39253000;47714400;40449600;46506800;42937900;40551000;39175200;40791500
581;13681700;13387600;13224500;13317800;13218700;13144300;13310300;13295700;13231000;13200300;13192300;13172700;13162800;13109500;13298400;13173500;13118700;15307800;18414800;13710700;13368000;15396900;14569300;14179900;14825400;14023300;13555200;13285200;13155900;13208600;13127800;13157700;13791600;13458800;13305100;13247900;13200900;13160200;13330400;13258000;13213700;13549000;13680800;13607300;13471900;13423900;13373400;13341500;13980300;14171200
579;44147000;38516500;49654500;39938300;39067600;38798500;39512700;39675500;38676200;38810300;38625900;38473400;38610000;38627500;43023600;44754900;44524900;41479700;48685100;49691800;48779800;48510900;46412400;44299000;39772200;41601600;40345200;46187700;40530900;40062200;40635400;39650800;39949000;39351600;39291600;38913300;39490400;41305500;42240000;39599300;45772600;40632700;39804700;38612700;38466800;40432600;45404000;43615000;44787100;47064400
577;22486900;21870500;21565200;23211300;24081600;23102000;22708400;22655700;21998300;21902600;21588500;21786600;21706600;21826800;21863400;21723400;21763000;21900400;21901200;21985900;25599300;27105000;22820900;22256600;21932400;21638800;21829700;26816200;23757900;22867900;22572600;23039100;22400400;22078700;22116400;21891600;21953200;21920500;21881300;21980400;21885800;21986600;26509900;22695900;22834100;23333400;24125800;22149700;21892900;24317000
575;40865900;39164200;38393200;38282700;39857300;38599700;38397400;51018300;39573700;38392100;38921700;39011000;40385900;48903000;39213200;41734000;39131700;41622700;38925000;47365800;40091300;39083800;41150600;48339700;49439900;52378100;47816800;46219100;48624100;41945100;50944000;46364900;42778300;44287800;49789300;49693800;49112600;49747900;43792500;42054800;40129300;41902500;39402100;38723600;38516100;39230900;38774000;39105200;38580200;42725100
573;38984000;38591400;41092900;42650900;38699800;38241900;38104600;38893800;38293600;41793500;38551600;41580000;41209800;39247100;38622600;42683600;39943400;40029100;39240400;38770400;38965900;38316300;38696500;38633300;38630500;44314900;39485500;41128700;41842700;39786500;38698800;45810900;39770000;38826000;38476900;38423700;38836300;39390300;43352100;39911700;42201800;40030100;38799400;38085400;38360300;38836600;38218100;38200900;38508800;38464400
571;38581400;42437500;43500900;38811500;37958600;37692700;37696100;40231100;39014300;40013300;38149600;38188900;37707300;37590800;43167900;42511300;38658200;38044500;38451400;37833800;39252500;38071700;38282800;38566700;38048900;38518300;38026700;38374600;49690900;38536600;37720000;37726600;38136900;38634800;38053900;38236300;38177700;37926500;39492000;38020700;39899700;41075800;38947400;39335100;38780400;38104400;37902100;38847100;37844600;37734300
569;37060900;36555800;36237600;43076100;40777600;37571700;36829200;36310200;36377200;36183400;36235200;36297400;36620500;36869600;36596900;36391700;41825100;37559600;38503800;37761200;37038100;37075500;37126200;36417800;36487300;36519400;37688100;36294400;36281100;36438400;42077800;37535100;36424300;42022800;37397500;37198900;36761500;38889400;36515600;38112100;37491800;38515800;39187100;42380400;37183300;36755400;39248800;39400100;37188600;36673200
567;37447000;35033100;35337700;36300500;35053800;39758500;44265600;35700700;35509200;35204200;43811000;36914500;35595200;39856900;37862700;35243400;35391000;36106900;36241800;40132600;36775500;35367000;34839300;35121000;38432700;36350800;35879400;35111600;34930600;35190900;35765700;35463200;37477500;37500900;38149200;36619500;35265500;35072600;37690800;38982700;36084600;35538000;35103700;35165000;36020700;35349600;43454100;36231800;37206100;35368100
565;37711500;37555900;36898400;44917900;37787700;36907100;37091500;38388400;37197400;50005500;38004900;37680200;37066300;37100700;38127300;37262400;40247500;39959900;38613300;38505500;37507400;39401800;39393500;37698700;37006500;37788800;36894200;37318800;37991400;37967900;40477800;39394000;37885800;37459100;39362400;41331100;38539000;37317800;40419500;37392300;37454400;38148500;38381300;37356700;46311300;38445200;37911800;44370300;38305800;37589400
563;36926800;39512700;37390700;36635300;37806400;36523700;37439500;46900200;37873800;38760700;38547600;46460600;39393900;39619000;46569000;45884600;43385700;37658100;38036600;38887800;39346600;39506500;40677200;37829200;36816900;38352500;37448600;37928600;36820800;37383000;86331100;37782200;38785700;41137400;38887400;37750400;36792400;36710200;36571500;37136500;37122500;36847000;36777300;37316900;36987200;36778100;38141600;47451700;37803600;36613700
561;25868000;25417100;25347500;25850800;25362500;25359000;25392800;25235700;25167200;25255900;25262100;25374200;25212000;25328900;32549200;28883400;26166100;25736900;25510900;25164900;25856700;25451300;28258300;28649800;26665400;26092100;26098200;25720900;25230100;25183100;28475000;25853400;25153100;29469400;29655000;27338300;26463500;25756600;25893400;25942300;25516700;25564900;25294100;25317800;26339900;25311400;25203400;25268200;25455000;25171200
559;37097200;49950100;46326600;38631400;38230400;37010700;38104700;37445900;36098700;36001400;37068600;36229000;35974200;36008100;41736200;36908700;39380700;37040200;36335800;36230100;35914700;36021900;35810500;35850000;35906800;35881300;35738600;39744200;37205800;36326500;35928300;39601400;36782800;36028600;36188200;36058400;35779000;36053000;36148000;35767600;35910100;41219200;37212100;36075400;35937800;40465100;37163900;36070700;35677100;35815400
557;36625500;36790800;35701700;38722400;53011300;42456800;42390400;41432400;46446100;42389100;40243900;36694000;36630900;36459600;36453600;39546000;38788600;37558900;36377100;37252200;36762700;40006300;38425400;36796900;36029400;35786900;35894600;37732300;36502200;47525000;37882100;41792600;41604800;37511200;37159800;40456700;37924300;36791700;36378200;35874400;35916300;35732100;43995200;37538700;36738400;36377200;35957100;36358700;36952300;38171800
555;36781500;35655200;35250500;35372700;35348900;40915300;36662100;35764300;37589800;36951100;36331600;38927300;36697500;40398900;36821800;36479300;35424400;35701000;43319000;37450100;36067200;36377800;35412300;38449600;36787600;35586600;35605400;42137200;37491400;36326300;35640600;37955500;40834700;37656900;35736000;36177100;36290000;35390200;35361500;35526500;35563300;37133400;37392300;36627500;36969100;47898600;36600000;35681600;37220100;35402200
553;36124800;35584900;35262800;35344800;35217000;37350700;36981300;36433400;39442500;40382800;38345100;36867500;35602000;35430700;35415900;35301100;36039000;35397500;35453000;35468200;41028100;36871700;40168800;36843900;35917400;35601300;35398900;35633700;36489100;35786400;35519900;35508900;35267100;35441600;37470200;38881500;37233700;36313800;35694600;35486700;35836300;36750700;35945700;35754100;36516400;35503300;35300900;35750300;36354200;42139100
551;36207100;35468100;36372000;35642600;35545600;36281400;35067300;35613200;35570200;35083900;35446700;35274100;40372900;42802100;36271500;36461500;35539000;36049600;36537700;36093700;39291100;35907600;35416300;35414000;39214900;35523900;39839900;43927600;36460700;35485100;35106700;36597300;38547600;35432500;35472300;35233100;35108700;35166000;36651800;40686700;42395100;39528600;37229800;40695400;44514500;39141000;38007100;35970900;35321700;35227500
549;35179900;36688000;36664900;35691200;36023100;39735500;36139900;36506500;37277700;34999100;35523300;35210600;34966900;34755000;34753300;38538000;36793200;35137100;34945500;34843000;43767400;35850100;34996700;35062500;35466800;34532300;34898100;34774500;34760800;35005200;40215500;36512100;35466400;34760400;42048400;37569600;35702800;34819600;34939200;34854100;35291300;35018700;34831700;43113000;40395800;34878800;35253400;34289300;36650700;36900000
547;39865200;36172300;34203100;34196700;34482400;34403500;40725500;35145400;34408900;35651900;34995100;34957900;37547400;36772600;35182800;34622700;34424000;34624100;34262900;34136300;44899600;38388500;34654800;34419000;41393300;36703100;35212900;42207300;35586500;35822800;34338400;34978700;34686200;37240500;36283800;34953200;34210200;85190800;34366200;35642300;41622400;36597000;35549000;34216200;34301300;34158900;44115700;36250400;34320600;34050900
545;35953200;34776600;34478400;35922600;44106400;35747100;34594600;34230100;34121700;39740000;35949100;34868500;34087100;34240900;34184900;34170900;35964100;34907300;34392500;38565100;35577400;34855400;34325800;40499700;38055600;34833100;34207800;34324000;34633300;36508600;39134400;37954400;35650900;34548000;45804500;35226800;34689000;38520100;35533200;35082200;34690200;34382600;35179000;34508200;36149400;34580000;34271700;34464600;36943700;35775300
543;27271500;23352700;27138200;23593400;22743100;23923300;22848600;22408900;23063200;21964900;21972400;21305100;21152900;21033200;21375700;21264400;21183900;21054200;21122900;20933400;24676800;22054300;23628700;22463900;21786800;21438800;21133700;21051900;21157600;21177500;21059800;21008100;20954700;20975700;21639700;21460500;21886000;21266000;21110400;21126200;21442200;21403000;21152200;21156000;24495900;22282500;22296800;21818400;21524200;21229600
541;34583900;34139500;33862500;33801700;34195900;34092500;34129500;34124300;33966200;33953800;34073800;40583400;35137500;34163400;33850500;34236400;33885600;34178400;34367800;35163600;34673100;34862900;34477900;35980600;34290700;41914100;43193900;35125300;34506500;34116400;34093200;34068100;34568400;35027900;34116200;34334800;33861900;33863900;34233000;42288300;36503400;35303200;34801400;35706900;34435400;34186300;34183100;36412600;34922100;33936900
539;34323200;33539200;34516700;40410300;36313900;36175300;35091400;34181100;33765800;33577600;34342500;36926000;33813800;35706600;33850600;33355000;33639700;38962900;34800600;33741900;35884200;35020900;34070900;33496300;33944000;34040100;34877800;33489700;33575700;33611500;33509600;40014600;34751700;33871100;33452300;33564600;37468800;36098900;34687200;34900200;33698400;33523600;33641500;34293300;34396400;34046000;47445200;34815800;33885700;33723000
537;39153500;34041100;33731800;33293900;34856700;33534400;33313900;33831400;33536300;42046500;34024100;33198100;32803800;33177200;33662800;37062400;34216900;33424900;34111300;33989400;33094800;33122700;33086400;35864500;34671500;33285900;33136200;32911200;32805800;32927600;35027600;34482600;33933300;33778100;33193800;32817500;32989400;32921400;37817200;37921600;33860200;33292400;32927700;32945200;33297000;33030200;36570700;34222700;33501300;32874800
535;33625700;33321100;37792400;34941100;33834100;33238300;33217000;33193400;33139300;33197400;33816300;37770800;34979700;34456600;33316100;34968800;36453200;36181600;34405400;35762900;33373200;33513800;33736400;33322500;34382800;36258000;37568200;34620900;34165400;33974000;33785900;39117000;35963200;34047200;33340000;33279400;33907000;33495300;33128000;33626700;34001000;36985500;36326800;34785500;34566600;41171200;39162200;34211600;33140300;33220700
533;33671600;33303700;33541000;37032800;33452800;33112500;41379600;34237800;33730700;37313700;34237400;36054000;33552300;33242200;33489200;33186200;33683000;34186200;33472100;33318200;33106000;37636200;35481200;41939700;36575600;37868900;40268300;34684600;33845600;34930100;34825800;34219400;33275700;33679900;33352800;33316100;44315900;38671900;34610600;33420700;33943700;32917400;33544000;33488600;33054700;33386200;33055800;34023800;33715500;33275900
531;35151700;41082900;31671300;31120000;30783700;30724200;30284500;30207000;30314800;30240400;35368100;30846000;31003500;30179100;32335500;32545200;30810300;42091600;32340600;31441100;30394900;30093200;30099600;30191800;30330800;30750500;30471500;31076000;30615700;30265400;30615500;30227100;30245300;42501900;34620900;31507000;31203400;31418400;30882400;30410600;32034900;31128500;30590800;31382400;30536900;30753800;30970400;31357500;38922800;31134600
529;27948800;26196700;25500500;25208100;25162400;25203200;25141800;25291500;25903800;25261800;26415600;25244900;25218500;25350700;25430600;26792900;33538100;27978100;26626800;31523800;27659300;26364200;27064500;25312900;25596900;25309700;25121100;25460300;27270200;25278100;25503500;26246100;26052200;25486200;32501200;27318900;26062300;25757000;57357400;29748800;28618500;29990700;31593800;32331200;31399200;29527400;33159400;30529600;28672100;29622500
527;40521000;45260700;40460900;41990900;40068900;38099200;37999200;38297900;40173100;35549100;34468300;33371000;38117600;33898800;32200000;31752200;31926500;33883400;34698200;33554400;34207800;32180700;31967300;32174200;32257200;31870600;31918700;36958500;35857900;32656000;31854200;31676600;32408900;33724100;34279600;34022100;34654500;32641600;33851700;32298400;32039300;32452200;36510800;37654400;32611700;32058400;32600500;31935700;31805100;34539000
525;33590300;32330700;33129400;32392700;32152400;32020000;38775800;41621100;35159700;35653900;37940600;38611100;38450500;45946800;36238900;41010800;34361300;32994100;34504200;34860900;35768000;33394200;32645900;32000700;31945600;31803500;31839900;32476500;32580600;39150100;34274300;33561700;32467200;32119200;36224500;33545600;32846400;32051200;31820700;32006200;32036000;31853200;31957400;32363000;31900300;37960300;33270800;32319300;31988400;34236200
523;32651700;31410200;31493700;31556000;31594300;31499000;34034400;32327800;33273100;31785000;41022600;33101200;32037800;36143800;37757900;32881200;31662300;31873900;31461000;31789000;31755300;33093400;32024900;32205900;31895300;31565300;38128400;32684900;31869700;41376800;32696400;32624500;31743300;33168900;32131700;32689000;31822900;32007400;32730700;32040800;32147400;32298400;35561900;32743700;37582100;36965500;32853200;32183700;31835600;31580300
521;33290700;31309700;31407300;31296300;31237200;31257800;31287200;33986900;33719200;33208600;32196100;31407100;31257400;31510100;31497300;31262100;31280200;31504500;31985100;31396400;31201400;32242700;32219800;31634500;38629300;32764100;31740900;31092800;31289800;31344200;31192700;32862800;35333300;32690800;31467200;31371400;31827800;32275700;31604200;32422500;41231100;33609000;31926400;31449800;31214300;31739600;31378400;31339600;31440300;32754900
519;23436100;22407200;22192400;22182700;22484700;23173300;28173200;23827700;25469600;23095400;22882400;22909800;22823000;22178700;22272500;22063100;22204800;22201400;22082200;23330000;22482200;22668600;22713800;22695900;22332600;22138900;22533400;25840500;24106500;22937700;22323000;26184200;23044700;22750600;22399700;22206400;22296400;22159000;22081400;22159200;22180400;22441200;22298500;22175300;22148900;22215300;22217600;22441700;22185800;27197800
517;32069900;31604000;33732800;31767800;31222800;30679600;30662200;30680900;30719800;30735500;30660000;30819400;30530300;30467700;33859800;31995200;31491400;30964600;30446300;34063100;31930500;31808200;31364000;30828500;31799000;31133000;30630100;31070700;31217000;30898100;36090000;33602700;32092300;31404400;31123900;31411100;37719100;32231500;31520900;31360600;30738500;31352300;31707100;31106300;31114800;30904200;36462700;32101000;31586900;31452600
515;25451400;27768400;26406500;25961800;26247300;25248000;25625800;24775600;24731500;24690900;25517400;24843100;25025000;30366300;33241100;25431200;24934900;24885600;24762700;24870300;24922600;27993500;27773600;25985300;26347000;25678400;25077500;24959800;24833700;25484300;25167700;25033300;30252300;25994400;26330500;27186700;25024100;25246800;25083000;25199700;24825200;24870400;27183000;26093900;26198700;25632600;25056400;24929500;25111500;24870100
513;32252000;27737200;25446700;24955300;24866400;26828400;27053100;25652900;25332600;26894900;25921100;26001300;25866700;25651000;25201500;25344200;25026400;24818200;24726700;24571300;30039200;25920500;25294200;24943300;24927900;25408500;25139000;24845700;24711500;24838700;25259100;25109700;30968100;25879700;25480000;25016800;24692400;25409000;26174200;31805000;25817800;25454500;25216400;24638400;24709600;24826600;25249000;24941500;24790100;24795600
511;30470200;37725100;31802300;30710300;29886600;32057100;33008600;32664800;30595400;29884200;29832400;30047600;29935400;29817400;29843400;30045400;30188400;30199900;32308000;31535600;30865100;30375800;38371600;32784300;36421500;30071600;29996100;30599000;30180600;30401100;30236900;30552800;30251300;30520000;30116400;38250100;31491300;32992900;32363800;30995700;30762800;30588600;30323500;30084800;30021600;29992700;29999700;30285400;31034500;30620100
509;30733400;34447900;33630500;33246500;32151600;31216400;30918200;29978200;29995000;30025700;31247100;30474700;30478500;30189200;29967600;30556900;30218500;30048700;33064200;33317400;31186100;30380800;29882700;29957800;29796000;29913900;30273600;30038600;29969700;30380200;30590300;30264000;30210800;30417000;30181500;30715800;36568700;31139700;30459100;30178400;30242800;29812700;29985600;30060800;29965500;30306300;30010600;32256900;30139100;30378800
507;30439400;34255200;31442400;30429600;29981300;29683900;29832800;29642400;29673700;29728200;29762400;29900000;30426900;29933900;29954700;29828100;31343700;36669200;33793800;35772000;31384000;30594000;29891700;31517500;30176700;32710400;31023000;30485200;30173600;30330300;30266700;29840200;29714400;37617400;31265600;32327300;32134500;30733800;30178300;29758600;29794300;29861800;29963100;29749700;30515800;30001800;30113000;30747600;30471600;36253200
505;29667400;36664400;32069100;30016200;29297500;29172600;29443700;31318700;29386100;28956100;29003100;29104000;28972300;29033800;28937000;33609300;29888800;29495800;29543000;31172000;30329600;29927000;29349300;29233400;29155000;29061900;29452600;29466900;29314100;29155200;29063600;31593700;30559900;30010000;29388600;29248000;29179700;31619000;30346200;29958300;29762400;30558900;29616100;30655900;29285700;29312500;30695300;30983500;33844600;30863800
503;29908600;29163800;29025300;29451200;35118000;34095000;32620900;30102600;30116800;29393800;29449800;29230000;29149100;29449900;37493700;30585600;29692700;30483100;31317300;29525900;29263200;33589500;30586500;30050800;29197000;29370800;29241700;29050000;29269500;32728300;36076200;29778900;29188900;29172200;29105000;29219000;29078400;29106600;29104400;33390700;30400900;30146800;29360200;29249800;29259700;29340300;32136000;31429800;31679800;30389100
501;29588900;28809600;28727500;28750500;29355800;31971400;30368400;29727100;29423200;29027800;29225000;29119800;32522600;30202400;29609900;29318700;28851000;28839500;28754900;28755100;28827600;30728100;30117000;31654700;30608900;29854800;29364200;29035300;28773900;34669200;30585600;29516500;29044400;28789200;29584000;29051100;28817800;30749000;30828300;30677900;29426900;38480600;30472200;29613200;29058900;36357100;30446600;29672600;29378500;28926000
499;21198900;20682300;20559500;20441000;20477000;20536600;20458200;20526600;20497100;20813100;24103800;21900200;21382600;21041800;21015900;22274700;25868000;22190700;20854800;20729900;20845700;20327500;20295100;20332000;20307800;20380100;20516300;21566300;20638300;21709800;21416900;20908900;20512600;21597600;20527700;20371000;23721600;21465600;21007900;22587800;21599700;21141200;20943200;21005500;20506100;20384300;20431000;20376600;20342100;20375600
497;29016400;28482600;28459700;28466200;28581200;28425200;31000100;30083100;32192200;31552500;29678500;29040800;28633500;28555900;28509700;28521900;28433400;28439200;28488600;28297000;28524100;28450400;28443400;28634500;28625800;33261700;30367200;29248400;28834400;28586100;28539300;28446500;28378300;29582700;28797000;28390400;28278900;28364500;29266600;28835300;28620400;30428300;30608100;36010700;31861900;28946400;28750000;28416900;29385900;28471900
495;27491900;27104300;26950900;26997900;27168800;26942000;26798300;26830400;26764700;30271500;28969800;36095200;28337100;27380000;26665400;26677800;27612700;26900000;27216700;27197000;26834300;26681600;27903800;27028100;26657500;26765900;26810900;35167900;31272800;27574300;27280100;26781600;26935700;27541900;26995600;27780500;27281900;31106000;28896000;27159800;27071700;27317100;29267000;29806700;27710800;33105200;27894500;27982000;27735800;29750200
493;24071800;23108400;23047100;23130100;22972200;23142000;23295500;23090300;24260000;23244500;23292000;23220900;23162000;29097500;28217500;24415000;23899600;23751200;26358300;29473400;23961000;23742200;23372400;24900100;23842400;23547300;24298000;23222000;23021800;23160100;23231100;23315300;23757100;26880700;25394500;23953800;24119600;23514500;23221300;23224900;25546200;24833800;23932700;23566200;23850200;23181200;22910900;22992800;23124100;23638200
491;28629900;28084300;27796900;34128500;28724000;28213100;27727200;28292500;27805900;31272400;29863100;27774300;27813200;28651600;27545400;27697000;27694200;27596600;27609200;27624800;30665400;28879900;28366100;27983100;27572300;27573400;27551000;27459200;31563700;28557800;27870800;27739800;27455500;27489900;27710000;27772200;27681200;29627300;29746100;33397300;27536500;27568900;27611700;27525800;27775800;27713300;31544900;29546200;28394200;27808000
489;29048800;27941200;27763500;27730600;31942000;28800700;28379700;28316800;27875200;28015600;27861700;27661500;27724000;27604500;32092500;28800400;28234400;28010800;27657700;27672500;27699100;27661800;32138500;30040800;28853300;28378300;27976300;27952300;27813300;34091500;28685100;28654100;31983600;29037000;28754300;28381200;29072200;27844900;27607800;36445900;28807700;28457700;27683900;27721800;27600700;27661500;27710400;27654600;27542700;27657100
487;31090100;28636900;29216800;27489200;27258900;30699700;28533600;28641200;27746300;27862000;27538400;27440800;27313000;27305700;27244200;27208300;27298000;27330400;29126600;28585300;28374300;27780200;27334300;32310700;28404800;28039200;27435100;27091700;27220600;27209500;27163400;27251900;27191000;27292900;27303400;27363200;27355300;27697200;32920100;28604300;27774200;34733500;32283100;28735700;27443400;27535200;29256200;28274100;27292700;28626300
485;29029800;27878900;27596300;27285100;27321000;30616600;28724000;32383100;29260600;29044900;28037400;27300100;27172800;27147400;27320400;27409000;27399100;27377300;27304600;27175000;28133000;28768800;27774900;27295600;28619300;28382400;37812000;29097000;28424800;27825700;27395100;27274900;27330500;27643600;27962400;27703500;27310500;27377300;27194100;27241300;27149500;27166500;30866500;28408200;28242800;27656000;27248100;27152100;27277800;27207700
483;27005600;26262600;26288100;26233600;26211000;26284800;26478500;26172000;26245900;26412800;30815000;27685500;27209600;26890700;26375900;26239300;26224700;26295600;26224800;26411000;26434700;26761100;26665100;26336700;26638100;26309900;26138400;26196900;28161700;32777100;30462500;28559700;27123100;26674500;26728400;26607300;27031200;26626900;26356800;26410000;26273400;26704200;26424300;26900500;26963800;26390700;26338900;30047200;31743600;27232000
481;28270500;27475500;29043300;26974700;26990800;26725400;27544200;26814500;27194100;26885800;26848500;26782000;26605800;26677000;31635900;28660500;26609300;26679300;33827000;28740000;27534700;27145200;26626100;26455900;26750000;26835200;26603100;26681800;27039600;26644900;26519200;26641800;35165300;34729300;27746100;27607100;28452600;28265100;27789000;27434100;26763400;26681800;26855000;26848500;26620400;26545600;26621600;26640400;26576400;26938400
479;25191800;24506300;24284500;24189100;24226700;25882400;25444500;25067600;24725500;24353200;24284000;24140900;24706400;24327600;24385600;24831700;24602500;24284900;24397500;29462600;25466800;25225900;24588500;24759400;24624600;24323800;26657100;26111700;25074900;27681000;26276400;25338000;24734900;24381200;24357700;24173300;24260600;24515200;27462800;26146100;25216600;24995400;24886900;24740600;24939000;24466100;24419000;24413800;32333900;25179700
477;27077100;26435600;26085400;26529100;26210500;26289200;28810600;27912400;31183000;27182600;26284500;26350200;26503100;26365800;26486300;27199900;28830200;27990600;26973800;26670700;27010100;26305000;26172000;26310900;26275100;34203800;27152600;27500500;26708400;26270500;53310700;26345400;26103300;26283100;28410400;28957300;27503200;26738100;26307800;26493100;26212500;26045500;33618000;27736300;37804500;27923700;27469100;28203000;31622200;30931600
475;27553800;26563800;29983300;26738300;26317500;25879500;25635800;25773000;27615400;27183800;26550300;26418300;26094500;25909200;26345700;25965300;26649800;26280100;26004700;26146600;26443100;25964800;31615300;27539600;26805900;26170500;25872400;31832600;27284900;26651300;26376900;25960900;26024800;25962400;25862200;27299400;26081200;26487400;25988000;26048800;25851700;27604400;27062100;26798100;25979800;26159300;30352100;26755000;26987800;26309200
473;23135300;22015800;21882800;21828200;21840200;21831100;22028300;21955600;21855600;21856500;22178200;21861900;24760700;22844800;22643000;22173000;26135800;24691600;22703700;21913200;21965200;21829600;22114600;22369400;22673500;22074800;22689300;23149300;23012200;22198300;22232500;22126300;22050400;21899800;22268200;22409600;25755700;22763200;26187200;22622400;22488600;22159700;22714300;22164600;22053300;22086200;22257100;22289000;21981600;21924300
471;21658500;21181400;21078600;21198000;20889900;21002900;21709400;21166900;24111400;22153400;23592600;23276100;22474300;21314100;21069700;21016200;21079800;27147000;21911100;21603800;22126900;21818300;24179200;22122300;21801700;21651900;21399300;21088300;20947500;20988600;21575900;21309100;28470300;22114100;21701300;21323500;21207000;21051800;21034200;21261700;21128300;21156200;21043400;20983800;20998100;21837100;21306700;21231300;21092400;21173600
469;26059700;25349100;25230900;31366400;29060400;26253800;25882000;25443200;25227200;25449100;26947600;25442600;25468600;25217600;25316000;25541900;25545700;25761600;25265400;25179500;25231100;25269100;27180600;27101700;26058500;27762800;26157100;26010200;25588100;25653300;25474200;25398400;25381900;25285200;25346500;25488000;25299900;25295800;25419600;25924700;25629200;25434400;31696000;30697600;27972800;28779100;26341400;26205400;26282400;25322600
467;17281800;16946900;16794300;16828400;16722500;16791500;16707100;16731500;16816300;16899400;16757000;16970200;16852000;16780700;19694400;17724900;17441100;17493800;17190400;17272000;16977800;19004800;18727100;17599700;17673500;17463800;17117000;16942900;16730500;16710500;16744600;16818200;16877200;16847600;16730500;16817100;16862800;16802300;16719400;17198900;16930000;16851100;16930000;16832800;21261900;23324600;18043400;19375600;19860300;17515400
465;32743600;26400800;25864400;25241300;25064400;25235400;25191900;25133300;24900400;25391600;24911300;24985500;25011300;27198100;26364400;26004500;25592700;25280800;25017300;24975200;27001800;26314000;25791800;25419500;25089000;25004700;25015500;24908600;24913000;24911600;25172600;25101800;25046100;29728400;26756100;25717900;25177100;25021800;24907000;24969100;25167300;28912200;25999500;25796100;26036800;25079000;25093300;25074600;24902200;24994600
463;22256600;25037300;22901600;22685500;22484800;22440000;21939800;21885300;21779700;21948600;22009100;22063500;24059000;23002500;23439300;22598600;22107100;21824000;21853800;21944100;22103000;22092900;21952300;21953600;31839200;25521500;22538600;22245500;21998200;21751300;21781000;22506800;22390200;22268700;21782000;26524400;23081600;22666400;23128800;22425600;22054500;21974400;21928900;22355500;21979900;24533900;23303700;22794700;22562600;22280600
461;22975100;22011100;22024900;22083400;22011900;22763600;22146500;25161500;25250800;23065700;22714100;22873300;22517100;22910600;22253400;22070600;25731000;23228700;25516500;23072300;22856500;22678000;22345200;22202200;22122300;22226100;22298500;22173400;24062900;22587000;25055100;22999800;22861000;22669000;22180500;22212600;22183600;22284700;25660800;22990900;22793100;22307400;22224600;22110900;21981900;22091000;22466100;22322600;22106300;22007400
459;24721000;24001000;25696500;25195900;24994700;24773700;24419900;24278500;27179000;25111800;24916100;24419900;24053600;24126900;24070800;24070200;24120300;24065600;23975800;23934300;26835200;24221700;24050100;24708600;27763000;25262800;24340700;24187500;27462000;26289300;25001400;24803700;25479400;24341800;24446000;24187600;24176000;24163900;24045100;24216200;24406100;24098800;24150000;23960300;24007300;28044100;27296900;25291600;29582700;26837600
457;24735300;24079600;23910600;24028700;23979700;24042000;24004500;23886600;24190400;25127000;24279200;24068000;24079500;24099000;24007100;32004700;25600600;29645400;25140900;25033700;25000900;24629100;24174500;24212000;24354800;24204800;24101300;24029000;23952800;24219100;24200800;24118100;24050900;24038500;24131100;24674300;24345000;29836200;25129900;28296200;25123800;24910200;24401900;24257700;24065100;24297700;24087100;24144200;24049900;24583800
455;21675900;21084900;20947800;20954000;20956500;21023500;21038300;25634100;21933000;21798000;21351400;21142500;20961000;20875500;20932400;20861400;20894600;20906400;20822800;20839700;20794000;20898200;20883300;20989600;20967700;20955300;20810600;21052100;21458100;21931700;21250100;29175600;23405800;22029300;21836400;21842300;21193300;20913800;21659600;21357800;21002600;21081300;20987400;21006900;24145700;22307100;22143400;21653400;21791200;20966800
453;18339100;17974700;21054900;20100700;18850900;18726200;23631600;19287000;18923500;18363900;18268300;18078600;18096100;18094200;18106700;18018900;18069100;18135400;18159300;17997800;18017600;17920500;18035100;17882200;17990000;18725300;18287000;18719100;18535400;21955800;22385500;18920300;18536600;18441000;21886500;18786300;19130800;18491900;18251800;18014700;18135800;18004200;17989800;18267100;18472300;18312400;18218900;18242400;19146600;18124000
451;12562700;12361600;12272700;12209500;12181700;12177400;14685400;13838300;13046700;12949400;12695900;12582000;12621200;12519400;12322800;12309000;14163900;13312600;12736100;12796000;12683900;12600500;12595000;12475500;12408300;12610900;12308200;12357300;12233600;12165300;12187500;12264000;12205400;12340500;12207500;12280000;12225600;12186700;12169100;12132400;12168300;12321400;12320800;12426600;12470400;12414300;15555800;13111000;13171400;15048600
449;24664400;23682100;23698600;27610700;24714300;23961800;23485900;23153900;23467800;23601900;23626900;23332900;23144400;23168500;23210100;23306100;23097600;25843600;24233000;24447800;23386300;23219900;23075100;23177500;23407900;28905000;24328600;23789700;24980500;23524700;23217500;23164700;23171100;23092300;22950600;23180700;23873400;23346800;26602800;24166600;23838400;23609900;23384500;23247700;23287300;23175800;23173200;25033200;24136200;23967300
447;23630400;23636600;23252800;23319500;23071700;22989300;23064400;23199400;31631300;24446700;23760900;23360500;23332800;23201700;23184400;22986400;23147000;23053200;26171800;23867200;23751700;23448900;23321700;23132900;23054800;23142000;23069100;23406800;23269500;27581200;25633900;23731000;23227700;23183400;23378400;23062500;23404500;23087700;23072300;25262800;23261800;28834500;25505200;24248200;23493700;23147500;23090800;23335900;23304900;24929700
445;23746600;23233400;22896500;22862000;22916600;22899400;22992600;23385700;22913200;22695700;23642300;23003800;29176400;23562000;23120400;22947500;22716600;22776700;24610600;22798700;30896500;23863600;23270600;23158900;22983300;22760400;23186600;22781400;22903600;22809800;22715100;22697100;23009400;26110700;26478300;24559100;24285000;23426200;22965800;22918900;23093000;30098500;23496900;23424500;22867500;30592100;24252800;24128000;23953100;25400200
443;25400700;23969000;24509700;23866600;27374700;23224600;23119300;22894000;24215300;26609600;23972100;24012000;22681500;22722800;23045300;22439700;23738600;25613900;23760400;23825500;25655400;26365700;23472000;23229300;24325600;23311400;24424400;22576900;22192100;21904600;23624000;22310100;22100700;21755700;21475400;21479300;21584300;21310300;21466300;21287400;21255800;21479400;21386100;21439100;21481300;21310000;21447900;21239600;21378200;21303400
441;17041000;16866200;16836600;19508400;17067200;18945300;16545800;16149500;16125200;16189000;16196400;16124000;16110500;16227000;16372900;16262600;16258500;16183700;16776300;16338700;16384700;16384200;16218600;16572500;16359900;16174400;16510200;16339100;16337500;16346400;18258700;17158300;18338800;17268000;16700000;16572200;16570800;16364200;16412100;16323400;17946300;16361900;16415400;17495900;17493400;16983100;17412500;17178600;17310600;17458300
439;23751600;25046000;23839700;23626700;23514300;23627300;23240100;23847900;24452900;23200700;23264100;22498900;22036500;21847300;21987200;27587300;23452500;22794600;22398400;22160900;21895300;22124500;22108700;22113000;22265400;22337800;22164400;22196400;22079700;25078700;23365100;23091000;22806200;22648600;22516600;22105000;21973000;22240800;22033200;22380300;22100000;22063600;22019800;22103100;22015700;22107600;22377300;22185300;22128800;22131200
437;22430100;25098500;22610800;24961400;22400600;22390600;22110100;21847700;21838700;21910800;21986100;21956800;22004500;21996300;23495200;22947200;22916700;23063800;25904000;22252300;22055200;21960200;23670100;23406800;22655400;22472700;24459900;23453000;23442400;22643800;22077600;21994900;21998800;22627300;22239000;21996300;22167700;23280100;22365300;22113100;22394500;22355500;22263700;22133400;24289800;26698500;23010000;22562100;22084800;25149200
435;22843700;22022900;21733600;21687300;21655900;21572800;21847400;23566500;22674900;22409000;22087600;22666200;22055500;21781100;21884600;24949900;22537000;22477700;22165400;22657200;21830200;24775200;23056000;22487200;22183700;21881800;22364300;21852400;21690000;21784500;21767500;21733900;21640600;22223700;21930500;21843000;21773500;22363000;25911000;22971700;22486400;22434500;22118100;21871500;21657800;24879400;22567300;22280600;22002300;24155800
433;21120300;20807600;20688500;20823600;20732800;20955200;21487200;20793900;23418500;25211200;21820800;21569600;21150900;20853800;20915600;20810300;20788500;20737000;22832500;21828800;21829000;21441800;21213200;20881000;20831400;20770000;20975200;20826800;20812100;20904100;20896600;20990500;25145900;22661000;21643900;21342800;20882200;20635800;20720500;20804100;21126400;20811700;21001800;26115400;22832000;22575400;23905900;21116500;20887700;20699800
431;22173400;21364900;21507100;23600400;23246000;22598300;22161800;21866800;21669600;21671500;21539200;21505700;21388200;21433500;21996000;22656300;26420800;22608100;22384700;21951900;21512400;21468400;21398500;21369200;21326500;21509100;28479000;24730000;22166700;21652900;21384800;21276200;21285400;21349900;22487300;22047500;21620600;21552800;21595000;23422300;23151000;22417500;22047400;21620100;21587100;21475200;21611900;21636000;21519500;27410700
429;21879700;22065400;21615200;21253300;21332700;21221500;21257600;21236800;21118800;21201800;21123100;21263300;24515400;22050700;21863300;21529500;21405200;21344200;21169700;21230100;24930100;22279500;24799700;22842400;21967000;21827300;21490700;21258800;21182000;21208000;21201800;21230100;21521800;22685000;22224200;21105400;23930300;21882200;21779400;21424000;21353900;21533400;22047900;25055100;22117000;21741400;21548300;22337400;22566200;21486200
427;21284100;20859300;20937700;21136900;21047800;20731200;20901200;21467100;21216200;25748700;22142700;21789500;21294500;22154200;27144700;22056300;21721200;21784400;21230300;20970900;20867000;20833000;21384700;21126200;20912800;20851000;20906800;20945100;21072600;22604500;22873700;21951800;21610200;25934800;22111000;21616700;21638100;23059800;22238700;21558900;21391800;21085500;20905800;21120400;24081200;21002000;20826200;20717100;20837900;21994900
425;21995900;20790300;21180400;20800100;20723400;20654500;24040100;24321100;21674100;25133300;24740800;21658000;21369900;21120700;20695300;20691300;20968200;21182600;20880700;20820000;22510800;21245800;20980400;20762900;20849600;21017000;20874700;20898700;20838400;21403400;20962800;28706600;23379200;21880400;21456300;21382500;21404500;21115500;20903700;21470200;20999200;20937800;20845800;20763300;20754000;21169500;21230800;20813100;20851900;21519600
423;21862100;20751700;20704500;21616800;26826100;22998800;21293800;21149400;20879700;20549800;26946400;21464200;21245500;20958800;20550500;20581500;20570300;20778100;20630000;20722600;21279000;20719000;20620600;20636400;20615800;20614700;20605300;26868900;22797900;21657500;21403300;22015700;21287400;21040600;20753400;20821400;20634300;20555400;20899800;20828800;20721300;20553400;20839300;20584300;20616600;20786600;20718000;20796000;21115000;21096300
421;24586700;21318700;22999200;21395100;21208300;21716700;20909700;20646800;20857000;20626100;20462400;20359400;20566800;20453000;20647500;21010200;21359300;20752900;20797500;20617800;20499400;20327400;20463300;22706300;21798600;21142200;20937100;20427500;22983200;21139200;21121200;20917600;20549800;20429200;20485200;20548300;20399200;20365400;20404100;20479000;20247900;20520300;20415700;20226400;20340600;20262300;20456500;22618900;26210600;21150800
419;20753300;20217100;22334500;21377500;21455800;20799100;20328000;20681600;20595000;21166900;20748200;20470600;20449200;20388700;20326500;20262100;20298400;20883000;20290900;20271700;24080800;20997800;20867100;20845000;20410500;20281200;20281300;20443000;26723400;20895300;20671300;20451600;20270000;20152200;20311700;20137500;20267900;20154100;20200600;20169700;20331600;20370800;20267900;20177900;21560800;25361500;23544800;21333100;21163900;21004300
417;15569400;16631300;17608600;15677600;14990500;15726400;15888100;15594100;15530000;15490900;15210000;14643000;14867000;16551500;14929600;14594500;14540700;14412300;14301500;14270700;14368700;14284700;14154700;17828100;14730400;14608000;14556500;14450000;14317400;14178200;14121200;14193300;14049500;14136800;14367800;14054300;14057500;16518600;14993700;14573400;14541500;14419500;14303400;14205300;14136600;14317300;14236500;14123600;14066400;14146700
415;21322200;20121900;20065400;21811300;21151200;20580000;20313500;20145200;20033000;19954400;19980000;19873100;19899300;19819900;19851600;19819900;22466600;20741200;21560700;20278400;20107600;19862800;22178800;21092200;20058700;19990900;19888700;19962000;25215200;20599800;20494300;20324800;19885300;19890800;20424500;19837400;19819300;19917800;19945200;19887400;20013400;22178000;21350500;20625600;20434400;20184200;19878600;20088900;19920200;19891100
413;20634200;19812900;22722800;19617200;19387800;19442700;19544200;21664200;20047600;19948600;21820300;20202500;19765900;19799100;19768300;20044300;20584400;19643300;20928400;19733600;27322500;20333600;20089400;19376300;19556400;21669900;23201300;20519500;20282600;21094200;19495700;19471600;19468400;19403700;19445100;20338600;19577100;19471900;19574400;19344300;20322700;19486100;21969900;20464200;20017800;19934900;20258900;20497600;19490800;20289600
411;15116800;13450600;13259900;13221300;14930400;14759100;13657900;13430600;13301700;13269400;13098000;13032900;12948500;12934900;12833600;12770300;12743500;13003500;13071600;12859100;12865300;12889600;12794100;12805000;12845200;14589300;13505700;13278100;13145500;13209400;13093500;13049600;12949100;12789200;12841400;12787800;15341500;13581500;13257200;13378600;13180200;13045900;12932000;12879900;12777100;12844500;12910300;12851700;12880400;12875200
409;19497900;19174500;19046500;19035000;19125600;19011600;19224200;19153000;19125600;22575000;19779300;19610200;19662100;19504500;19105500;23164800;19870700;19765600;19546900;19360000;19137000;19108200;19255300;19218600;19045000;19099000;19164700;19113100;19169300;19144900;19175300;19801400;19225500;19253700;19278800;19230500;22779900;19837400;19810700;19532100;21678100;20414700;19887900;19718800;19393900;19179100;19161400;19086800;19243400;19575100
407;19608500;19384300;19032100;19086500;19137300;19114600;19094700;19389700;19148100;19191500;19260100;19420900;22249100;19740700;22350500;23384500;19788200;19601700;19397600;19433500;19171500;19083700;19238200;19145000;19244600;19225700;19108500;19031300;19165900;19567000;19338300;19179700;20467600;20113100;19786300;19595300;19381300;19327000;22855500;22274300;20588200;19748800;19478400;19318900;19238500;19077100;19061200;19033000;18998300;19169700
405;19049700;18775600;18760100;18757300;18798000;18828600;18777300;18754700;18811100;19105800;18756300;18815800;18802300;18719800;20780400;19519500;22446400;19516900;19421400;19307500;19268000;19056600;18833700;18681300;18706800;18701800;18722700;18739000;18769000;18662100;18682600;18729100;18740300;18685000;18715800;18958900;18741700;18724400;18693600;18704300;21142300;20180200;20205300;19412500;19228100;19155600;18868100;18768800;18776200;18789300
403;19496400;18845400;18708600;18815800;18705200;18719500;18884500;18974600;18527100;18593300;18601500;19019800;18638900;18703600;18643000;21746600;19331400;19623900;20856500;19496100;19361800;19479600;18955500;18743600;18747400;18650900;18593900;18598500;18854900;19087600;18683800;18669000;19872500;18844500;18983400;18724300;18699100;18650500;18719300;18633900;18654500;19394000;20545300;19495200;19252700;19647500;19180800;21621700;19374100;19479400
401;19319000;18402900;18488200;18307100;18404700;18318200;18308100;18339900;18336500;18347700;18257500;18345300;18420300;18376000;18233900;18351900;20712500;19199300;20107000;19071300;18582100;18301300;18342000;21028300;19264000;19644400;18667400;18564800;18502200;18467800;18569400;18402000;18234700;18959800;18428100;18400600;18321900;18335700;18546200;18407900;18381900;18376300;18466600;20744400;18858100;18846300;18647400;18464300;18424200;18306800
399;21361400;18767100;18698700;18472000;18339400;18233600;18210200;18198000;18229100;18241600;18373900;18191100;18239200;18168500;18335700;18279600;18217700;18302300;18452500;24833600;23547400;19219900;19042600;19089300;18687400;18450600;18230500;18276000;21523500;18880400;18754600;18605600;18553800;18351400;18366300;18641000;18456800;18283400;18283800;18230400;18341900;18335100;18210200;18440800;18257900;23100900;18953800;18842000;18544400;18425500
397;18215400;17532500;17564900;18269200;17393600;24863300;18470500;18122500;17953700;17785100;18147400;17632300;17683600;17506700;18071000;17629500;17627900;18002900;17587800;17529600;21314300;21782600;18356800;18789400;18025400;18013200;17622300;17680300;17485200;17474400;17455100;17703600;17537400;17672100;22681800;18939500;19811700;18294800;18209100;17732900;19574700;18191900;18262600;17986500;19475900;17904600;17515200;23942900;18669500;18198400
395;18941800;18364100;18086700;17939100;18128500;17833900;17818800;18094500;18187600;18654200;18467100;24675300;19097100;19042100;18582800;18145500;18089200;18400100;17941600;17855300;17933700;17864300;21413200;20975200;19146400;18609200;18233100;18208600;18263100;17967100;17898500;18298100;18125900;18000700;18017700;18673000;18077200;18078500;18156200;19029500;21279100;18862100;18622400;18467400;18230200;17940100;18177200;17947500;18073400;20356200
393;18515700;18317900;18024300;17848700;17979000;17989500;18156300;17912800;17968900;17792400;18067200;17936700;17742800;17929500;18039300;18160600;18192100;21411300;18735900;18299000;17979600;17734700;17875000;17886800;18107100;18617500;22392000;18695200;18928700;18383500;17952500;17684500;18799400;20223500;18357100;18181600;18217600;18085300;18568500;17730900;17668100;17925900;17863600;17841700;18072400;20458300;20047700;18831200;18261200;18131800
391;19731800;19139300;18276200;18164000;18011200;17553600;17373600;17529600;17520300;17615100;17539100;17468600;17427100;17491300;17578100;17787600;17436300;17435000;17635300;17605100;17865200;17759400;17653700;18907300;19245100;18376400;18009000;17812400;17620600;21147400;18335600;18058400;18131900;17689700;17754000;17454400;17774000;17532500;17480600;17462500;18325600;17664900;17769100;17400600;17341700;17515600;17699400;17620700;17515800;17495700
389;17860800;19238400;18228200;18160400;18117200;19893200;18313800;18257400;18145100;17894300;17752400;17582200;17445100;18074300;17750300;17412700;17558600;17453600;17517500;17417700;17425200;17555200;17422500;17535600;17492600;17615700;17567900;17524800;17479000;17436300;17469200;17813000;20309500;18499900;22491600;18312300;18155500;17862900;17834600;17522000;17506600;17497300;17744600;17791200;17979500;17702400;17755200;17713800;17722300;19263700
387;17934900;17396000;17374300;17271400;17416700;17332900;17698200;17363400;17382000;21090000;18656600;18137400;18025700;17921200;17846700;17622000;17423200;17601700;17286500;17499100;17348900;17264500;17178500;17242900;17209300;17284600;17243900;17302000;17287600;17331400;17252400;17242600;17233600;17370700;17334300;17373800;18194000;17488500;22003900;20792900;18353400;18121200;17839000;17724400;17679000;22120800;18172900;17862600;17975600;17944900
385;17418800;16959000;16971500;16864400;16933600;16873600;18602200;17798900;17623900;17530200;17418300;17402300;17080300;16948800;20479600;18165700;17633900;19538200;17551500;17460700;17323300;17295500;17114600;17029700;16977700;16910300;16787700;16785900;16784400;16725700;16878600;16820000;16834100;17054900;16937000;16851100;16844700;16830600;16832200;16852900;17502300;16896600;16990600;20442100;17590800;17513000;17595500;18916100;17647600;17522500
383;10136300;9660300;9643800;9381200;9383000;9373200;9403400;9532700;10096500;9876000;9437200;9374000;9366000;9578300;9375800;9396000;9386600;9390800;9465000;9497000;9362900;9517000;9520400;9610700;9537500;9540400;9571500;9395500;9434200;9337300;9395300;9339500;9440300;9427800;9443400;9568000;11805600;10029100;9836900;9937300;9770300;9666800;9650400;9672800;9562500;9619300;9420900;11298300;9908500;9792100
381;18539500;17008700;16780400;16579300;16691200;16599000;16738500;16648100;16781500;17200000;16886000;16693000;16628100;17055500;16710700;16582200;16703800;16897000;16930600;16744300;21959200;20690100;17955500;17249300;17007700;17254800;16663200;16913000;21853800;17476400;17345900;17258800;16943500;17132200;16754000;16539700;16700700;16651800;16635600;16771300;16728800;17144200;16946300;16778600;16596800;16534700;16643500;16492600;19064100;17562700
379;17080000;16654500;16525600;16464400;16470900;16407500;16414900;18719300;17724600;17748200;16921700;16403000;16395500;16423000;16395200;16480000;16489000;16971400;16369000;16416100;16572200;16491800;16412900;16425700;16389800;16419600;20057800;18144200;17953900;18022500;17217300;17025700;16883400;16423000;16457700;16381500;16463700;16377200;18075300;17392900;17048600;17628200;17071800;16790800;16628800;16679400;16495800;16978500;16579700;16637900
377;15885300;14890600;14821600;14737800;16707300;15710600;15408200;15469000;15293200;15108300;14959300;14899200;14895700;14819400;14775000;14818400;14971700;15128600;14922500;14927500;16950000;15498100;15499800;15362300;15246900;15112300;14964200;14877300;14845100;14779300;14795000;14842600;14801300;14821900;14857200;14857600;14779800;14904900;17734300;16037300;15564100;15411200;15285900;15220300;14995400;14937500;14865200;14838300;14890600;14902300
375;16211000;15724100;15590100;17634500;16153700;16100400;17147700;16142900;15894100;15738000;15966500;15898800;16327600;15696300;15680600;15707900;15597100;15616700;18398900;18962200;17213400;16314500;16164400;15849800;15726300;16181500;15777100;15751200;15707600;15729500;15868900;15665400;15816600;15723200;15605100;15691100;19012200;16549900;16302700;16119500;16058600;15997900;15721900;15625300;15680100;15633800;15905000;15662700;15757300;21181300
373;14877400;14508600;14386200;14444700;14454200;14375900;14624000;14369700;14385800;14435500;14475000;14784900;14809200;14495900;14383300;14595600;14433300;14407600;14450100;17467200;15108900;15291500;17406300;15238100;15298900;15002900;14782800;15412600;15124600;14482200;18041100;16022200;15315300;15032300;14918300;14701400;14555500;14416800;14367600;14390700;14453500;14369700;14980200;14514500;14709500;14677100;14512000;14395200;14462500;14438400
371;16466700;15792900;18147100;16332700;16358600;16217900;16224200;15835600;15823800;15735000;15849900;15849700;18368100;16538800;18127400;16518900;16489900;16213000;16439300;15992600;15929200;15888600;15841400;15735800;15869400;15845600;15786600;15781800;15779900;15824200;15853000;15912500;15830500;15782800;15856700;18279000;16346500;16435700;16216100;16125000;15927100;16136800;18686800;16465200;16294900;16253100;15951100;15843200;15999900;15844500
369;16033200;15768600;15733700;15692700;15741300;15636600;15557700;15723700;15727700;15614900;15585100;15655600;15686300;15727000;15815800;15726200;15812800;18001300;16213400;16545000;16029900;17613500;16802500;16254900;16149000;16011300;15838300;15953100;16305900;15773600;15748900;15710000;16354500;15854600;15860400;15663800;15708700;15720200;15786400;15830400;15706100;15686300;15779600;15689100;15732300;15996800;15797000;15578400;15945200;17603900
367;11436900;11313800;11203500;13115500;11992500;11506000;11536700;11264200;11227800;11161200;11062900;10972300;10969700;10901200;10880400;10806000;10842800;11003000;11019400;10965900;11234700;10972800;10907100;10805800;10873100;10863900;10905300;10869400;10841300;10914700;10876200;10861000;10951100;10856700;10839600;10890900;10872800;10901300;10840000;10863200;10888400;10860600;10845000;10945200;10869700;13528700;11502100;12033300;13338800;12395300
365;15961700;15538000;15474000;15452100;15376900;15390200;15377100;15911200;15809600;15734900;15783000;17535700;15550000;15456200;15404000;15363600;15413300;15539600;15476900;15725000;15416500;15428900;15742600;15768500;15406900;15925400;15515900;15369600;17862700;16423300;16066800;16045400;15844500;15646800;15503400;39955000;15433000;15444500;15608300;15487600;15500600;15894000;15602100;15627500;15586200;15457500;15459700;15388900;15381900;15422200
363;16101600;15357500;15121000;15098300;15399500;15076300;15114400;19970500;16618100;18320600;15975000;15647800;16475800;15847100;15636600;16022700;15492400;16014800;15164600;15157800;15220300;15244600;15129300;15046300;15377200;15591200;15507100;15374200;15367500;15060200;15027800;15018500;15158500;15080800;15132300;15115500;15698800;15171600;15230600;17295100;16405300;15751400;17415000;16510700;15659700;15589400;15376500;15290700;15172200;15449700
361;15437100;14697700;14470000;15187200;14651800;14580400;14462200;14503100;14601800;14516400;14461800;14421000;14447000;14424200;14591000;14518300;14520300;14440700;14385400;14733400;17242000;15258700;14988300;15020300;14811000;14584000;16370300;15212400;14991100;15010800;14939200;14648500;14559500;14480300;14419600;14440200;14425600;14440700;14340900;14441100;14344100;14371600;14464100;14405900;14419900;14449300;16715400;15001900;14956500;14706600
359;15663300;16565600;16709400;15418200;15629300;15460500;15243500;14955300;14939600;16685400;15930700;15420300;15875700;15600500;15161500;15093400;15047000;14891500;14868000;14962800;15031100;14916400;14895300;14930400;14950800;14935100;14885100;14969400;14978100;14907700;14897500;14798300;14900300;14919600;15164200;18093000;18663400;15743200;15388100;15113700;15101700;14986400;14934600;14903000;14932400;19463700;15744400;15391600;15376600;15136800
357;15222600;14808600;14857600;14768000;14735700;14742600;14765600;14925800;14755200;14790500;14768100;14757100;14959400;14774400;14825900;14792400;15371100;17682500;15311100;15307600;15537900;15184700;15055700;14925800;14816300;14773600;14908500;14785200;16660900;15637700;15277000;15234700;15112500;15004900;14972600;14916000;14760600;14788000;14779100;14761100;14653300;14754600;14730400;14790600;14772800;14791000;14825000;14689600;14934000;17268200
355;15275400;14878100;15293700;15265300;15284400;14922100;14893600;14847300;14574300;14523200;14517500;14719300;18506800;15265000;14998700;15017600;14836900;14620500;14564900;14409300;14412000;14445500;14537900;14626800;14556700;14510600;14469000;14424800;14481500;14427200;14523300;17879700;15109000;14931000;14972700;14730900;14842000;14640800;14435600;14463700;14484000;14439300;14492500;14501800;14561500;14535400;14519300;16846000;15111600;15102100
353;13042600;12562200;12461500;12487000;12468800;12456900;12613800;12420200;12392800;12410100;12409400;12410800;12358200;12403400;12621600;14698100;13299100;12940800;12918600;12746800;12645400;12641800;12537400;12598400;12507600;12424100;12432800;12459200;12474300;12432800;12384900;12488400;12608700;12501400;12476700;12498800;14518400;13168200;12796500;12868500;12807400;12624700;12565000;12527700;12397400;12463500;12375600;12466700;12625000;12414700
351;12022800;11655500;12294400;14164700;12009300;11934500;12030500;12051800;11804900;11700600;11740700;11779500;11651100;11678200;11636000;11522800;11603000;11602100;11645100;11538400;11628200;11507400;11534700;11584500;11833000;11635700;11601300;11625400;11745800;13834800;11946600;12190300;11908000;12033700;11802600;11689000;11649900;11528900;11557500;11601400;11547600;11593300;11565900;11616200;11681300;13808500;13036700;13731300;12651200;12132100
349;14498300;14273800;13957400;13980400;13987300;14015500;14031900;13977800;13963400;14026100;13948400;14776700;14288300;14226900;14288500;14058800;14081500;14458300;14159500;14089200;14056600;14028200;16060500;15032100;14620400;14631200;14644500;14381000;14220000;16839600;14456600;14493900;14419200;14503400;14336000;14163800;14285500;14175300;14069600;14056600;14012800;14025000;14034700;14101900;14038900;13958400;14163700;14167100;14025300;14103200
347;14495400;13874500;16178700;14375900;14358900;14329500;14398500;14297200;13950000;13865200;13933100;15656700;14470500;14512200;15124700;14478600;14573800;14747500;14457900;14534000;14302400;14231700;14200400;14814600;13914500;13894900;13905700;13806700;13963200;13808600;14045000;13841700;13884600;14504600;14053800;13852400;13797400;13786400;13763200;16318000;14464900;14307400;14154300;14007300;14011300;13828400;13785600;15746300;14318300;14183200
345;14572100;13872400;13657200;13686600;13670900;13908700;13740200;13812000;13963600;13748900;13631600;13669300;13684400;13723000;13896600;13789900;13762500;13760600;13796000;13748100;13715800;13718400;13788800;13727100;13684900;16358900;14182500;14170800;14163100;14086200;13980100;15653000;14315500;14169100;14180500;14093500;13886500;13831300;13867100;13846700;13854400;13780100;13812800;13788400;13710300;13766900;13740500;13688200;13748700;13736600
343;11779400;11360300;11260400;11263100;11228900;11193500;11225400;11180800;11272400;11216200;11234600;11277700;11185400;11317700;13822100;11886000;11530100;11697900;11649500;13305800;11544400;11586500;11634400;11524100;11395500;11362500;11470300;11449600;11244100;11135300;11195300;11198400;11222900;11270400;11216100;11217700;11267800;11218500;11143100;11207400;11363000;11292300;11329700;11391600;11260500;11453600;11913900;11335100;11247000;11257600
341;13930700;13533900;13436600;13454000;13379100;13423500;13552300;13527400;13414100;13321600;55252100;15446100;14340800;14026500;14093400;13634500;13602600;13707400;13572800;13535100;13498500;13418600;13520800;13449800;13438300;13441700;14046300;13574100;13527200;13388300;13470000;13624100;13530000;13629500;13545200;13458900;13508000;13613700;13436900;13442900;13452400;13507300;15462200;14405000;14282000;13963800;14396200;13732300;13419600;13612300
339;13510100;13286800;13081600;13186200;13126300;13280100;13188700;13145000;13137500;13152800;13153100;13222600;13318300;13160300;13184700;13183300;13164500;13171500;13182100;13174300;13121600;13171400;13158800;13127200;13080900;13144100;13064800;13204700;16159900;13642100;13947200;13586400;13582500;13686300;16194700;13838800;13643500;13572700;13537300;13370400;13458000;13357400;13209400;13185300;13241800;13254400;13173900;13267700;13184600;13131100
337;13290700;13051900;12885000;12931700;12842200;12862100;12811500;12916900;12846400;12856200;12918400;12834400;15157400;14108200;13733200;13532500;13363000;13253800;15260900;13565400;13367000;13513300;13377400;13234200;13091300;12977600;12933600;13045300;12963800;12929600;12962600;13051900;12900400;13018200;13073400;12994700;13079000;12975800;13036100;12926300;12907600;12902200;12913000;12913100;12957200;12962100;12888100;12956200;12899600;12916800
335;14165100;13499000;13311200;13142200;13012800;12904200;15480600;13867200;13621200;13328300;13255800;13462300;12919100;12871100;12796000;12793000;12883700;12814300;12819100;12917600;13016200;12930700;13145700;13098100;12918100;12895500;12976500;13004500;13447600;12928200;13071400;12992400;12899300;12966600;13073800;12965600;16016900;15024100;13842100;13516500;13688300;13505200;13125100;13161600;12872500;13018000;15395300;13818100;13470300;13391600
333;13754300;13307200;12966100;12743600;12924900;12785000;12897000;12790200;12750200;12785800;12877700;13004900;12817100;12817000;12730300;12756700;12773700;12766500;12714300;12767300;12922100;12946500;14547600;16870500;15129800;13462500;13214500;13126700;13019500;12913700;12877500;12867800;12916600;15326000;14207100;13446500;14533000;13609400;13098800;12910800;12950200;12786500;12723700;12718200;12835800;12750400;12808800;12755900;12719500;12794900
331;14874900;13350600;13048000;12965400;12991600;12888100;12862200;12796700;15969100;13322600;13084000;13077000;12967800;12930000;12691000;12650900;12546200;12593600;12513400;12630700;12651400;12612800;12608700;14972100;13168800;13101400;13063700;12960500;12818200;12697500;12623900;12531600;12654000;12612100;12505600;12559200;12522900;12573300;12563600;12705600;12589500;12486200;12542300;12475400;12512900;12526900;12638200;15547300;14156400;13459500
329;9539700;8967800;8867400;8738800;8666000;8637800;8699000;8608600;8698000;8650400;8652800;8678200;8640700;8604200;8566200;8623600;8531100;8612600;10204600;9525100;9042700;8965600;8954800;8926400;8879300;8842200;8795600;8856100;8752300;8762000;8645100;8657300;8580400;8569200;8585200;8681900;8590100;8638400;8579000;8631200;8629300;8516200;8632600;8698700;8600700;8590000;8602600;8638000;8561000;9087500
327;12894700;12260000;12157000;12032600;11961000;11881500;11767400;11672800;11608800;11655400;11721900;11594000;11643300;11645600;11687300;11623000;11689100;11794500;12146500;14915400;12701000;12345400;12229600;11931200;11765500;11906000;11972400;11679000;11679600;11799200;11785500;11728300;11625700;11727400;12087000;11757100;12300100;11753500;11728300;11948100;15317700;12654600;12754800;12184500;12144500;11942000;11869700;11804600;11695900;11678900
325;12729600;11987000;11711200;11662300;11748700;11792900;11715200;11737600;11764700;11694800;11646200;13795400;13952100;12673900;12253200;12253700;12234800;12058300;11965200;11825100;11742600;11783100;11719600;11715600;11793600;11763000;11740400;11649400;11744600;11936700;14684100;13175100;12434300;12307400;12239100;12050800;11908000;11906900;11826900;11698800;11715900;11698000;11771000;11719600;12357600;11943300;12376700;11813900;11903300;12007500
323;12857200;12356300;12033700;12028800;11976500;11981100;12004000;13677000;13254200;12540100;12469000;12397200;12281800;12191500;12009600;11907700;11905800;11884000;11892800;13797900;13112600;14415000;12711500;12397100;12291700;12105900;12085200;11997700;11912200;12040300;11891800;11940300;12019300;12092800;12026300;11983900;12036600;11976500;11950400;12353400;12112300;12339700;12104400;12374700;12078100;12061500;13962500;13127100;12497700;12846100
321;12164500;11403800;11129800;11248100;11184100;11102900;11305600;11062600;13998700;11735600;11943700;11595500;11761300;11419000;11288200;11301600;11249700;11229600;11190800;11412400;11110500;11116900;11107500;11088100;11126100;11094800;11094500;11073600;11056100;11274500;11218000;11155400;11218600;11220800;11062800;11062700;11756900;11516600;11206500;11212800;13277500;12170900;11692100;11485000;11270200;11002600;11035700;11053000;11085700;11122600
319;12406000;11826800;11975200;11814200;11799800;11697500;11693200;11676200;11661100;11664000;11713100;17611600;13668100;12262600;12120700;12125300;12097800;11899300;11788600;11644400;11602300;11642200;11679600;11870000;11667600;11659200;13233300;11995700;11666100;11714900;11854900;11907900;11695900;11777200;11721800;11659900;11754500;11873800;11891900;11701900;11671400;11810900;11698900;11667100;12054500;11927500;11923100;11896600;11803400;11866300
317;11782600;10817000;10649300;10673000;10539300;10815000;12849600;11977000;11303200;11088900;12647100;11002700;11203300;11128400;11163200;10958000;11024700;10902200;11098100;10967400;10898100;10753200;11112400;10716700;10665900;10622500;11079700;11055700;10738700;12710600;11674200;11428400;11185900;11349000;13628600;11116800;11063700;11020500;11005100;10977100;10852400;10703900;10707100;10588100;10598600;10664200;10828900;11011000;10807400;10718800
315;11888600;11316800;11303000;11299000;11325700;11353800;11334000;11364000;11487100;12084600;11886500;11468900;11859100;11411700;11364800;11279800;11310400;11340500;12825700;11975800;11706500;11705200;11807300;12058300;11731300;12783700;11722900;11615300;11687100;11587900;11342900;11367600;11292400;11366600;11318300;11400200;11376400;11278100;11243600;11239700;11254700;11291000;11313800;11317000;11318400;11370100;11391400;11300400;11494800;11286800
313;10633900;10303400;10429400;10397100;10386600;10364900;10261000;10320400;10259000;10194000;10175600;10470600;10162500;10386400;10405600;10192100;10438900;10170500;10224000;10403300;12887000;11402400;12072300;10623200;10546900;10488100;10398500;10312500;10276400;10246900;10183500;10447200;10174300;10279400;10199200;10396900;10477600;10386500;10231300;10166500;10202400;10173800;10209200;11173100;10487900;10435600;10265500;10177900;10188000;10216500
311;11761400;11507200;11349100;11217800;11200800;11181000;11337700;11138200;11182000;11145000;11288400;11136700;11198400;11283800;13747500;11913600;11836800;11529500;11543500;11784700;11780800;11446500;11683100;11329300;11291500;11191800;11217900;11349900;11259500;11123000;11225100;11411900;11161800;11139800;11179300;11227000;11249300;11110900;11340500;11238100;11187500;11219100;11400500;11157800;11751200;11420900;11305600;11413000;11265400;11225400
309;11663400;11103700;11082800;10955400;10925900;10941600;13112800;11652400;12073700;12727300;13587600;11724700;11524000;11412300;11236700;11271300;11074700;11033500;11231100;10930900;10801700;11009300;14281100;11403800;11231400;11264400;11188500;11183000;11056200;11078300;10846700;10945500;10979800;10861100;10903600;10909300;10846500;10902900;10927600;10938600;10862500;10837800;10842000;10865100;10947000;10962500;10809600;10829400;10858500;10878500
307;11309500;11143500;11071900;11034200;10943200;10918600;12620600;11132100;11154600;11137400;11025800;10953700;10932900;10841800;10805100;10837700;10813100;10888000;10848000;10876100;10815300;10911400;10795200;10815100;10810600;10788700;10885800;10847400;10768300;10767000;10868300;10895400;10876800;10941800;10909000;10877400;11031300;10965500;10880000;10880500;10846900;10865500;10837600;12756100;11310500;11140600;11269500;11245100;11110300;11054400
305;11360700;10738100;12239500;11066500;10995800;11147900;11033000;11016900;10899500;10860300;10801100;10709600;10708900;10782700;10694700;10725900;10780600;10734800;10746500;10688800;10687400;10677400;10598800;10648300;10642000;10633400;10688800;10893600;10806700;10711300;10821000;10794200;10680300;10743400;10703600;10672000;10708200;10708600;13164400;11155200;11028500;11035700;10981900;11009800;10915200;10844600;10736800;10715700;10749600;10666400
303;11057500;10870800;10841800;10831200;10771400;10715200;10560200;10588500;10720600;10578000;10582900;10520300;10563400;10466000;10472700;10521900;10531300;10534300;10491100;10572700;10525100;10535200;10682700;10837800;10653600;10752200;10734100;10655700;10563000;10591500;10560100;10735200;10690900;13377900;12386500;11171900;11047100;10879400;10760000;10848600;10798100;10676600;10616300;11186300;10563500;10694700;10635300;10585400;10783400;13342700
301;11213900;10782900;10574300;10581200;10480000;10401700;10522000;10737300;10454800;10716500;10431100;10415700;10366300;10354000;10534900;10496300;10442100;10749800;10650400;10461200;10472700;10438800;10606500;10775200;10533800;10507700;12697100;11387100;10887300;10878800;11020000;10884300;10830400;10688000;10583000;10441500;10678100;10592700;10471700;10561300;10525100;10420100;10469900;10570900;10555600;12339800;11199400;10923000;10909300;10789400
299;10941600;10393500;10287300;10281800;10241400;10265900;10259600;10306900;10271000;10244700;10810200;10235700;10263800;10409500;10366100;10203200;10279400;10239400;10193600;10254500;10402600;13212900;10942300;10578700;11692800;11256500;10662600;10604600;10828400;10584600;10596000;10594800;10413600;10335200;10299200;10439200;10237900;10322700;10344400;10289100;10398500;10302000;10261800;12058400;10772300;10628400;10624300;10534400;10537600;10478500
297;6283200;5646700;5588900;5578100;5647000;5587200;5579200;5591200;5573700;5569900;5546700;5531500;5598900;5603900;5593600;5583600;5584700;5570800;7181600;5854300;5824800;5798100;5756100;5715400;5758500;5743700;5776400;5748000;5682300;7390100;5886700;5807200;5813700;5791200;5775700;5753600;5747800;5767800;5708800;5655900;5733900;5667200;5650600;5632600;5634600;5611200;5597300;5580000;5556200;5585200
295;10425300;10020400;9870500;9912700;9939300;9852700;9877700;9881600;9886800;9846700;9816000;9896100;9876900;9867800;11917900;10206700;10154600;10189600;10174300;10133300;10092800;9996800;9992500;9922200;9898400;9933600;9862800;9816500;9876300;9974100;10064400;9972600;9972000;9931600;9912900;9934100;11877000;10394700;10261800;10362300;10267500;10176600;10139300;10020300;10006800;9976500;9989300;9958300;9981100;9901600
293;10548500;10161800;10045200;9865600;9885000;9891900;9887500;9887900;9926200;9955100;9903200;9845900;9903800;9927900;11963700;10270000;10211400;10192800;10261600;10206000;10050300;9984100;9998200;9898500;9902300;9908700;9896800;9908200;10096600;9934400;9930100;9908000;9911700;12193900;11029200;10310100;10211500;10228300;10180500;10077300;9984900;9934500;9877300;9917200;9948300;9928900;9913200;9917200;9947800;9945500
291;4928600;4662100;4694900;4769800;4721200;4562800;4594000;4765600;4609000;4574700;4582500;4546600;4546300;4586000;4579300;4595300;4534600;4771900;4614000;4559400;4560900;4567800;4568600;4539900;4586100;4589800;4544400;4616600;4605000;4555200;4578200;6420900;4983900;4735800;4803800;4732900;4735600;4718400;4687900;4699000;4696900;4722000;4689400;4690600;4701900;4692800;4641600;4630200;4625200;4591200
289;10266500;9787000;9712600;9533600;9547100;9633100;11232500;10496600;11300400;10541400;10003200;10005800;9932700;9842400;9941800;9743700;9636200;9651700;9567900;9972600;9633400;9814800;9641500;9518500;9506900;9640000;9596900;9543700;9620300;9543400;9579400;9561200;9587400;9620600;9667000;9799000;9901600;10168000;9827400;9729500;9746300;9629400;11955600;10248500;10012600;9986600;10072200;9830200;9629500;9542100
287;10004500;9419600;9482200;9475900;10134500;11994700;9846500;9690000;9673200;9636100;9614700;9589300;9489500;9461400;9530700;9393600;9420800;9392700;9424100;9434100;9340900;9411600;9356300;9330600;9382300;9353400;9398600;9378100;9397600;9327300;9426100;9453200;9373900;9393500;9416500;9393700;9787900;9605300;9459200;9445500;9418200;9417600;9485500;9514600;11153800;9975300;9804100;9664400;9701100;9719600
285;9182500;8617400;8574400;8455100;10541700;8869200;8776000;8920200;9289900;8960600;8866400;8806600;8804300;8845800;8828400;8827200;8751300;8747400;8625300;8593700;8576600;8467600;8605000;8475500;8517100;8503900;8485200;8561900;8567200;8534400;8474700;8646800;8511700;8473900;8482500;8439500;8570900;9123100;8563700;8583400;8530000;8505100;8462700;8464100;8489400;8558600;8511900;8484400;8478900;8494400
283;9704900;9479000;9484600;9459100;9409300;9390100;9310900;10823200;9649700;9512500;9460400;9503800;9423200;9416600;9341600;9216400;9285600;9286400;9196400;9102600;9125600;9184200;9146700;9120700;9130700;9124200;9122500;9117000;9231000;9092300;9148500;9119700;9173100;9170700;9181700;9173700;9121400;9126700;9172700;9140800;9082700;9097300;9137800;9171700;9118300;9135100;9132700;9150500;9124900;9146800
281;9473500;9217200;9207800;11322800;9477800;9507800;9500600;9496300;11221100;9551200;9430800;9444600;9443000;9445800;9358700;9251300;9258400;9474500;9147800;9115400;9159200;9060700;9090200;9062800;9161000;9078400;9170500;9094400;9203500;9158300;9101800;9121800;9170900;9345400;9233200;9133400;9079400;9093600;9090300;9168200;9320200;9685100;9197000;9183300;9138200;9128400;9044900;9096500;9094500;9182700
279;9538200;9006600;8916700;8883000;8886900;8880000;8957800;11406500;9482700;9304600;9710100;9364900;9251700;9217100;9219500;9161600;9377200;9115400;9072100;9054900;8942500;8912800;8872900;8794500;8843000;9065200;9058500;8980800;8924100;8900100;8970200;8913900;10230300;9275400;9043600;9009600;8930200;9115000;8989300;8888300;8885800;8887000;8882100;8873100;8839300;8890400;8947900;8872900;8862800;8985800
277;8959400;8782100;8834900;8795600;8786400;8767500;8858400;8737500;8740700;8744600;8740000;8978900;8788400;10960900;9417100;10094000;9194400;8976300;8938600;8935600;8845300;8685000;8638300;8696000;8719200;8718200;8623700;8714800;8669300;8739300;9406500;8738700;8766500;8689200;8933600;8736100;8670700;8747300;8692600;8699600;8705900;8701300;8664100;8729100;8703900;8719200;8866500;8721200;8708700;8651700
275;9108700;8749800;8677300;8656200;8763000;8714200;8716800;8637600;8648100;8656100;8667400;10561200;9053200;8979900;9282400;9027400;8967000;8989400;9239900;10674000;8982100;8984000;9145600;9022900;8973100;8973000;9018200;8970400;8972500;8882700;8866700;8858000;9148400;8750200;8645600;8644400;8641500;8671900;8786600;8648200;8658500;8686900;8612800;8929300;8662300;9125900;8741800;8664500;8664000;8695800
273;9082100;8704900;8685200;8816100;8761000;8640700;8808100;8832700;8775200;8614500;8599100;8669800;8809200;8786400;8643900;8618300;8770000;8756200;8759400;8596200;8756100;8567500;10939700;9208000;8920700;9024300;9313400;9397100;9137800;9003700;9130700;8880900;8802000;8908000;9035500;8897600;8856400;8797600;8755100;8735700;8965900;8705000;8815600;8613100;8675100;8600600;8869800;8630700;8819200;8588700
271;8775600;8486200;8483100;8624000;8487800;8454100;8650700;8421100;8749500;8477900;8430400;8475000;8436100;8424800;8427700;8539700;8459600;8510900;8457400;8488300;8436200;8464100;8464200;8434400;8456800;10756200;9117400;9105400;8809100;8802500;8805700;8734300;8826300;8699200;8648800;8623300;10525000;8813400;8797800;8777800;8774500;8786800;9029200;8668000;8605800;8540200;8543600;8474200;8511700;8450900
269;8523000;8218300;8129500;8132000;8198100;8198900;8205600;8243200;8209600;8181600;8116200;8157000;8144600;8100100;8107400;8175600;8406800;8214500;8145500;8165400;8171700;8139100;8170300;8163600;8150300;8295300;8186900;8224200;8185500;8219100;8139300;8119500;8149600;10877300;9024400;8583300;8561500;8484900;8487600;8471100;8471600;8373100;8277300;8230800;8225800;8198400;8111500;8164800;10134100;8674100
267;7718600;7364400;7202600;7372400;7262200;7117100;7077400;7038300;7034700;7010500;7002800;6955100;7002700;6961700;7024200;7024100;6965900;8270900;7204100;7052800;7019900;7087900;7034500;6971800;6996600;6971500;6979700;7002700;6985400;6939900;6989200;6936600;6973300;7013800;6976000;7019800;6967700;7011100;6972300;7004500;6951700;6933900;6945600;6951900;6994200;6958000;8888400;7625900;7529900;7317600
265;5417400;5065200;5052600;4999600;4984200;4957400;4944900;4979100;5460700;5073200;4948400;4956800;4995700;4930700;4947900;4986200;4969800;4970200;4969900;4992400;4972500;5054300;6882700;5307200;5195500;5122200;5099600;5101100;5111500;5067900;5116300;5104000;5061300;5073600;5070800;5008200;5048500;5094700;5025200;4986500;4939800;4970800;4988900;5099800;5211200;5024400;4935800;4923500;4963400;5042600
263;8375500;8105400;7937300;7952400;7946800;7948400;7973100;7933300;7961700;7895100;7950500;7908700;7912300;7881400;7905000;7973700;7905700;7919300;7912200;7940100;7927800;7946300;7958400;10124100;8885800;8946100;8424600;8336700;8300500;8201000;8153500;8151100;8146200;8067000;8051100;7986200;7981900;7946900;7921800;7950100;7958900;7947600;7952000;8072100;10254800;8832500;8646700;8645200;8367000;8285100
261;8711100;8708900;7969800;7919800;7907600;7892900;7996700;7861200;7954500;7792800;7765900;7798800;7775800;7872200;7790600;7820900;7778800;7832500;7808800;7861500;7761400;7833800;7856100;7815000;7795800;7793000;7967000;7870000;7796400;8021900;7884500;7826600;10105700;8391800;8151000;8108100;8160800;8112000;8129400;8083500;8022400;7961800;8002700;7909300;7845700;7908700;8651600;8014300;7813900;7808000
259;7982500;7757700;7704600;7711400;7699800;7718200;9763300;8087700;7977500;8031000;7981400;7962600;7931200;7978600;7883400;7827600;7773200;7766600;7709900;7699400;7810800;7733900;7709400;7674800;7685100;7715700;7673900;7657500;7697200;7699900;7639200;7670700;7692400;7672500;7678400;7673300;7946700;7727900;7733300;7684200;7736600;7675000;9533800;8301200;8030600;7984600;8120200;8655000;10798100;8385200
257;5866200;5155300;5065700;5037800;5059600;4991700;5057500;5020100;5032300;5037200;5030700;5017500;5043000;4999300;5033900;5018300;5108000;5159200;5190600;5642000;5376700;5305900;5197400;5139700;5242600;5254400;5208900;5218100;5087400;5043400;5053400;5414400;5322100;5162100;5128000;5031900;5037600;5094100;5043700;5005800;5071300;5060800;5004400;4959900;5115700;5045700;4959800;4934800;5023500;4949700
255;8432400;7582700;7546300;7696400;7547400;7466500;7592100;7485600;7506500;7460700;7484000;7517300;7516900;7454700;7466400;7445000;7446900;7503600;7480100;9332000;8573200;8143300;8154000;7958000;7883400;7905100;7729000;7824100;7698700;7839800;7595900;7679500;7889900;7550600;7465100;7600900;7504100;7586300;7513900;7534600;7445000;8886500;7529600;7538400;7493100;7510400;7469200;7502000;7501100;7518700
253;8162700;7566200;7389200;9250800;7997800;7778000;7633700;7665400;7610100;7589000;7580000;7817800;7589200;7473300;7444000;7414600;7388000;7344000;7374600;7370700;7464000;7339500;7401000;7469600;7425900;7416200;7448800;7444500;7370400;7525600;7357900;9586800;8298000;7895600;7851200;7860400;7710400;7660300;7675800;7608100;7574600;7536100;7518700;7568900;7473100;7381800;7368500;7395800;7513300;7368200
251;7886300;7556100;7713300;7564600;7497500;7311600;7280000;7297100;7291500;7270000;7256400;7267900;7277700;7262300;7266100;7214400;7267900;7267600;7299500;7295000;7277200;9464100;7626100;7555400;7529800;7589600;7576000;8158000;7446200;7257100;7227900;7316500;7298000;7318300;7335700;7277400;7259900;7259000;7261200;7268500;9145300;7613800;7581900;7548500;7579800;7541400;7764800;9632800;7766600;7564500
249;6761200;6265900;6188600;6181500;6147200;6074400;6234200;6129200;6121000;6080900;6080400;6109900;6067300;6091000;6068700;6098800;6048600;6041500;6079700;6090500;6055000;6159800;6145300;6036900;6040700;6015300;6083300;6047600;6052300;6083500;6064900;6097900;6128700;6040800;6134200;6057000;6094200;6056000;6054100;6079400;6054200;6072600;6057600;6019200;6064600;6094000;6025600;7795300;6529400;6358600
247;7462500;7216800;7107100;7098600;7051500;7019700;6991600;6941200;6944300;6929300;6917900;6940000;6902300;6909400;6954800;6926000;6912800;7009500;9307900;7735600;8147000;7589100;7273900;7201000;7216900;7102900;7100100;7172100;7171100;7060200;6969600;6999000;6962500;6927800;6893400;6917500;6942500;6927400;6894200;6922400;7004100;7141600;7066400;7005400;7008300;6919500;6895500;6857900;6892600;6920500
245;7521500;6911700;6811000;6800700;6812400;6792800;6844200;6783300;6795000;6760700;6799600;6755900;6776700;6796000;6748300;6859100;6808200;6836900;9135000;7522100;7306200;7139700;7133100;7081200;7018600;7016000;6960000;6989000;6969500;6912500;6900600;6861600;6832200;6841800;6812800;6898000;9030200;7273300;7076300;7051000;7048000;7100000;7014600;6986500;6991700;6949800;6982600;6995600;6908200;6867400
243;6410400;6105000;6103300;6101600;6054800;6003300;6030900;5972300;5991700;5966800;5990300;6018200;5985200;5977100;6025200;5985300;6008900;5993300;5989100;5988500;5999700;5992500;5984400;5990500;5992700;6031500;5976000;5980200;5984000;6000300;5974900;5956300;6001400;5988200;5998700;5996500;5973600;6005000;5994400;6009000;6045100;5976100;6005600;5991200;5967000;7748800;6428300;6317500;6223800;6220200
241;6880400;6511500;6356600;6331700;6297100;6530200;6286500;6260700;6246800;6229700;6412100;8031700;6715600;6654800;6665500;6569600;6652000;6501900;6475100;6449200;6437400;6487900;6424900;6435400;6400500;6542900;6356100;6305100;6307700;6273900;6277000;6267500;6255700;6303100;6294000;6979200;6307600;6248100;6306300;6469200;6371600;6387800;6282500;6277400;6315800;6279300;6205100;6273600;6260600;6246500
239;6857200;6062800;6027100;6112200;5983100;6111600;5964400;5956100;6019600;5951000;5958800;6004100;5948100;5969100;5932700;5936500;6010000;5959400;5954400;5973000;5959300;5975300;5970100;5978000;7733500;6250600;6167500;6121400;6137400;6142000;6145600;6194500;6124500;6094600;6212600;6043700;6095500;7968400;6271200;6167000;6128300;6198600;6115500;6153200;6142900;6104000;6087500;6055100;6052400;6020700
237;7098200;6458100;6407200;6378100;6376500;6381800;6391100;6413500;6361000;6367000;6371800;6433700;6417200;6365400;6395900;6356900;6385400;6375700;6372300;6385700;6376700;6383400;6353100;6399000;6386100;6370200;6396000;6399000;6360700;6375600;6390000;6371100;6391800;6377800;6366800;6340900;6374500;6394700;6389600;6368900;6368800;6382600;6342700;6410100;6359600;6394000;6409800;6391500;6379600;6386800
235;6848000;6422100;6339000;7886900;6648000;6622300;6534900;6493700;6571300;6661300;6501200;6524100;6515800;6495900;6642500;6529300;6499100;6502900;6446700;6410400;6387200;6444400;6325500;6342500;6358300;6313800;6299200;6333000;6390800;6294200;6306100;6395200;6300900;6380400;6337800;6313900;6312700;6326400;6351100;6417200;6362700;6370600;6297700;6354100;6327600;6331300;6304300;6312200;6335900;6370000
233;6968400;6262400;6208900;6278900;6211600;6213100;6212700;6237700;6258900;6199700;6205400;6176400;6181000;6180100;6211900;6185300;6208700;6203100;6159500;6229200;6168000;6168700;6186100;6192700;6171000;6192200;6204000;6238900;6185900;6242100;6181700;6216800;6195100;6199500;7431700;6878700;6440000;6604800;6507900;6413800;6402900;6393400;6391600;6391700;6399100;6366100;6296100;6333700;6248300;6309300
231;6618800;6197800;6110300;6147500;6136200;6142800;6089900;6093800;6088200;6093400;6119500;6131400;6087200;6087500;6160500;6064600;6141200;6096700;6097100;6251000;6151600;6134100;6180700;6145200;6156100;6085600;6070700;6127800;6108000;6105400;6112400;6042600;6125600;6143500;6123100;6098100;6100700;6114300;6076600;6069400;6108700;6164700;6141700;6113800;6314100;6134900;6101600;6090700;6099700;6084900
229;5039000;4481100;4453500;4400500;4401700;4384300;4367800;4434800;4399600;4396300;4403000;4433800;4386700;4363000;4377300;4553000;6300700;4652400;5440600;5047500;5060300;4872200;4746700;4615300;4564600;4526800;4559500;4535400;4513500;4513100;4496700;4478000;4483200;4435200;4494900;4424700;4459300;4795700;4462600;4366400;4373600;4385800;4376600;4427100;4457300;4494000;4418800;4418600;4458200;4403100
227;5230000;4563400;4541400;4505600;4564800;4488900;4491700;4482600;4477100;4471200;4456000;4495000;4473200;4453700;4451900;4481900;4429800;4471500;4456900;4592700;4519500;4507000;4474000;4498900;4462900;4457800;4493800;4491000;5731700;4536100;4499800;4485700;4470800;4495300;4478500;4494700;4461900;4470300;4458000;4442900;4846000;4543700;4501800;4499700;4453100;4426400;4464500;4442800;4431300;4470000
225;6448300;5836600;5792600;5828800;5789800;5801100;5769800;5751500;5753900;5772000;5762600;5771400;5768700;5745000;7567000;6210600;6087400;5979700;5942800;6033300;6010700;5994500;7521500;6010800;5982800;5975100;5974100;6028100;6002300;6088200;6014300;5954000;5933300;5892500;5818900;5822200;5783900;5825000;5810000;5772500;5792000;5765500;5755400;5751300;5709800;5745000;5723500;5716100;5775100;5762100
223;6415300;5768200;5741800;5713200;5746400;5720800;5712300;5795000;5810500;5796500;5763500;5724500;5729200;5710000;5718500;5851100;5758400;5739500;6432200;5769800;5733900;5737800;5727900;5779600;5811000;5786600;5731800;5713500;5718800;5692700;5731800;5832900;5728600;5697900;5842300;5749700;5738700;5727700;5701500;5751100;5686500;5684200;5714700;5715400;5716700;5906000;7654600;6030500;5888700;5892900
221;5018500;4374100;4326600;4316800;4300400;4340400;4291600;4387100;4386600;4353900;4327900;4325800;4320600;4289700;4344300;4318200;4297900;4326600;4312500;4288300;4262800;4279100;4264100;4264600;4236300;4354200;4321400;4227000;4210400;4197000;4179200;4201200;4164000;4384000;4252200;4268700;4244500;4200200;4180300;4200300;4225900;4176300;4179100;4188200;4212600;4181700;4184700;4197800;4304500;4212000
219;5812500;5591500;5474400;5466300;5532500;5441700;5468800;5463200;5469600;5495400;5495200;5424100;5488500;5463100;5451800;5500300;5465100;5455400;5455800;5457600;5433000;5516400;5455500;5446000;5467800;5471800;5462200;5460600;5466500;5459500;5481600;5455100;5459000;7048200;5638100;5657400;5638300;5582800;5624800;5642200;5621500;5815000;5898000;5705000;5636900;5682000;5627500;5635400;5604800;5646400
217;5835500;5484500;5459900;5435300;5436200;5403900;7039800;5611800;5570800;5527500;5574400;5510400;5545300;5547900;5537700;5497300;5491300;5571900;5533400;5489800;5434500;5390800;5391600;5359600;5359300;5343900;5457800;5400100;5384000;5377100;5340100;5393800;5373200;5384900;5405400;5403300;5366000;5383000;5408400;5394200;5401000;5365700;5390000;5363500;5396000;5334900;5387100;5385300;5354600;5402500
215;4573700;3951900;3930600;3943500;3906600;3897100;3886300;3891700;3916900;3870800;3883200;3871300;3887100;3875000;3859400;3855400;3899000;3882400;3869700;3873800;3929600;3880900;3881200;3864900;3927100;3870100;3847200;3847500;3895300;3881700;3877500;3858200;3870800;3897600;3876100;3871000;3963500;5610600;4133100;4025000;4032400;4036400;3973600;3975300;3987000;4007800;4009900;4006500;4054500;4087900
213;5952300;5391900;5238800;5281600;5213800;5188600;5239400;5215600;5220400;5206800;5246000;6955700;5415800;5455300;5396500;5378600;5383200;5355000;5341900;5395300;5358700;5325600;5318300;5329400;5303700;5265700;5229200;5195800;5216600;5221000;5176100;5243700;5222000;5225400;5219200;5216200;5202600;5211600;5228000;5243200;5221100;5236500;5201000;5238100;5219600;5192300;5200000;5204600;5218100;5216700
211;5753700;5174600;5171900;5141500;5120100;5117100;5103700;5138800;5114000;5128300;5085600;5157400;5096400;5147700;5123400;5102400;5099200;5132800;5179900;5091300;5368600;5120000;5093700;5116200;5114300;5176100;5123600;6741800;5468400;5366200;5322300;5274000;5326400;5293500;5277800;5260600;5303300;5238300;5249200;5206300;5222700;5178700;5222100;5190300;5144000;5171200;5144900;5187200;5115100;5134000
209;5517900;4979900;4931500;4923700;4910300;4925500;4911200;6796700;5444400;5260100;5189400;5121900;5092700;5385100;5118400;5082300;5171400;5140100;5085400;5097800;5030000;5027800;5001400;5006900;5000700;4969900;4936300;4918200;4936200;4921400;4921800;4938100;4951800;4930800;4947100;4953400;4952800;4931900;4974100;4977000;4957500;5012300;4947200;4919700;4893800;4922200;4939300;4945500;4978900;4968000
207;5369100;4977300;4928000;4917900;4875700;4897000;4870400;4848700;4859300;4860000;4850600;4916200;4888100;4879800;4894100;4872200;4856800;4868200;4893100;4881800;4850500;6790700;5449300;5318500;5436300;5116800;5139400;5069900;5040800;5049100;5023600;5027400;5053900;5209800;4983100;4955900;4963300;4964000;4906800;4940000;4907300;4931200;4885000;4856200;4873400;4875600;4881900;4854000;4920000;4917100
205;5275600;4878600;4862700;4829800;5051200;6420900;5083100;4989100;5013600;4999900;4997800;4973200;4989800;5013100;4955600;4967000;4949600;4940800;4916900;4924200;4903500;4843200;4854300;4905700;4820300;4796100;4890300;4849800;4794000;4807100;4800300;4799700;4849300;4844100;4824000;4810800;4829400;4810100;4813400;4814500;4800300;4820300;4824000;4859500;4783700;4826700;4866500;4852900;4805000;5413600
203;5041800;4814900;4791200;4796000;4792200;4771900;4707300;4719900;4675500;4724000;4748000;4682800;4783400;6639600;4938100;4932300;4870700;4881100;4923300;4922700;4832400;4856200;4883000;4869700;4844600;4834800;4852400;4856300;4796700;4819800;4740500;4726400;4743100;4703700;4691400;4711600;4672200;4697500;4680400;4690300;4698200;4678100;4716600;4703100;4694200;4706600;4700300;4711300;4745000;4705300
201;4963100;4617800;4636900;4593000;4583700;4565700;6256600;4759700;4741400;4741700;4754500;4741700;4752500;4735000;4731700;4723500;4751900;4687500;4670600;4654500;4630700;4638400;4605400;4637700;4603700;4620900;4601500;4580500;4566800;4612100;4572900;4591700;4583200;4595500;4563200;4526600;4580800;4576200;4610800;4567600;4631500;4601200;4579100;4593100;4569700;4551200;4583600;4568400;4549900;4582600
199;3346100;2802600;2776600;2747400;2737700;2725100;2728200;2729900;2723500;2706200;2713800;2774300;2738200;2710300;2734300;2737900;2736300;2757200;2742000;2737100;2714800;2770700;2761700;2821200;4505000;2854200;2847300;2956300;2893700;2901700;2869500;2877000;2881800;2851500;2838200;3067200;2837600;2844500;2815900;2815800;2797500;2810600;2810900;2814500;2803100;2799500;2852000;2826100;2831200;2818000
197;4897200;4557500;4509000;4453300;4453000;4433600;4422900;4432800;4498600;4619400;4501100;4494400;4550200;4504000;4466100;4448100;4416200;4444500;4448300;4473800;4409600;4431100;4471500;4494800;4473200;4529800;4464200;4415900;4442800;4447100;4442700;4455800;4439900;6258700;4612800;4613300;4591600;4569100;4573800;4559400;4565000;4564900;4589200;4545700;4522600;4523900;4522400;4526300;4520300;4511800
195;3201000;2938200;2899900;2885200;2890800;2910100;2863500;2874900;2861500;2848700;2857400;2847400;2846600;2841500;2845800;2882900;2867700;2879400;2843700;2859000;2862400;2850700;2853200;2856400;2829900;2867700;2859700;2841700;2861000;2842100;2866700;2858800;2858500;2875300;2832400;2859000;2846400;2878500;2854800;2852100;2852700;2870400;2865100;2853700;2868400;2840200;2860200;2844100;2913100;2866700
193;5186200;3309000;3251700;3286700;3291700;3261600;3239000;3225500;3262600;3238800;3240500;3242600;3237300;3251700;3230600;3224400;3210200;3220800;3271800;3197700;3191100;3190200;3190200;3188200;3165400;3170800;3183100;3143700;3171700;3151300;3128600;3135500;3121200;3121600;3118200;3131300;3121100;3113600;3123700;3155700;3112400;3149900;3142000;3118800;3156300;3135300;3119500;3120000;3110000;3116200
191;4914700;4207200;4166700;4166300;4160700;4141800;4287600;4162700;4128100;4114300;4394300;4242000;4201600;4213300;4187900;4176200;4147000;4182200;4170800;4269300;4128300;4188600;4214100;4218700;4228300;6613700;5139300;4950900;4370500;4297100;4297400;4313200;4338000;4306500;4296500;4329200;4297000;4331000;4287000;4297200;4375700;4308200;4321900;4227800;4218500;4193600;4231200;4195500;4198100;4150800
189;4661900;4122800;4051000;4021500;4035300;4034300;4038700;4011100;4044800;4046600;4031700;4026700;4043000;4043700;4046300;4015700;4028800;4037700;4036500;4024200;4062900;4035200;4042600;4023500;4122400;5741600;4208600;4172200;4310700;4172800;4136400;4142300;4289800;4140600;4350200;4188200;4149600;4152500;4128100;4099300;4196300;4084200;4080200;4055500;4081200;4049400;4062700;4079000;4045700;3990700
187;3648600;3362000;3336000;3290500;3310300;3286600;3308900;3303700;3268700;3286600;3274100;3289100;3280700;3278500;3242800;3288800;3279900;3278300;3316100;3316100;3274700;3283000;3264100;3313700;3301600;3266200;3251400;3241200;3277900;3263600;3366800;3330700;3270600;3312300;3300000;3297600;3252800;3264900;3263000;3278700;3396800;3489800;3329000;3289400;3311100;3288800;3257400;3268800;3280900;3349600
185;6337000;4079200;4025200;3991500;4003200;3971000;3968500;4008600;4055700;3992100;3997100;3983600;4007000;3978000;3970000;3938500;3942100;3920900;3928300;3915000;3901900;3949600;3890000;3875800;3875200;3872100;3859600;3876300;3873600;3884800;3920700;3908000;3855900;3833900;3859900;3875800;3873800;3866700;3863600;3866700;3885600;3867100;3850400;3865800;3846200;3857700;3868600;3860700;3842500;3859700
183;4121600;2373800;2341000;2324100;2356600;2342600;2331000;2337800;2309300;2329100;2329400;2315100;2381700;2332300;2308000;2317100;2322200;2304900;2326800;2327000;2319600;2317800;2302100;2299900;2296700;2297400;2320300;2282000;2275700;2296400;2290600;2294800;2288200;2377200;2314000;2318800;2305000;2266400;2273600;2258400;2306600;2315900;2297100;2272400;2269300;2255400;2263200;2279400;2267900;2268400
181;3876700;3949200;3865100;3800300;3782200;3749300;3804900;3781600;3767900;3750900;3747400;3759400;3744100;3752300;3762800;3770000;3757500;3890400;3778500;3753700;3774700;3750600;3764700;3748200;3810600;3774000;3770700;3741300;3789900;3768200;3726600;3747000;3814100;3753200;3753800;3763400;3752100;3723300;3729100;3747500;3770700;3788300;3807600;3755300;3746300;3756300;3771400;3742000;3758500;3824300
179;3949100;3805700;3800300;3743400;3752800;3757200;3752400;3745100;3760600;3730200;3716500;3740000;3706300;3696700;3688800;3702400;3679300;3644600;3653300;3672500;3637700;3618300;3656000;3610300;3637600;3628000;3614800;3652600;3614000;3609100;3642600;3629700;3638900;3618800;3644300;3600800;3619300;3728100;5410100;3789500;3763000;3957700;4006900;4048400;3926900;3760700;4416900;3740900;3727000;3736800
177;4289500;3743200;3654300;3633700;3606300;3598200;3595200;3577600;3566300;3567500;3539700;3556800;3530700;3534800;3554200;3551100;3549800;3546100;3546500;3581800;3559900;3544700;3557300;3548700;3543300;3570300;3515300;3556700;3542800;3551900;3558400;3544600;3574600;3556100;3513700;3554300;3597500;3548300;3562900;3528700;3548400;3544400;3600200;3542600;3852900;3610400;3571700;3563700;3568300;3553700
175;4093600;3554000;3536100;3519600;3498900;3544600;3520300;3508500;3513400;3519700;3507400;3477000;3509100;3482900;3512400;3525900;3506900;3512500;3531600;3541800;3502900;3502500;3527100;3514000;3522500;3515300;3495500;3529600;3506000;3508500;3555500;3542100;5038900;3705100;3682100;3662700;3639400;3614500;3604200;3719500;3676700;3632700;3611300;3618800;3595400;3641100;3604900;3581800;3615400;3583400
173;3861800;3480200;3431000;4903000;3487400;3497200;3524400;3516900;3508500;3500900;3498300;3489100;3525600;3771900;3586500;3574100;3545300;3520700;3492400;3488800;3503500;3514300;3534100;3476200;3511700;3535800;3497600;3505400;3501000;3472900;3479600;3476700;3430100;3420800;3429000;3431400;3410900;3414200;3427500;3409300;3420500;3395900;3382000;3402200;3367700;3397400;3409000;3402800;3378700;3406300
171;3858100;3392200;27702800;3407600;3372300;3359700;3338000;3383900;3344500;3360900;3352900;3363700;3369700;3344400;3335400;3327000;3375600;3348700;3343100;3336200;3345200;3352700;3348400;3365400;3364300;3386200;3383400;3374200;3345100;3337000;3357000;3405900;3345700;3344400;3334400;3335600;3364600;3400500;3349900;3315600;3459800;3358400;3323200;3330400;3343700;3332000;3341900;3338400;3332900;3347400
169;3433900;3321900;3283200;3279300;3263100;3289600;3277100;3267900;3238100;3255100;3252900;3239400;3267300;3241300;3276200;3246900;3260900;3254000;3276700;3305600;4891900;3417900;3415700;3407600;3440800;3382000;3373500;3346600;3331800;3347000;3358100;3366800;3333400;3377900;3348300;3347500;3318700;3324700;3346900;3327200;3291000;3307300;3289800;3291600;3280600;3272600;3266700;3260800;3407500;4880300
167;2908300;2661600;2640100;2627100;2870700;2783000;2655400;2739800;2732800;3028000;2686800;2742900;2646100;2639900;2670500;2640900;2619000;2605200;2603500;2625100;2615800;2613000;2624800;2629100;2590000;2647200;2627700;2640200;2646300;2638200;2607200;2622300;2634400;2628100;2646800;2605800;2630100;2615800;2599800;2626800;2640200;2631600;2609700;2624700;2628900;2629000;2646700;2614700;2641100;2614000
165;3591600;3255100;3310700;3283300;3247400;3247600;3246800;3230500;3347200;3284600;3237500;3274900;3269700;3238100;3241200;3238600;3236900;3295300;3234900;3239500;3229800;3210200;3187200;3164300;3185900;3163800;3202500;3179100;3150100;3147000;3168500;3148300;3167500;3117800;3102700;3116200;3106100;3133700;3135200;3138900;3134100;3133500;3222400;3132000;3123800;3122600;3128000;3170600;3124900;3103600
163;3603300;3013500;3023400;3010700;2987600;2993400;2995300;2983000;2986800;2968000;2988900;2989200;2970400;2988300;3025400;2995900;2996400;3004800;3027500;2973700;2981800;2976100;2979900;2983700;2980100;2989000;2977900;2981800;2987800;3081800;4666500;3152400;3094800;3119600;3118400;3083300;3084400;3097600;3070600;3122900;3095800;3077800;3088700;3105600;3123800;3105700;3080100;3073400;3085800;3106900
161;3342200;2667900;2643000;2613500;2628300;2617100;2634100;2620200;2665900;2711100;2644700;2624200;2611200;2602000;2636700;2597900;2600900;2607800;2584200;2618700;2637500;2605000;2600500;2556600;2572200;2553100;2544400;2552500;2551800;2544400;2532800;2531300;2555500;2532400;2508200;2505000;2515000;2513300;2520200;2523800;2518400;2510100;2501300;2502300;2764300;2530300;2529600;2517800;2506500;2507000
159;2845100;2155600;2167800;2146100;2108200;2095100;2096800;2089700;2093600;2090500;2092900;2110400;2107300;2100400;2091900;2071000;2094600;2096000;2095500;2087400;2104400;2086000;2110900;2094100;2105700;2096100;2111800;2093300;2102800;2098500;2087300;2096800;2086400;2100400;2108400;2100700;2089500;2100400;2113600;2087500;2099300;2144800;2100200;2093000;2098200;2089200;2108200;2093000;2157100;2110200
157;3174300;2818100;2731800;2743200;2730100;2722200;2749700;2730500;2720100;2730200;2714300;2748100;2715400;2733600;2729400;2728000;2699400;2703700;2732200;2710000;2710400;2706000;2703400;2715600;2719900;2747900;2773100;2736800;2737200;2737300;2732400;2715100;2716300;2727000;2740300;2722500;2718700;2719100;2721000;2714000;2713500;2742600;2718600;2730900;2728900;2707500;2723700;2775200;2707300;2724100
155;3290000;2819800;2756500;2763700;2731400;2725600;2733900;2740200;2727000;4235600;2899800;2885200;2909900;2867600;2838100;2853500;2845400;2848600;2833500;2828900;2825000;2825200;2849300;2850700;2875300;2888900;4310700;2886700;2849000;2939300;2871200;2882700;2860600;2836200;2839600;2899700;2844800;2837600;2822100;2836800;2841000;2888100;2817800;2832800;2850400;2804300;2812700;2790700;2791400;2778600
153;2733900;2686800;2683100;2634200;2604300;2628600;2605600;2611600;2615900;2618200;2617400;2622800;2619300;2627500;2613400;2608500;2610000;2612300;2630300;2631200;2618700;2589000;2591800;2613300;2621200;2614100;2658300;2640100;2619900;2617500;2613000;2613400;2615900;2636100;2639800;2614200;2651500;2619700;2680100;2627600;2612400;2649400;2629500;2634900;2626400;2624100;2621900;2671900;2620400;2617200
151;3048100;2629700;2636200;2603600;2587800;2588900;2588300;2663300;2610100;2577500;2582000;2585900;2568500;2592300;2578000;2561600;2561900;2581300;2594400;2578300;2575700;2556200;2581500;2560000;2590000;2587800;2556200;2576900;2582000;2572400;2569500;2548000;2551000;2572500;2562800;2562000;2563800;2580000;2598000;2598300;2557500;2580000;2576600;2560200;2572900;2565800;2572600;2576300;2584900;2564000
149;3234600;2564600;2532800;2556600;2506200;2558700;2518400;2512700;2505500;2516700;2509300;2505700;2516700;2497300;2496700;2498000;2497200;2496400;2519000;2516600;2510700;2506100;2523700;2511700;2533300;2567000;2548400;2545800;2492300;2508300;2512600;2497600;2522300;2502700;2496900;2495800;2492200;2498100;2527500;2563200;2567600;2507800;2494500;2501700;2558900;2587500;4221000;2670200;2644800;2617900
147;3118300;2496200;2506200;2535600;2522500;2508100;2496200;2518700;2504600;2511600;2498900;2492200;2480300;2468300;2480600;2482100;2519000;2444600;2466400;2450000;2466200;2440900;2466400;2471700;2442700;2434800;2440900;2430000;2434400;2674300;2512100;2413200;2405100;2402500;2404700;2415800;2410100;2403300;2404300;2407700;2414900;2424000;2453800;2425400;2422900;2420100;2406100;2423100;2413600;2421300
145;2393200;2020300;1997400;2008200;1983900;1938000;1954600;1977000;1954500;1942900;1938100;1943400;1951200;1948400;1948800;1950700;1955300;1939800;1936700;1959000;1932200;1946700;1938000;1956900;1955900;1955100;1941200;1951000;1938500;1943100;1925800;1963500;1941000;1942500;1928600;1938200;1934900;1924800;1957700;1932400;1958600;1929800;1935000;1950100;1924700;1938900;1935200;1938900;1945900;1942500
143;3108000;2374400;2343000;2362800;2324100;2319100;2309700;2300000;2310000;2312800;2316400;2312700;2299100;2338200;2308200;2312200;2312400;2298100;2344700;2308200;2321500;2291200;2290400;2320100;2298900;2311800;2295500;2308700;2287900;2286900;2287900;2310700;2322000;2299800;2307000;2290900;2317200;2296000;2292900;2292600;2305200;2302900;2315400;2315000;2322100;2302100;2292800;2289500;2293300;2317400
141;2868200;2273200;2239600;2218800;2224800;2206500;2230100;2207700;2210500;2193900;2205000;2185700;2193600;2197700;2196200;2198200;2188200;2191000;2182700;2194500;2208300;2234400;2198300;2212900;2192800;2194300;2203100;2199400;2204500;2184000;2200100;2203400;2192800;2210300;2192000;2234400;2196000;2196200;2207600;2189000;2207300;2210800;2199200;2204500;2186300;2192500;2197800;2210500;2193600;2217700
139;2753300;2380500;2326400;2343300;2540500;2433800;2356100;2271300;2254600;2215000;2223700;2233100;2255300;2242300;2271600;2234700;2243300;2247700;2235200;2243700;2233300;2238800;2222400;2219200;2218100;2222800;2215500;2206900;2209200;2179300;2212700;2196500;2183300;2192200;2188500;2176100;2183600;2179700;2178300;2230200;2219400;2196900;2208600;2172900;2170900;2172100;2183300;2154000;2138000;2146400
137;2439100;2205800;2190400;2175300;2171500;2165900;2144200;2203700;2186700;2182600;2155800;2139000;2181700;2167600;2182400;2200700;2190600;2160200;2156700;2134200;2137800;2144200;2158200;2169100;2139800;2155500;2142400;2138300;2136900;2143200;2166500;2141200;2138900;2154000;2206600;2160500;2145200;2166600;2156800;2174900;2174200;2168400;2171600;2153200;2170800;2167500;2168500;2235600;2148400;2159000
135;1889500;1554700;1539400;1521200;1516200;1522200;1517900;1502400;1500200;1499900;1495000;1520200;1499700;1497300;1495900;1498600;1502700;1506000;1507500;1496400;1493200;1491400;1501600;1500000;1498500;1500800;1532800;1502100;1489400;1497900;1497600;1496600;1500600;1497100;1483600;1504400;1494100;1535800;1480600;1486500;1496700;1492000;1487500;1485500;1505300;1496100;1498900;1500000;1496500;1495300
133;2573000;1971200;1927300;1898900;1901200;1884400;1863600;1888600;1897600;1894000;1894000;1884100;1885500;1878700;1873300;1889500;1888200;1883100;1869200;1874300;1876900;1874800;1889600;1875100;1885400;1882000;1869000;1877200;1874100;1884400;1875300;1902700;1880800;1890600;1889800;1882300;1890800;1874400;1881700;1878200;1875800;1875600;1886000;1902800;1883600;1889700;1899600;1884500;1886700;1895900
131;1146400;955100;941900;941000;921800;924400;924000;913400;913100;932200;925100;922000;921200;923300;927900;920300;921300;906900;914100;915100;906000;903300;913200;909900;897200;914800;911700;915700;905500;908500;906400;907000;910700;895500;914800;902800;909000;904500;899800;914500;936400;930900;946600;937700;927600;2391400;978700;962700;959400;941300
129;2390000;1968000;1967500;1942900;1931200;1924900;1944000;1939300;1928500;1912700;1911300;1912700;1925900;1933200;1928500;3324000;1936200;1912100;1949700;1937200;1922500;1920500;1910100;1929300;1928900;1913700;1933800;1927400;1935300;1912500;1954100;1946900;1950700;1924700;1921900;1964900;1943800;1933700;1951100;1911000;1920200;1915200;1932800;1900200;1900000;1921200;1921900;1916800;1907600;1921000
127;1455800;1404600;1384200;1371100;1398700;1385300;1379400;1360000;1420600;1359400;1351400;1348700;1385300;1350000;1354400;1360300;1352200;1383500;1374200;1370100;1380900;1351900;1346300;1346600;1336000;1332000;1341100;1349500;1347900;1339900;1345400;1350300;1336700;1346700;1341100;1339300;1342800;1327700;1338300;1347300;1340300;1333600;1361800;1345400;1354200;1346400;1353900;1345300;1336100;1338700
125;2294000;1792000;1763900;1748100;1738400;1735100;1759700;1732400;1753000;1724100;1726700;1732400;1732600;1728100;1734800;1769800;1739000;1735000;1737500;1729900;1736300;1731900;1731600;1728400;1745900;1737500;1732800;1732900;1721200;1734200;1726200;1727300;1739800;1735700;1720000;1731600;1724300;1739500;1744000;1734000;1726100;1752600;1744200;1730400;1739900;1724600;1715200;1743500;1743800;1719100
123;1872800;1323700;1298200;1298600;1313200;1332000;1276700;1265900;1273600;1263000;1273900;1257700;1260600;1253500;1253000;1267900;1282100;1261300;1257300;1256900;1263800;1261100;1257900;1262300;1262500;1255400;1268100;1253200;1251900;1259300;1293000;1261000;1285800;1266500;1273700;1263600;1271200;1253900;1263700;1252700;1251900;1273600;1267700;1258900;1274700;1257900;1251300;1261900;1263000;1248600
121;2366800;1680800;1645400;1649200;1622300;1613400;1632500;1634300;1622200;1617700;1658600;1656800;1639200;1629000;1622900;1630400;1631800;1624900;1617200;1613300;1609500;1606300;1607200;1606400;1621900;1643600;1617600;1615800;1600900;1616600;1606600;1609900;1607600;1613200;1615400;1637800;1620500;1618800;1619300;1606300;1625200;1638700;1608700;1605000;1723600;1656600;1634900;1627400;1631200;1619000
119;2066000;1617100;1617400;1587500;1567900;1566300;1570700;1556200;2135000;1639100;1554400;1564300;1546900;1554800;1561500;1551400;1577600;1615100;1603500;3106500;1664000;1624600;1640700;1628800;1622700;1825900;1769000;1731200;1717400;1715800;1680400;1651100;1656400;1646300;1681200;1627100;1620000;1618000;1617900;1625000;1620600;1628000;1613700;1614800;1634400;1620800;1612100;1618600;1608600;1619500
117;1845700;1539900;1524400;1524900;1523200;1531500;1520300;2958300;1549300;1537300;1507700;1523300;1553500;1525500;1564800;1546700;1545000;1544400;1541600;1558500;1540100;1531200;1542100;1538300;1519000;1528700;1528700;1532400;1521200;1524600;1518900;1520600;1520200;1519400;1530600;1514600;1544100;1522400;1515000;1511700;1510700;1569500;1561200;1559400;1540700;1601100;1624800;1604300;2925500;1523300
115;1393800;1129300;1104800;1101600;1122100;1104300;1103900;1118900;1114800;1094100;1100800;1108600;1095900;1096400;1087700;1085300;1097500;1084500;1086900;1080700;1087000;1278800;1098300;1083100;1079300;1091700;1093400;1100900;1081100;1091000;1083700;1083500;1077800;1080400;1080400;1074400;1075600;1103100;1080800;1080300;1083300;1079200;1079900;1069300;1075800;1070500;1065200;1061100;1064000;1062200
113;2097700;1506800;1501400;1481800;1493500;1500800;1479500;1472600;1467600;1497100;1472100;1479800;1467200;1469400;1463300;1466000;1521600;1456000;1455000;1443300;1447500;1439600;1449400;1471700;1467200;1469400;1460700;1488700;1461800;1460200;1458500;1449600;1451100;1446900;1454100;1451100;1441400;1442000;1484700;1466100;1463400;1454900;1446000;1457700;1456400;1439000;1440600;1459100;1448200;1465100
111;2141000;1454500;1419000;1404300;1389600;1383100;1380100;1373800;1393700;1370400;1389300;1381400;1363600;1398300;1378000;1374100;1373200;1370200;1357300;1364900;1374800;1385500;1383400;1370200;1387400;1380000;1367600;1368400;1368800;1370800;1431900;1400200;1406000;1393300;1374000;1394000;1408100;1383300;1396700;1381800;1388100;1368000;1369900;1366900;1385700;1363700;1368100;1359200;1361400;1356400
109;1798100;1390800;1370700;1390000;1379600;1332900;1346200;1328000;1337600;1342500;1326700;1327600;1343100;1410000;1331600;1317100;1333600;1346500;1342900;1327900;1334600;1328600;1332900;1330300;1335900;1352900;1343300;1325600;1356500;1345800;1334500;1333000;1326500;1333800;1322100;1321800;1351100;1341700;1329500;1337000;1329500;1338900;1334300;1331600;1331400;1328600;1326900;1337600;1344200;1353100
107;1666400;1378300;1332900;1328400;1314100;1311100;1306200;1302000;1319100;1315900;1309400;1311000;1322100;1318400;1330100;1343900;2438800;1797200;1421100;1373800;1409600;1371000;1366500;1373300;1376400;1369100;1361300;1375100;1362700;1351600;1347000;1368900;1352300;1369500;1349600;1384100;1354000;1356200;1360100;1349700;1355700;1365500;1353300;1357600;1352700;1350900;1364200;1392100;1367700;1363200
105;1519900;1302500;1277400;1268000;1248800;1263300;1281200;1277400;1267800;1258600;1241000;1235200;1231200;1247100;1237600;1268600;1255900;1250800;1266500;1242900;1255100;1220100;1229100;1236700;1231300;1223900;1218900;1229800;1214600;1229300;1205700;1226900;1227900;1236800;1235900;1229500;1237500;1219500;1245000;1253400;2713500;1290600;1267400;1272200;1279400;1295700;1300400;1277800;1260000;1263000
103;1246600;1005800;964600;957900;940700;976600;935300;938300;925500;935300;935400;946500;929700;936100;928600;922500;924300;924600;929300;926200;921400;944800;928900;922300;928900;925800;920900;915700;924500;930200;925200;913500;920400;933300;911300;917000;921800;915200;929000;919300;919000;920900;913200;912200;916500;910200;910400;917300;910700;910100
